{"type":"FeatureCollection","name":"Sungai","crs":{"type":"name","properties":{"name":"urn:ogc:def:crs:OGC:1.3:CRS84"}},"features":[{"type":"Feature","properties":{"AREA":8965280.0,"PERIMETER":96476.81,"SUNGAI1_":2,"SUNGAI1_ID":4,"KETERANGAN":"Sungai"},"geometry":{"type":"Polygon","coordinates":[[[110.23037,-7.80837],[110.23117,-7.80809],[110.23143,-7.80833],[110.23188,-7.80866],[110.23202,-7.80886],[110.23245,-7.80954],[110.23256,-7.80982],[110.23263,-7.81],[110.2328,-7.81109],[110.23282,-7.81245],[110.23287,-7.8132],[110.2329,-7.81336],[110.23307,-7.8142],[110.23314,-7.8143],[110.23323,-7.8144],[110.23351,-7.81477],[110.23357,-7.81476],[110.2336,-7.81479],[110.23376,-7.81497],[110.23395,-7.81527],[110.2341,-7.8156],[110.23446,-7.81624],[110.2346,-7.81692],[110.23454,-7.81709],[110.23445,-7.81745],[110.23421,-7.81795],[110.23406,-7.81837],[110.23398,-7.81866],[110.234,-7.81888],[110.23398,-7.81934],[110.23389,-7.81994],[110.23388,-7.82047],[110.23392,-7.82088],[110.23399,-7.82146],[110.23397,-7.82159],[110.23396,-7.82164],[110.23395,-7.8217],[110.23395,-7.82173],[110.23398,-7.82218],[110.23401,-7.82238],[110.23403,-7.82247],[110.234,-7.82271],[110.234,-7.82297],[110.23404,-7.82305],[110.23414,-7.82322],[110.23416,-7.82332],[110.23414,-7.82348],[110.234,-7.82376],[110.23382,-7.82407],[110.23336,-7.82508],[110.23332,-7.82523],[110.23318,-7.82578],[110.23314,-7.82597],[110.23308,-7.82644],[110.23305,-7.8268],[110.23278,-7.82795],[110.2327,-7.82831],[110.23257,-7.82886],[110.23249,-7.82906],[110.23215,-7.82965],[110.23195,-7.82991],[110.23142,-7.83039],[110.23072,-7.83115],[110.23058,-7.8313],[110.23013,-7.83166],[110.23011,-7.83167],[110.22961,-7.83195],[110.2295,-7.83207],[110.22924,-7.8325],[110.22884,-7.83297],[110.2286,-7.83304],[110.22778,-7.83336],[110.22755,-7.83345],[110.22715,-7.83377],[110.22709,-7.8339],[110.22703,-7.83418],[110.227,-7.83445],[110.22692,-7.83458],[110.22675,-7.83473],[110.22637,-7.83488],[110.22585,-7.835],[110.22565,-7.83506],[110.22544,-7.8351],[110.22486,-7.83512],[110.22469,-7.83508],[110.22398,-7.83497],[110.22343,-7.83501],[110.22326,-7.83504],[110.22308,-7.83507],[110.22272,-7.83523],[110.22254,-7.83532],[110.22223,-7.8355],[110.22183,-7.83583],[110.22157,-7.83613],[110.2215,-7.83633],[110.2214,-7.83678],[110.22133,-7.83696],[110.22136,-7.83716],[110.22143,-7.83728],[110.22197,-7.83791],[110.2224,-7.83836],[110.22257,-7.83868],[110.2227,-7.83881],[110.22294,-7.83902],[110.22316,-7.83931],[110.22325,-7.83951],[110.22339,-7.83978],[110.22352,-7.83993],[110.22386,-7.84017],[110.224,-7.84026],[110.22424,-7.84043],[110.22496,-7.84092],[110.22523,-7.84102],[110.22544,-7.84112],[110.22557,-7.84124],[110.22565,-7.84139],[110.22578,-7.8416],[110.22584,-7.84166],[110.22622,-7.84186],[110.22646,-7.842],[110.22699,-7.84231],[110.22721,-7.84241],[110.22762,-7.84256],[110.22795,-7.84269],[110.22809,-7.84275],[110.22822,-7.8428],[110.22848,-7.84289],[110.22892,-7.84305],[110.22922,-7.84312],[110.22993,-7.84323],[110.23017,-7.84328],[110.23038,-7.84323],[110.23061,-7.84319],[110.23089,-7.84321],[110.23112,-7.84328],[110.23139,-7.84343],[110.23173,-7.8437],[110.23189,-7.84386],[110.23221,-7.84431],[110.23244,-7.84466],[110.23324,-7.8456],[110.2335,-7.84606],[110.23386,-7.84667],[110.2341,-7.84706],[110.23449,-7.84783],[110.2348,-7.84835],[110.235,-7.84871],[110.23573,-7.84991],[110.23582,-7.85006],[110.23643,-7.85087],[110.23651,-7.85111],[110.23654,-7.85114],[110.23694,-7.85157],[110.23745,-7.85214],[110.23763,-7.85225],[110.23791,-7.85244],[110.23843,-7.8528],[110.23952,-7.85345],[110.24002,-7.85376],[110.2406,-7.85406],[110.24085,-7.8542],[110.24131,-7.85461],[110.24249,-7.85561],[110.24297,-7.85597],[110.24322,-7.85616],[110.24328,-7.85622],[110.24371,-7.85657],[110.24396,-7.85675],[110.24435,-7.85715],[110.24473,-7.85752],[110.24515,-7.85787],[110.24531,-7.85801],[110.24555,-7.85825],[110.24594,-7.85858],[110.24644,-7.85901],[110.24703,-7.85948],[110.24796,-7.86013],[110.24805,-7.86016],[110.24812,-7.86015],[110.24816,-7.86009],[110.248,-7.85914],[110.24787,-7.85876],[110.24777,-7.8585],[110.24757,-7.85821],[110.24728,-7.85794],[110.24704,-7.85777],[110.24682,-7.85763],[110.24618,-7.85696],[110.24603,-7.85677],[110.24587,-7.85647],[110.24576,-7.856],[110.24575,-7.85584],[110.24581,-7.85568],[110.2462,-7.85517],[110.24631,-7.85499],[110.24634,-7.85486],[110.24629,-7.85475],[110.24617,-7.85461],[110.24591,-7.85446],[110.24572,-7.85438],[110.2456,-7.85434],[110.24539,-7.85432],[110.24509,-7.85421],[110.24493,-7.8541],[110.24484,-7.85394],[110.24481,-7.85355],[110.24484,-7.85334],[110.2449,-7.85325],[110.24507,-7.85315],[110.24512,-7.85313],[110.24528,-7.85307],[110.24544,-7.85294],[110.24548,-7.85285],[110.24545,-7.85277],[110.24534,-7.85242],[110.24531,-7.85212],[110.24539,-7.8519],[110.24559,-7.85161],[110.24563,-7.85153],[110.2456,-7.85138],[110.24553,-7.85124],[110.24544,-7.85109],[110.24541,-7.8508],[110.24563,-7.85053],[110.24566,-7.85044],[110.24556,-7.84999],[110.24551,-7.84987],[110.2454,-7.84962],[110.2453,-7.84937],[110.24526,-7.84919],[110.24526,-7.849],[110.24519,-7.84865],[110.24515,-7.84839],[110.24517,-7.84817],[110.24521,-7.84807],[110.24559,-7.84784],[110.24565,-7.84777],[110.24569,-7.84767],[110.24567,-7.84744],[110.24518,-7.84615],[110.24514,-7.84602],[110.24514,-7.84577],[110.24518,-7.84569],[110.24542,-7.84549],[110.24573,-7.84531],[110.24596,-7.84523],[110.2461,-7.84524],[110.2463,-7.84536],[110.24657,-7.84565],[110.24668,-7.84574],[110.24679,-7.84579],[110.24693,-7.84578],[110.24707,-7.84574],[110.24714,-7.84568],[110.2472,-7.84554],[110.24722,-7.84531],[110.24718,-7.84487],[110.2472,-7.84447],[110.24726,-7.84413],[110.24732,-7.84398],[110.24741,-7.84383],[110.24762,-7.8436],[110.24766,-7.8435],[110.24767,-7.84318],[110.2476,-7.84282],[110.24761,-7.84227],[110.24778,-7.84194],[110.24819,-7.841],[110.24823,-7.84087],[110.24822,-7.84072],[110.24809,-7.84047],[110.24782,-7.84005],[110.24778,-7.83996],[110.24794,-7.83954],[110.24812,-7.83916],[110.24831,-7.83876],[110.24835,-7.83861],[110.24841,-7.83841],[110.24846,-7.83823],[110.24884,-7.83772],[110.24897,-7.83756],[110.24923,-7.83722],[110.24949,-7.83672],[110.2498,-7.83587],[110.25,-7.83536],[110.25008,-7.83521],[110.25017,-7.83511],[110.25034,-7.83504],[110.25103,-7.835],[110.25133,-7.83486],[110.25157,-7.83463],[110.25167,-7.83451],[110.25176,-7.83438],[110.25179,-7.83425],[110.25178,-7.83417],[110.2515,-7.83397],[110.25117,-7.83377],[110.25075,-7.83357],[110.25059,-7.83349],[110.25045,-7.83348],[110.25016,-7.83361],[110.25,-7.83363],[110.24974,-7.83353],[110.24966,-7.83346],[110.24954,-7.83318],[110.24946,-7.83297],[110.24941,-7.83281],[110.24942,-7.83259],[110.24945,-7.83248],[110.24967,-7.83235],[110.24981,-7.8322],[110.2499,-7.83212],[110.24993,-7.8321],[110.24996,-7.83208],[110.24997,-7.83214],[110.24996,-7.83224],[110.24985,-7.83241],[110.24964,-7.83257],[110.2496,-7.8327],[110.24959,-7.8329],[110.24965,-7.83299],[110.24981,-7.83317],[110.24994,-7.8333],[110.25,-7.83331],[110.25005,-7.83331],[110.25066,-7.83333],[110.25082,-7.8334],[110.25177,-7.83396],[110.25192,-7.83414],[110.25192,-7.83424],[110.25187,-7.83437],[110.25168,-7.83463],[110.25128,-7.83508],[110.25119,-7.83513],[110.25101,-7.83513],[110.25065,-7.83515],[110.25036,-7.83521],[110.25021,-7.83533],[110.25008,-7.83549],[110.25001,-7.83565],[110.25,-7.83571],[110.24998,-7.83581],[110.24995,-7.83592],[110.24981,-7.83634],[110.24966,-7.83675],[110.24941,-7.83731],[110.24865,-7.83835],[110.24851,-7.83865],[110.24848,-7.8387],[110.24836,-7.83903],[110.2483,-7.83919],[110.24807,-7.8396],[110.248,-7.83979],[110.24803,-7.83993],[110.24812,-7.84019],[110.24827,-7.84046],[110.24844,-7.84075],[110.24842,-7.84084],[110.24833,-7.84106],[110.24835,-7.84121],[110.24835,-7.84134],[110.2483,-7.84146],[110.24815,-7.84164],[110.24803,-7.84181],[110.24775,-7.84234],[110.2477,-7.84253],[110.24771,-7.84272],[110.24776,-7.84287],[110.24785,-7.84315],[110.24788,-7.84344],[110.24784,-7.84357],[110.24774,-7.84377],[110.2476,-7.84393],[110.24748,-7.84409],[110.24745,-7.84414],[110.24737,-7.84432],[110.24734,-7.84454],[110.24732,-7.8457],[110.24722,-7.84582],[110.24715,-7.84582],[110.24691,-7.84585],[110.2467,-7.84583],[110.24641,-7.84575],[110.24609,-7.84562],[110.24576,-7.84551],[110.24549,-7.84556],[110.24541,-7.84563],[110.24531,-7.84588],[110.24534,-7.84616],[110.24551,-7.84663],[110.24566,-7.84703],[110.24579,-7.8475],[110.24578,-7.84769],[110.24574,-7.84784],[110.24545,-7.84834],[110.24536,-7.84852],[110.24537,-7.84863],[110.24544,-7.84895],[110.24558,-7.84934],[110.24568,-7.84965],[110.24579,-7.84995],[110.24584,-7.85017],[110.24583,-7.85037],[110.24575,-7.85057],[110.24564,-7.85081],[110.24563,-7.85095],[110.24566,-7.85115],[110.24571,-7.85169],[110.24559,-7.8519],[110.24544,-7.85226],[110.24544,-7.85244],[110.2455,-7.8526],[110.24557,-7.85265],[110.24567,-7.85283],[110.24564,-7.85295],[110.24551,-7.85308],[110.24518,-7.85339],[110.24505,-7.85356],[110.24501,-7.85371],[110.24503,-7.85384],[110.24509,-7.85396],[110.24519,-7.85405],[110.24555,-7.85414],[110.24611,-7.85432],[110.24633,-7.85444],[110.24645,-7.85457],[110.2465,-7.85467],[110.24651,-7.85482],[110.24643,-7.85503],[110.24628,-7.85526],[110.24604,-7.85556],[110.24597,-7.85568],[110.24593,-7.85584],[110.24593,-7.85606],[110.24604,-7.85633],[110.24647,-7.85689],[110.24667,-7.85713],[110.24743,-7.85771],[110.24765,-7.85791],[110.24788,-7.8582],[110.2481,-7.85859],[110.24816,-7.85883],[110.2483,-7.85953],[110.24844,-7.85997],[110.2486,-7.86024],[110.24874,-7.86034],[110.24885,-7.86042],[110.24906,-7.86053],[110.24932,-7.86063],[110.24974,-7.86073],[110.25,-7.86085],[110.25023,-7.86095],[110.25054,-7.86113],[110.25164,-7.86173],[110.25191,-7.86182],[110.25239,-7.86202],[110.25277,-7.86217],[110.25368,-7.86261],[110.25405,-7.86285],[110.25435,-7.86305],[110.25439,-7.86309],[110.25466,-7.86329],[110.25506,-7.86351],[110.2553,-7.86368],[110.25553,-7.86381],[110.25578,-7.86397],[110.25589,-7.86406],[110.25607,-7.86409],[110.25621,-7.86412],[110.25677,-7.86444],[110.25703,-7.86457],[110.25766,-7.86469],[110.25798,-7.8648],[110.25814,-7.86493],[110.25823,-7.86505],[110.25843,-7.86549],[110.25845,-7.86553],[110.25875,-7.86622],[110.25879,-7.86632],[110.25882,-7.86655],[110.25891,-7.86701],[110.25912,-7.86879],[110.25919,-7.86904],[110.2594,-7.86942],[110.26,-7.87014],[110.26021,-7.87044],[110.2603,-7.87055],[110.26039,-7.87062],[110.26044,-7.87071],[110.26059,-7.87097],[110.26067,-7.8712],[110.26075,-7.87141],[110.26094,-7.87171],[110.26114,-7.87214],[110.2612,-7.87225],[110.26134,-7.8723],[110.26147,-7.87236],[110.26158,-7.87245],[110.26181,-7.8728],[110.26241,-7.87377],[110.26267,-7.87435],[110.26335,-7.875],[110.26428,-7.8757],[110.26498,-7.87632],[110.26567,-7.87701],[110.26586,-7.87728],[110.26656,-7.87825],[110.26659,-7.8783],[110.26661,-7.87834],[110.26666,-7.87839],[110.26668,-7.87843],[110.26672,-7.87847],[110.26693,-7.8788],[110.26715,-7.87912],[110.26749,-7.87968],[110.26752,-7.87988],[110.26754,-7.88023],[110.26759,-7.88076],[110.26764,-7.88086],[110.26777,-7.88097],[110.26798,-7.88124],[110.26814,-7.88153],[110.26829,-7.88181],[110.26854,-7.88223],[110.26875,-7.88253],[110.26894,-7.88275],[110.26917,-7.88306],[110.26955,-7.8836],[110.26958,-7.88364],[110.27047,-7.88491],[110.27059,-7.88512],[110.27086,-7.88562],[110.27102,-7.88576],[110.27131,-7.886],[110.27147,-7.88611],[110.27155,-7.88623],[110.27177,-7.88644],[110.27181,-7.88649],[110.27231,-7.88696],[110.27268,-7.8873],[110.27326,-7.888],[110.2735,-7.88837],[110.27359,-7.88855],[110.27369,-7.88882],[110.27383,-7.8893],[110.2742,-7.89007],[110.27471,-7.89084],[110.27527,-7.89191],[110.27546,-7.89226],[110.27593,-7.89294],[110.276,-7.89318],[110.276,-7.89337],[110.276,-7.89518],[110.27592,-7.89644],[110.2759,-7.89657],[110.27587,-7.89688],[110.27584,-7.89708],[110.27581,-7.89715],[110.27578,-7.89756],[110.27568,-7.89902],[110.2756,-7.8995],[110.27551,-7.90002],[110.27549,-7.90051],[110.27546,-7.90102],[110.27533,-7.90219],[110.2752,-7.90281],[110.2751,-7.90325],[110.27491,-7.90417],[110.27477,-7.9049],[110.27474,-7.90519],[110.27475,-7.90557],[110.27488,-7.90708],[110.27496,-7.90733],[110.27514,-7.90811],[110.27539,-7.90922],[110.2754,-7.90929],[110.27543,-7.90932],[110.27559,-7.90932],[110.27588,-7.90923],[110.27591,-7.90922],[110.27667,-7.90896],[110.27678,-7.90893],[110.27707,-7.90893],[110.2774,-7.909],[110.27752,-7.90907],[110.27767,-7.90924],[110.27784,-7.90948],[110.27805,-7.90966],[110.27812,-7.90969],[110.27829,-7.90979],[110.27872,-7.90999],[110.27919,-7.91006],[110.28015,-7.91003],[110.28029,-7.90999],[110.28036,-7.90994],[110.2804,-7.90929],[110.28046,-7.90877],[110.28047,-7.90873],[110.28049,-7.90867],[110.28073,-7.90838],[110.28081,-7.90837],[110.28088,-7.90832],[110.28119,-7.90812],[110.28122,-7.90802],[110.28119,-7.90794],[110.2811,-7.90774],[110.28113,-7.90762],[110.2813,-7.90736],[110.2816,-7.90689],[110.28163,-7.9068],[110.28168,-7.90649],[110.28165,-7.90589],[110.2816,-7.90497],[110.28155,-7.90482],[110.28117,-7.90424],[110.2811,-7.90413],[110.28105,-7.90406],[110.28096,-7.90392],[110.28091,-7.90373],[110.2809,-7.90349],[110.28093,-7.90323],[110.28155,-7.90204],[110.28189,-7.90176],[110.28207,-7.90167],[110.2822,-7.90161],[110.28248,-7.90149],[110.28286,-7.90137],[110.28317,-7.90131],[110.28326,-7.90131],[110.28346,-7.9013],[110.28431,-7.90114],[110.28443,-7.90105],[110.28465,-7.90073],[110.28468,-7.90048],[110.28466,-7.90012],[110.28456,-7.89955],[110.28453,-7.89939],[110.28442,-7.89875],[110.28441,-7.89869],[110.28426,-7.89814],[110.28418,-7.89759],[110.28424,-7.89724],[110.28435,-7.89698],[110.28447,-7.89685],[110.28468,-7.89674],[110.28483,-7.89674],[110.28489,-7.89674],[110.28526,-7.89677],[110.28613,-7.89697],[110.2863,-7.89706],[110.28693,-7.8974],[110.28709,-7.89755],[110.28751,-7.89812],[110.28773,-7.8984],[110.288,-7.89868],[110.28841,-7.89916],[110.2886,-7.89939],[110.2888,-7.89961],[110.28897,-7.89975],[110.28904,-7.89981],[110.2894,-7.89999],[110.2897,-7.90009],[110.29001,-7.90012],[110.29031,-7.90014],[110.29038,-7.90015],[110.29109,-7.90014],[110.29141,-7.90006],[110.29215,-7.89977],[110.2925,-7.89947],[110.29276,-7.89926],[110.29339,-7.89899],[110.29361,-7.89893],[110.29384,-7.89883],[110.29423,-7.89877],[110.29464,-7.89874],[110.29567,-7.89845],[110.29632,-7.89819],[110.29645,-7.8982],[110.29664,-7.89818],[110.2967,-7.89816],[110.29708,-7.8982],[110.29742,-7.89835],[110.29772,-7.89856],[110.29795,-7.89875],[110.29807,-7.89887],[110.29823,-7.89901],[110.29846,-7.89912],[110.29874,-7.89922],[110.29895,-7.89925],[110.29952,-7.89923],[110.30007,-7.8992],[110.30019,-7.8992],[110.30093,-7.89916],[110.30115,-7.89908],[110.30125,-7.89901],[110.30135,-7.89885],[110.30141,-7.8987],[110.30142,-7.89856],[110.3014,-7.89777],[110.30136,-7.89723],[110.30139,-7.89692],[110.30146,-7.89662],[110.30154,-7.89645],[110.30168,-7.89634],[110.30201,-7.8962],[110.30209,-7.89618],[110.30233,-7.89612],[110.30278,-7.89607],[110.30304,-7.89604],[110.30341,-7.89602],[110.30392,-7.89601],[110.30473,-7.89605],[110.30558,-7.89609],[110.30561,-7.89608],[110.30598,-7.89594],[110.30626,-7.89573],[110.30663,-7.89538],[110.30691,-7.89489],[110.30693,-7.89485],[110.3071,-7.89462],[110.30749,-7.8939],[110.30777,-7.89346],[110.30812,-7.8929],[110.3085,-7.89215],[110.30879,-7.89172],[110.30891,-7.89156],[110.30899,-7.89134],[110.30911,-7.89102],[110.3092,-7.89092],[110.30941,-7.89075],[110.30942,-7.89068],[110.30947,-7.89064],[110.30967,-7.89044],[110.30982,-7.89032],[110.31074,-7.88927],[110.31096,-7.88875],[110.31105,-7.88854],[110.31107,-7.88851],[110.31113,-7.88831],[110.31115,-7.88798],[110.3111,-7.8877],[110.31101,-7.88741],[110.31095,-7.88717],[110.31092,-7.88708],[110.31081,-7.88682],[110.31056,-7.88637],[110.31044,-7.88605],[110.31041,-7.88584],[110.31038,-7.8852],[110.31039,-7.88499],[110.3104,-7.88465],[110.3105,-7.88445],[110.31061,-7.8842],[110.31069,-7.88372],[110.3107,-7.88367],[110.31072,-7.88352],[110.31077,-7.88345],[110.31082,-7.8834],[110.31096,-7.88338],[110.31154,-7.88317],[110.31173,-7.88307],[110.312,-7.88285],[110.3123,-7.8826],[110.31269,-7.88219],[110.31295,-7.88194],[110.31313,-7.88173],[110.31337,-7.8814],[110.31358,-7.88113],[110.31368,-7.88097],[110.31393,-7.88061],[110.31413,-7.88035],[110.31431,-7.88012],[110.31438,-7.87998],[110.31446,-7.87984],[110.31489,-7.87903],[110.31505,-7.87861],[110.31508,-7.87844],[110.31509,-7.87819],[110.3151,-7.87791],[110.31511,-7.8774],[110.31542,-7.87663],[110.31553,-7.8764],[110.31556,-7.8761],[110.31544,-7.87561],[110.31521,-7.87505],[110.3152,-7.875],[110.31516,-7.87491],[110.31516,-7.87476],[110.31519,-7.87464],[110.31523,-7.87452],[110.31531,-7.87435],[110.3154,-7.87429],[110.31589,-7.87394],[110.31615,-7.87386],[110.31679,-7.87386],[110.31697,-7.87384],[110.31714,-7.87378],[110.31728,-7.87363],[110.31733,-7.87353],[110.31731,-7.87321],[110.31717,-7.87232],[110.31714,-7.87195],[110.31718,-7.87152],[110.31724,-7.87122],[110.31734,-7.87093],[110.31745,-7.87073],[110.3176,-7.87059],[110.31778,-7.87049],[110.31847,-7.87046],[110.31877,-7.87044],[110.31912,-7.87032],[110.31929,-7.87021],[110.31963,-7.86976],[110.32002,-7.86865],[110.3204,-7.86789],[110.32053,-7.86754],[110.32068,-7.86683],[110.32107,-7.86555],[110.3215,-7.86444],[110.32155,-7.86445],[110.32155,-7.86463],[110.32152,-7.86474],[110.32135,-7.86531],[110.32084,-7.86704],[110.32066,-7.86776],[110.32056,-7.86792],[110.3202,-7.86846],[110.32016,-7.86869],[110.32001,-7.8695],[110.31984,-7.86981],[110.31952,-7.87018],[110.31914,-7.87049],[110.31885,-7.87062],[110.31862,-7.87064],[110.31854,-7.87062],[110.31831,-7.87062],[110.31811,-7.87063],[110.31791,-7.87067],[110.31779,-7.87075],[110.31764,-7.87092],[110.31744,-7.87125],[110.31735,-7.8717],[110.31732,-7.87201],[110.31729,-7.8723],[110.31731,-7.87261],[110.31737,-7.87279],[110.3175,-7.87339],[110.31753,-7.87359],[110.3175,-7.87374],[110.31741,-7.87388],[110.31719,-7.87398],[110.31638,-7.87406],[110.31609,-7.87408],[110.31592,-7.87411],[110.31573,-7.87424],[110.31548,-7.87451],[110.3154,-7.87467],[110.31538,-7.87487],[110.3154,-7.875],[110.31542,-7.87507],[110.31551,-7.8753],[110.31578,-7.87604],[110.31581,-7.87619],[110.31578,-7.8763],[110.31569,-7.87658],[110.3154,-7.8772],[110.31535,-7.87736],[110.31537,-7.8779],[110.31537,-7.87794],[110.31537,-7.87802],[110.31538,-7.87811],[110.31529,-7.87835],[110.31521,-7.87857],[110.31513,-7.87892],[110.31499,-7.87929],[110.31476,-7.8797],[110.31456,-7.88007],[110.31438,-7.88034],[110.31403,-7.88085],[110.31309,-7.88211],[110.31225,-7.88288],[110.31197,-7.88313],[110.31119,-7.88354],[110.31114,-7.88357],[110.31111,-7.88362],[110.3111,-7.88367],[110.31095,-7.88405],[110.31058,-7.88457],[110.31051,-7.88479],[110.31051,-7.88501],[110.31054,-7.88565],[110.31063,-7.88594],[110.31119,-7.88722],[110.31134,-7.88775],[110.31134,-7.88803],[110.31127,-7.88837],[110.31121,-7.88858],[110.31119,-7.88864],[110.3111,-7.88896],[110.31098,-7.88922],[110.31083,-7.88949],[110.31071,-7.88971],[110.3104,-7.89004],[110.31024,-7.89022],[110.31008,-7.89039],[110.30977,-7.89068],[110.30967,-7.89079],[110.30961,-7.89082],[110.30956,-7.89087],[110.30953,-7.89094],[110.3092,-7.89151],[110.30891,-7.89191],[110.30854,-7.89251],[110.3083,-7.89288],[110.30812,-7.89319],[110.30797,-7.89341],[110.30784,-7.8936],[110.30761,-7.89413],[110.307,-7.89503],[110.30684,-7.89535],[110.30674,-7.89551],[110.30667,-7.89564],[110.30637,-7.89593],[110.30633,-7.89597],[110.30606,-7.89612],[110.3059,-7.89618],[110.30574,-7.89624],[110.30557,-7.89627],[110.30535,-7.89626],[110.305,-7.89621],[110.30433,-7.89618],[110.30264,-7.89618],[110.30239,-7.89622],[110.30216,-7.8963],[110.30169,-7.89654],[110.30159,-7.89668],[110.30153,-7.89685],[110.30151,-7.89709],[110.30154,-7.89739],[110.30157,-7.8977],[110.30162,-7.898],[110.30163,-7.89823],[110.30164,-7.8987],[110.30147,-7.899],[110.3013,-7.89917],[110.30112,-7.89926],[110.30102,-7.89928],[110.30051,-7.89932],[110.29977,-7.89937],[110.29972,-7.89939],[110.29951,-7.89942],[110.29927,-7.89941],[110.2985,-7.89936],[110.29824,-7.89927],[110.29794,-7.89909],[110.29786,-7.89903],[110.29763,-7.89889],[110.29737,-7.89873],[110.29712,-7.89858],[110.29694,-7.89853],[110.29672,-7.89852],[110.29662,-7.89852],[110.29643,-7.89852],[110.29616,-7.89854],[110.29525,-7.89874],[110.29497,-7.89878],[110.29469,-7.89884],[110.29443,-7.89885],[110.29415,-7.89887],[110.29368,-7.89902],[110.29315,-7.89922],[110.29292,-7.89934],[110.29279,-7.89946],[110.29225,-7.8999],[110.29179,-7.90011],[110.29157,-7.90017],[110.2913,-7.90026],[110.29103,-7.90028],[110.29066,-7.90031],[110.29021,-7.9003],[110.28978,-7.90026],[110.28931,-7.90012],[110.28894,-7.89991],[110.28854,-7.8996],[110.28828,-7.89938],[110.28801,-7.8991],[110.28756,-7.89847],[110.28745,-7.89833],[110.2872,-7.89801],[110.28706,-7.8978],[110.28693,-7.89767],[110.28663,-7.89743],[110.28639,-7.89732],[110.28578,-7.89703],[110.28551,-7.89695],[110.28534,-7.89691],[110.28496,-7.89689],[110.28474,-7.89691],[110.28463,-7.89699],[110.28441,-7.89718],[110.28434,-7.89737],[110.28431,-7.89756],[110.28431,-7.89781],[110.28438,-7.89813],[110.28448,-7.8984],[110.28467,-7.89888],[110.2847,-7.89911],[110.28475,-7.89988],[110.28482,-7.90088],[110.28478,-7.90098],[110.28466,-7.90106],[110.28412,-7.90137],[110.28399,-7.90137],[110.28335,-7.90138],[110.28326,-7.90141],[110.28314,-7.90143],[110.28282,-7.90154],[110.28261,-7.90163],[110.28215,-7.90183],[110.28189,-7.90195],[110.28161,-7.90223],[110.28152,-7.90243],[110.28132,-7.9029],[110.2812,-7.90311],[110.28113,-7.90329],[110.28109,-7.90353],[110.28113,-7.90376],[110.28119,-7.90393],[110.28145,-7.9043],[110.28172,-7.90468],[110.2818,-7.90498],[110.28181,-7.9058],[110.28186,-7.90598],[110.28193,-7.9064],[110.28195,-7.90669],[110.28191,-7.90679],[110.28146,-7.90748],[110.28134,-7.9077],[110.28136,-7.90784],[110.2814,-7.90799],[110.2814,-7.9081],[110.28137,-7.90813],[110.28084,-7.90857],[110.28068,-7.90888],[110.28067,-7.90901],[110.28059,-7.90969],[110.28057,-7.90981],[110.28052,-7.90994],[110.28043,-7.91003],[110.28038,-7.91009],[110.28032,-7.91016],[110.28023,-7.91024],[110.27996,-7.91031],[110.27977,-7.91032],[110.27944,-7.91031],[110.27886,-7.91015],[110.2784,-7.91005],[110.27816,-7.90993],[110.27776,-7.90964],[110.2772,-7.90918],[110.27703,-7.90913],[110.27672,-7.90916],[110.27593,-7.90943],[110.27537,-7.90962],[110.27525,-7.90975],[110.27522,-7.90987],[110.27521,-7.91023],[110.27524,-7.91044],[110.27538,-7.91073],[110.2755,-7.91093],[110.27556,-7.91123],[110.27586,-7.91264],[110.27614,-7.91368],[110.27619,-7.91441],[110.27619,-7.91449],[110.27616,-7.91512],[110.27593,-7.91592],[110.27562,-7.91633],[110.27526,-7.9167],[110.27502,-7.91692],[110.27436,-7.91781],[110.27427,-7.91801],[110.27411,-7.91836],[110.27403,-7.91856],[110.27394,-7.91877],[110.27374,-7.91911],[110.27355,-7.91943],[110.27326,-7.91983],[110.2727,-7.92076],[110.27261,-7.92113],[110.27256,-7.92155],[110.27261,-7.92188],[110.27264,-7.92217],[110.2727,-7.92268],[110.27272,-7.92325],[110.27266,-7.92343],[110.27259,-7.9235],[110.27239,-7.92364],[110.27218,-7.92362],[110.27199,-7.92358],[110.27188,-7.92361],[110.27181,-7.92376],[110.27176,-7.92395],[110.2717,-7.92449],[110.2717,-7.92493],[110.27172,-7.92583],[110.27176,-7.92633],[110.2717,-7.9268],[110.27162,-7.92707],[110.27147,-7.92733],[110.27131,-7.92761],[110.27124,-7.92775],[110.27122,-7.92783],[110.27111,-7.92804],[110.27084,-7.92841],[110.27063,-7.92863],[110.27043,-7.92882],[110.27018,-7.92896],[110.26974,-7.92908],[110.26959,-7.92913],[110.26914,-7.92945],[110.26886,-7.92972],[110.2684,-7.93017],[110.26795,-7.93049],[110.26787,-7.93051],[110.2677,-7.93058],[110.26765,-7.93062],[110.26751,-7.93067],[110.26736,-7.93076],[110.26711,-7.93093],[110.2661,-7.93125],[110.26538,-7.93132],[110.26465,-7.93117],[110.2645,-7.93112],[110.26446,-7.93109],[110.2644,-7.93107],[110.26411,-7.93098],[110.26372,-7.93088],[110.26344,-7.9308],[110.26328,-7.93074],[110.26302,-7.93053],[110.26281,-7.93035],[110.26273,-7.93026],[110.26226,-7.92977],[110.2621,-7.92962],[110.26167,-7.92942],[110.2615,-7.92932],[110.26049,-7.92861],[110.26012,-7.92836],[110.25978,-7.92802],[110.25885,-7.92704],[110.25829,-7.92633],[110.25817,-7.9261],[110.25793,-7.92557],[110.25779,-7.92537],[110.25765,-7.92511],[110.25749,-7.9249],[110.25682,-7.92436],[110.2561,-7.92394],[110.25598,-7.92394],[110.25463,-7.9243],[110.25382,-7.92473],[110.25333,-7.92496],[110.25282,-7.92529],[110.25241,-7.92556],[110.25223,-7.9257],[110.25175,-7.92622],[110.25164,-7.92639],[110.25115,-7.9271],[110.25098,-7.92747],[110.25075,-7.92776],[110.25048,-7.92808],[110.25022,-7.92844],[110.2501,-7.92863],[110.25,-7.92873],[110.24997,-7.92876],[110.24982,-7.92897],[110.24954,-7.92946],[110.24923,-7.92962],[110.24904,-7.9298],[110.2488,-7.93006],[110.24866,-7.93022],[110.24845,-7.93031],[110.24803,-7.93034],[110.24777,-7.93049],[110.24759,-7.93069],[110.24744,-7.93097],[110.24728,-7.93144],[110.24718,-7.93171],[110.2471,-7.9321],[110.24701,-7.93262],[110.24692,-7.93284],[110.24673,-7.93331],[110.24661,-7.93356],[110.24658,-7.9336],[110.24653,-7.9336],[110.24632,-7.93364],[110.24625,-7.93377],[110.2462,-7.934],[110.24615,-7.93413],[110.24606,-7.93424],[110.24585,-7.93448],[110.24556,-7.93493],[110.24546,-7.93516],[110.24527,-7.93562],[110.24516,-7.93602],[110.24491,-7.93666],[110.24484,-7.93694],[110.24481,-7.93726],[110.24477,-7.93776],[110.24472,-7.93802],[110.24469,-7.93844],[110.24468,-7.93861],[110.24459,-7.93907],[110.24446,-7.93941],[110.24368,-7.94071],[110.24355,-7.9408],[110.24343,-7.94092],[110.24341,-7.94111],[110.24349,-7.9414],[110.24368,-7.94168],[110.24378,-7.94189],[110.24385,-7.94221],[110.24381,-7.94244],[110.24355,-7.94304],[110.24331,-7.94351],[110.24323,-7.94378],[110.24308,-7.94419],[110.24297,-7.94448],[110.24284,-7.94467],[110.24272,-7.94485],[110.24246,-7.94525],[110.24216,-7.94586],[110.2408,-7.9469],[110.24043,-7.94739],[110.2403,-7.94771],[110.24003,-7.94844],[110.23988,-7.94872],[110.23967,-7.94905],[110.23948,-7.94964],[110.23932,-7.95024],[110.23919,-7.95044],[110.23916,-7.95048],[110.23863,-7.95113],[110.23832,-7.95152],[110.23821,-7.95163],[110.23794,-7.95185],[110.23777,-7.9519],[110.23736,-7.95207],[110.23713,-7.95229],[110.23661,-7.9529],[110.23645,-7.95316],[110.23635,-7.95346],[110.23606,-7.95423],[110.23554,-7.95507],[110.23545,-7.95521],[110.23543,-7.9553],[110.23514,-7.95589],[110.2349,-7.95624],[110.23462,-7.95647],[110.2344,-7.95658],[110.23318,-7.95768],[110.23308,-7.95777],[110.23244,-7.95859],[110.23238,-7.95866],[110.23213,-7.95897],[110.23178,-7.95941],[110.23165,-7.95975],[110.23158,-7.95997],[110.23139,-7.96039],[110.23097,-7.96102],[110.23053,-7.96157],[110.23035,-7.96192],[110.23011,-7.96244],[110.22999,-7.96282],[110.22983,-7.96323],[110.22971,-7.96345],[110.22958,-7.96363],[110.22941,-7.96376],[110.22911,-7.96414],[110.22874,-7.96496],[110.22846,-7.96555],[110.22842,-7.96576],[110.22843,-7.966],[110.22844,-7.96619],[110.22837,-7.96641],[110.22822,-7.96668],[110.22785,-7.96714],[110.22714,-7.9679],[110.22701,-7.96811],[110.22685,-7.96849],[110.22642,-7.96942],[110.22628,-7.96968],[110.2261,-7.96989],[110.22598,-7.97007],[110.22577,-7.97056],[110.22566,-7.9708],[110.22545,-7.97115],[110.22439,-7.97261],[110.22401,-7.97297],[110.22376,-7.97311],[110.22312,-7.97348],[110.22286,-7.97356],[110.22261,-7.97363],[110.22239,-7.97374],[110.22205,-7.97395],[110.22181,-7.97417],[110.22153,-7.97449],[110.22096,-7.97523],[110.22064,-7.97557],[110.21958,-7.97668],[110.21923,-7.9771],[110.21808,-7.97823],[110.21779,-7.97864],[110.21769,-7.97872],[110.21751,-7.97888],[110.21653,-7.97983],[110.21601,-7.98012],[110.21574,-7.98024],[110.21537,-7.98038],[110.21505,-7.98058],[110.21444,-7.98105],[110.21387,-7.98144],[110.21333,-7.98191],[110.2131,-7.98205],[110.2124,-7.98249],[110.21216,-7.98269],[110.21182,-7.98284],[110.21155,-7.98289],[110.21128,-7.9829],[110.2111,-7.98294],[110.21077,-7.98307],[110.21042,-7.9833],[110.21013,-7.9835],[110.20933,-7.9839],[110.20917,-7.98395],[110.20899,-7.98397],[110.2086,-7.98398],[110.20822,-7.98406],[110.20814,-7.98416],[110.20814,-7.98421],[110.20791,-7.98423],[110.20776,-7.98419],[110.20687,-7.98374],[110.2067,-7.98369],[110.2065,-7.98363],[110.20646,-7.98356],[110.20638,-7.98339],[110.20613,-7.98311],[110.20583,-7.98292],[110.20553,-7.98278],[110.20434,-7.98207],[110.20391,-7.9818],[110.20369,-7.98168],[110.20361,-7.98157],[110.20336,-7.9813],[110.20332,-7.98132],[110.20327,-7.98143],[110.20328,-7.98153],[110.20336,-7.98168],[110.2034,-7.9818],[110.20342,-7.98199],[110.20341,-7.98217],[110.20334,-7.98227],[110.20316,-7.98242],[110.20314,-7.98245],[110.20314,-7.98253],[110.20318,-7.98265],[110.20318,-7.98273],[110.20317,-7.98286],[110.2024,-7.98217],[110.20257,-7.98214],[110.20289,-7.98206],[110.20296,-7.98198],[110.20298,-7.98189],[110.20296,-7.98179],[110.20285,-7.98168],[110.20276,-7.98162],[110.20263,-7.98142],[110.20254,-7.98113],[110.20253,-7.98109],[110.20236,-7.98085],[110.20234,-7.98064],[110.20222,-7.98046],[110.20207,-7.98032],[110.20189,-7.98023],[110.20168,-7.9802],[110.20162,-7.98022],[110.20143,-7.98032],[110.20131,-7.98031],[110.20116,-7.98032],[110.20097,-7.98027],[110.20085,-7.98023],[110.20075,-7.98028],[110.20061,-7.98032],[110.19986,-7.97985],[110.19972,-7.97978],[110.19964,-7.9797],[110.19949,-7.97939],[110.19927,-7.97909],[110.199,-7.97885],[110.19864,-7.97866],[110.19848,-7.97861],[110.19823,-7.9786],[110.19801,-7.97854],[110.1978,-7.97834],[110.19769,-7.97821],[110.1976,-7.97817],[110.19749,-7.97808],[110.19741,-7.97799],[110.19742,-7.97786],[110.19754,-7.97751],[110.19767,-7.97724],[110.19781,-7.97706],[110.1979,-7.977],[110.19827,-7.97691],[110.1984,-7.9769],[110.19907,-7.97719],[110.19938,-7.97734],[110.19993,-7.97765],[110.20004,-7.97775],[110.20024,-7.9779],[110.20078,-7.97836],[110.20091,-7.97846],[110.20097,-7.97847],[110.20107,-7.9785],[110.20119,-7.97858],[110.20175,-7.97898],[110.2021,-7.97918],[110.20224,-7.97926],[110.20284,-7.97956],[110.20313,-7.97969],[110.20375,-7.97983],[110.20386,-7.97989],[110.20405,-7.97997],[110.20416,-7.98006],[110.20427,-7.98011],[110.20499,-7.98013],[110.20556,-7.98017],[110.20592,-7.98015],[110.20617,-7.98013],[110.2063,-7.98011],[110.20648,-7.98004],[110.20681,-7.97974],[110.20674,-7.97967],[110.20648,-7.9794],[110.20513,-7.97819],[110.20499,-7.97807],[110.20493,-7.97803],[110.20473,-7.97784],[110.20419,-7.9773],[110.20328,-7.97639],[110.20289,-7.97603],[110.20287,-7.97601],[110.20274,-7.97588],[110.20265,-7.97579],[110.20257,-7.97572],[110.20235,-7.97552],[110.20203,-7.97521],[110.20237,-7.97504],[110.2024,-7.97507],[110.20314,-7.97577],[110.20327,-7.97588],[110.20345,-7.97605],[110.20354,-7.97615],[110.20371,-7.97634],[110.20433,-7.97691],[110.20464,-7.97719],[110.20525,-7.97778],[110.20534,-7.97788],[110.20545,-7.97803],[110.20607,-7.97867],[110.20625,-7.97888],[110.2067,-7.97932],[110.20716,-7.97953],[110.20731,-7.97954],[110.20739,-7.9795],[110.20796,-7.97921],[110.20801,-7.97919],[110.20822,-7.97911],[110.20843,-7.979],[110.20856,-7.97891],[110.20874,-7.97878],[110.21034,-7.97795],[110.21089,-7.97763],[110.21125,-7.97745],[110.2114,-7.97734],[110.2121,-7.97683],[110.2127,-7.97634],[110.21286,-7.97621],[110.21306,-7.97608],[110.21381,-7.97565],[110.21403,-7.97549],[110.21443,-7.97504],[110.21445,-7.97491],[110.21447,-7.97482],[110.21473,-7.97454],[110.21487,-7.97441],[110.21496,-7.97431],[110.21503,-7.9741],[110.21532,-7.9737],[110.21539,-7.97361],[110.21554,-7.97325],[110.21568,-7.97304],[110.21575,-7.97292],[110.21601,-7.97239],[110.21611,-7.97224],[110.21617,-7.97215],[110.21628,-7.97196],[110.21631,-7.97193],[110.21644,-7.97173],[110.21661,-7.97142],[110.21677,-7.97119],[110.21701,-7.97078],[110.21734,-7.97028],[110.21781,-7.96977],[110.21836,-7.96916],[110.21853,-7.96898],[110.21926,-7.96829],[110.21939,-7.96811],[110.22031,-7.96721],[110.22053,-7.96694],[110.22066,-7.96672],[110.22077,-7.96653],[110.22099,-7.96616],[110.22113,-7.96595],[110.22121,-7.96584],[110.22126,-7.96569],[110.22127,-7.96554],[110.22142,-7.96544],[110.22165,-7.96521],[110.22183,-7.96502],[110.22213,-7.96456],[110.22244,-7.96428],[110.22254,-7.96418],[110.22266,-7.96401],[110.22274,-7.96389],[110.22297,-7.96358],[110.22316,-7.96336],[110.22341,-7.96319],[110.2236,-7.96313],[110.22374,-7.96309],[110.22434,-7.96239],[110.22443,-7.96225],[110.22447,-7.96207],[110.22451,-7.96193],[110.2249,-7.96154],[110.22505,-7.96139],[110.22588,-7.96038],[110.22602,-7.96022],[110.22644,-7.95969],[110.22655,-7.95955],[110.2267,-7.95943],[110.22686,-7.95925],[110.22703,-7.95909],[110.22713,-7.959],[110.22742,-7.95872],[110.22774,-7.9585],[110.22787,-7.95837],[110.22804,-7.95816],[110.22812,-7.95803],[110.22828,-7.95786],[110.22843,-7.95772],[110.22991,-7.95669],[110.23004,-7.95659],[110.23021,-7.95645],[110.23036,-7.9563],[110.23064,-7.95574],[110.23068,-7.95557],[110.23068,-7.95554],[110.23088,-7.95524],[110.23098,-7.95507],[110.23111,-7.95484],[110.2312,-7.95467],[110.23132,-7.95441],[110.23137,-7.95419],[110.23137,-7.95403],[110.23134,-7.95351],[110.23135,-7.95345],[110.23146,-7.95328],[110.23149,-7.95322],[110.23162,-7.95295],[110.23192,-7.95266],[110.23222,-7.95208],[110.23237,-7.95188],[110.23258,-7.95169],[110.23272,-7.95166],[110.23288,-7.95152],[110.23298,-7.9514],[110.233,-7.95125],[110.23303,-7.95114],[110.23326,-7.95078],[110.23377,-7.95031],[110.23415,-7.94999],[110.2344,-7.94981],[110.2346,-7.94959],[110.23496,-7.94921],[110.23551,-7.94863],[110.23587,-7.94819],[110.23615,-7.94788],[110.23632,-7.94766],[110.23658,-7.94738],[110.23661,-7.94736],[110.23665,-7.94733],[110.23678,-7.94719],[110.23766,-7.94603],[110.23818,-7.94533],[110.23842,-7.94491],[110.23882,-7.94368],[110.23908,-7.94258],[110.23939,-7.94186],[110.2395,-7.94152],[110.23984,-7.94097],[110.23992,-7.94081],[110.24007,-7.94056],[110.24008,-7.94038],[110.24012,-7.94014],[110.24057,-7.93963],[110.24059,-7.93948],[110.24066,-7.93917],[110.24083,-7.93881],[110.24102,-7.9384],[110.24109,-7.93804],[110.24113,-7.93789],[110.24114,-7.93766],[110.24114,-7.93725],[110.24121,-7.93685],[110.24135,-7.93655],[110.24191,-7.93567],[110.24207,-7.93548],[110.24235,-7.93505],[110.24239,-7.93484],[110.24245,-7.93425],[110.24272,-7.93331],[110.24274,-7.93322],[110.24302,-7.93266],[110.24328,-7.93233],[110.24362,-7.93183],[110.24392,-7.93148],[110.2442,-7.93127],[110.24431,-7.93123],[110.24445,-7.93109],[110.24469,-7.93066],[110.24476,-7.93037],[110.24471,-7.93009],[110.24464,-7.9295],[110.24469,-7.9292],[110.2451,-7.9282],[110.24527,-7.92798],[110.24567,-7.92763],[110.24619,-7.92728],[110.24665,-7.92694],[110.24716,-7.92663],[110.24756,-7.92643],[110.24893,-7.92572],[110.24921,-7.9256],[110.25,-7.92511],[110.25016,-7.92501],[110.25067,-7.92458],[110.25112,-7.92433],[110.25208,-7.92393],[110.25269,-7.92371],[110.25306,-7.92349],[110.25328,-7.92346],[110.25356,-7.92348],[110.25387,-7.92346],[110.25415,-7.92333],[110.25438,-7.92313],[110.25455,-7.92298],[110.25486,-7.92294],[110.25508,-7.92279],[110.25514,-7.92276],[110.25518,-7.92273],[110.25523,-7.92272],[110.25545,-7.92271],[110.25587,-7.9227],[110.25603,-7.92264],[110.25643,-7.92242],[110.25688,-7.92247],[110.25716,-7.92253],[110.25748,-7.92261],[110.25761,-7.92269],[110.25768,-7.92272],[110.25778,-7.92276],[110.25797,-7.92294],[110.25828,-7.92322],[110.25864,-7.92357],[110.25895,-7.92383],[110.25946,-7.92411],[110.25955,-7.92414],[110.26012,-7.92443],[110.26119,-7.92517],[110.26168,-7.9257],[110.26235,-7.92626],[110.26261,-7.92648],[110.26274,-7.92656],[110.26313,-7.9268],[110.26328,-7.92687],[110.26347,-7.92681],[110.26361,-7.92678],[110.2639,-7.92676],[110.26413,-7.92674],[110.26437,-7.92671],[110.265,-7.92662],[110.26599,-7.92638],[110.26626,-7.92629],[110.26678,-7.92618],[110.26681,-7.92611],[110.26691,-7.92601],[110.26702,-7.92593],[110.26714,-7.92584],[110.26768,-7.92554],[110.26845,-7.92512],[110.26875,-7.92487],[110.26902,-7.92454],[110.26918,-7.92431],[110.26924,-7.92413],[110.26936,-7.9238],[110.26939,-7.92337],[110.26929,-7.92284],[110.26923,-7.92259],[110.26914,-7.92245],[110.26904,-7.92224],[110.26863,-7.9216],[110.2686,-7.92148],[110.26875,-7.92112],[110.26885,-7.92083],[110.26888,-7.92054],[110.26896,-7.9195],[110.26901,-7.91905],[110.26904,-7.9186],[110.26914,-7.91806],[110.26915,-7.91744],[110.26907,-7.91668],[110.26917,-7.9162],[110.26928,-7.91565],[110.26931,-7.91546],[110.26913,-7.91536],[110.26898,-7.91527],[110.26886,-7.91511],[110.26881,-7.91504],[110.26881,-7.91488],[110.26884,-7.91475],[110.26903,-7.91444],[110.26929,-7.91411],[110.2694,-7.91397],[110.26943,-7.91374],[110.26941,-7.91365],[110.26945,-7.91366],[110.26958,-7.91365],[110.26963,-7.91357],[110.26975,-7.91339],[110.26989,-7.91324],[110.27007,-7.91312],[110.27027,-7.9131],[110.27056,-7.91311],[110.27064,-7.91297],[110.27068,-7.91293],[110.27104,-7.91234],[110.27115,-7.91204],[110.27135,-7.91159],[110.27173,-7.91085],[110.2719,-7.91049],[110.27198,-7.91037],[110.27214,-7.90979],[110.2722,-7.90964],[110.27225,-7.90958],[110.27229,-7.90927],[110.27231,-7.90898],[110.27241,-7.9081],[110.27236,-7.90756],[110.27234,-7.90651],[110.27236,-7.90615],[110.27242,-7.90586],[110.2726,-7.90506],[110.27265,-7.90444],[110.27272,-7.90414],[110.27275,-7.90375],[110.27273,-7.90341],[110.27268,-7.90305],[110.27262,-7.90254],[110.27264,-7.90228],[110.27258,-7.90166],[110.27255,-7.90073],[110.27259,-7.89977],[110.27262,-7.89952],[110.27263,-7.89949],[110.27262,-7.89894],[110.27268,-7.89846],[110.27284,-7.89775],[110.27284,-7.89757],[110.27268,-7.89674],[110.27238,-7.89612],[110.27229,-7.89591],[110.27218,-7.89559],[110.2721,-7.89524],[110.27219,-7.89411],[110.27216,-7.89394],[110.27179,-7.89315],[110.27174,-7.89301],[110.27174,-7.89291],[110.27172,-7.89265],[110.27171,-7.89237],[110.2717,-7.89225],[110.27149,-7.89172],[110.2714,-7.89148],[110.27126,-7.89128],[110.27113,-7.89112],[110.27088,-7.89079],[110.27067,-7.89056],[110.27039,-7.89017],[110.26969,-7.88965],[110.26959,-7.88954],[110.26944,-7.88929],[110.269,-7.88848],[110.26841,-7.88703],[110.26837,-7.88694],[110.26812,-7.88675],[110.26775,-7.88652],[110.2673,-7.8863],[110.26715,-7.88623],[110.26707,-7.88616],[110.26682,-7.88563],[110.26681,-7.88554],[110.26693,-7.8852],[110.2669,-7.88508],[110.26669,-7.88494],[110.26642,-7.88462],[110.26608,-7.88395],[110.26595,-7.88363],[110.26593,-7.88359],[110.26568,-7.88309],[110.26562,-7.88299],[110.26541,-7.88256],[110.26522,-7.88224],[110.2651,-7.88205],[110.26481,-7.88164],[110.26461,-7.88119],[110.26451,-7.88086],[110.2644,-7.88047],[110.26435,-7.88034],[110.26433,-7.88027],[110.26421,-7.87986],[110.26393,-7.87937],[110.26383,-7.87925],[110.26357,-7.87907],[110.2627,-7.87861],[110.26252,-7.8785],[110.26228,-7.8783],[110.2621,-7.87801],[110.26188,-7.87751],[110.26176,-7.87716],[110.26173,-7.87703],[110.26167,-7.87689],[110.26137,-7.87667],[110.26116,-7.87659],[110.26087,-7.87657],[110.26047,-7.87636],[110.26027,-7.87622],[110.25985,-7.87592],[110.25969,-7.87573],[110.25942,-7.87551],[110.25905,-7.875],[110.25895,-7.87488],[110.25881,-7.87471],[110.2587,-7.87444],[110.25858,-7.87406],[110.25847,-7.87384],[110.25832,-7.8736],[110.25815,-7.87337],[110.25806,-7.87327],[110.25801,-7.87322],[110.25802,-7.87302],[110.25811,-7.87264],[110.25808,-7.87236],[110.25791,-7.87179],[110.25773,-7.87131],[110.25752,-7.87075],[110.25735,-7.8703],[110.25715,-7.86987],[110.25695,-7.8694],[110.25669,-7.86862],[110.2565,-7.86822],[110.2562,-7.86764],[110.25582,-7.86683],[110.25565,-7.86653],[110.25555,-7.86638],[110.25531,-7.86614],[110.25488,-7.8658],[110.25447,-7.86546],[110.25424,-7.8652],[110.25384,-7.86507],[110.25348,-7.86488],[110.25315,-7.86477],[110.25285,-7.86469],[110.25237,-7.86455],[110.25122,-7.86427],[110.25093,-7.8641],[110.2506,-7.8639],[110.25011,-7.86362],[110.25,-7.86357],[110.24975,-7.86345],[110.24932,-7.86335],[110.24917,-7.86333],[110.24903,-7.86324],[110.24891,-7.86305],[110.24881,-7.86285],[110.24866,-7.86271],[110.24869,-7.86268],[110.24884,-7.86248],[110.2489,-7.86224],[110.24887,-7.86203],[110.24871,-7.86176],[110.24855,-7.86161],[110.24827,-7.86134],[110.24808,-7.86118],[110.24779,-7.861],[110.24759,-7.86088],[110.24726,-7.86069],[110.2469,-7.86059],[110.24667,-7.86058],[110.24642,-7.86055],[110.2459,-7.86038],[110.24564,-7.8603],[110.24533,-7.86023],[110.24515,-7.86027],[110.24512,-7.86018],[110.2449,-7.85996],[110.2447,-7.85978],[110.24437,-7.85945],[110.24401,-7.85925],[110.24346,-7.85897],[110.24325,-7.85878],[110.24298,-7.85851],[110.24295,-7.85849],[110.2428,-7.85831],[110.24209,-7.85781],[110.24174,-7.85756],[110.24138,-7.85724],[110.24105,-7.85703],[110.24086,-7.85699],[110.24067,-7.85692],[110.24049,-7.85677],[110.24028,-7.85652],[110.24022,-7.85648],[110.24009,-7.85635],[110.23921,-7.85538],[110.23896,-7.85513],[110.23848,-7.85465],[110.23827,-7.85443],[110.23825,-7.8544],[110.23806,-7.85423],[110.23781,-7.854],[110.23758,-7.85385],[110.23753,-7.85383],[110.23723,-7.85366],[110.23703,-7.85358],[110.23689,-7.85348],[110.23679,-7.85338],[110.23628,-7.85279],[110.23616,-7.85267],[110.23607,-7.85259],[110.23599,-7.85251],[110.23588,-7.85246],[110.23581,-7.85244],[110.23571,-7.85242],[110.23551,-7.85234],[110.23534,-7.85231],[110.23505,-7.85216],[110.2349,-7.85204],[110.23473,-7.8518],[110.2347,-7.85174],[110.2348,-7.85164],[110.23431,-7.85049],[110.23415,-7.85018],[110.2338,-7.8493],[110.23379,-7.84926],[110.23363,-7.84871],[110.23354,-7.84848],[110.23331,-7.8479],[110.23307,-7.84726],[110.23266,-7.84648],[110.23238,-7.84606],[110.23235,-7.84602],[110.23179,-7.84573],[110.23148,-7.84556],[110.23124,-7.84541],[110.2309,-7.84515],[110.23075,-7.84498],[110.23055,-7.84477],[110.23026,-7.84458],[110.23,-7.84436],[110.22979,-7.84423],[110.22947,-7.84409],[110.22917,-7.84396],[110.22855,-7.8437],[110.22834,-7.84362],[110.22805,-7.84356],[110.22763,-7.84357],[110.22701,-7.84357],[110.22686,-7.84355],[110.2266,-7.84341],[110.22609,-7.84314],[110.22557,-7.84277],[110.22461,-7.84179],[110.2244,-7.8416],[110.22407,-7.8414],[110.22366,-7.84113],[110.22307,-7.8409],[110.22246,-7.84082],[110.22237,-7.8408],[110.2223,-7.84071],[110.22186,-7.83992],[110.22169,-7.83948],[110.22158,-7.839],[110.22122,-7.83799],[110.22102,-7.83754],[110.22066,-7.83678],[110.22058,-7.83655],[110.22055,-7.83615],[110.22057,-7.83596],[110.22084,-7.83544],[110.22091,-7.83536],[110.22114,-7.83502],[110.22124,-7.83485],[110.22136,-7.83468],[110.22141,-7.83467],[110.22149,-7.83469],[110.22169,-7.8347],[110.22194,-7.83463],[110.22211,-7.83456],[110.22351,-7.83424],[110.22432,-7.83401],[110.22465,-7.83388],[110.22512,-7.83387],[110.22539,-7.83384],[110.22579,-7.83367],[110.22602,-7.83354],[110.22619,-7.8334],[110.22644,-7.83322],[110.2269,-7.8329],[110.22751,-7.83231],[110.2276,-7.83219],[110.22785,-7.83191],[110.22799,-7.8317],[110.22808,-7.83147],[110.22835,-7.83118],[110.2289,-7.8306],[110.22961,-7.82969],[110.22974,-7.82949],[110.22985,-7.82933],[110.23001,-7.82914],[110.23027,-7.82875],[110.23032,-7.82865],[110.23045,-7.82839],[110.23054,-7.82821],[110.23064,-7.82809],[110.23107,-7.82764],[110.23132,-7.8273],[110.2315,-7.827],[110.23171,-7.82667],[110.23184,-7.82645],[110.23221,-7.82572],[110.23234,-7.82548],[110.23259,-7.82497],[110.23266,-7.82482],[110.23296,-7.82387],[110.23311,-7.82333],[110.23325,-7.82305],[110.2333,-7.82286],[110.23328,-7.82247],[110.23326,-7.82227],[110.23326,-7.82224],[110.23329,-7.82188],[110.23329,-7.82182],[110.23327,-7.82157],[110.23327,-7.8215],[110.2332,-7.82092],[110.23286,-7.81977],[110.23283,-7.81965],[110.23283,-7.81961],[110.2332,-7.81884],[110.23321,-7.8188],[110.23353,-7.8181],[110.2337,-7.81732],[110.23375,-7.81696],[110.23372,-7.81669],[110.23362,-7.8163],[110.23322,-7.81558],[110.23278,-7.81477],[110.23263,-7.81438],[110.23229,-7.81392],[110.23215,-7.81362],[110.23212,-7.81345],[110.23217,-7.81274],[110.23221,-7.81224],[110.23223,-7.81198],[110.23226,-7.81169],[110.2322,-7.81118],[110.23207,-7.81069],[110.2319,-7.81024],[110.23141,-7.80963],[110.23126,-7.80944],[110.23095,-7.80906],[110.23043,-7.80844],[110.23037,-7.80837]],[[110.24996,-7.86327],[110.24999,-7.86323],[110.24979,-7.86301],[110.2496,-7.86277],[110.24937,-7.86248],[110.24918,-7.86235],[110.24905,-7.86244],[110.24899,-7.86256],[110.24894,-7.86278],[110.24897,-7.8629],[110.24906,-7.86299],[110.24913,-7.86308],[110.24927,-7.86317],[110.24945,-7.86314],[110.24962,-7.86316],[110.24988,-7.86327],[110.24996,-7.86327]],[[110.27453,-7.91523],[110.27459,-7.9152],[110.27466,-7.91508],[110.27479,-7.91483],[110.27484,-7.91478],[110.27489,-7.91432],[110.27488,-7.91413],[110.27485,-7.91385],[110.2748,-7.91385],[110.27473,-7.91396],[110.27464,-7.91409],[110.27448,-7.91439],[110.27442,-7.91467],[110.27445,-7.9151],[110.27447,-7.91518],[110.27453,-7.91523]],[[110.27185,-7.91951],[110.272,-7.9193],[110.27231,-7.9189],[110.2726,-7.9184],[110.27285,-7.9177],[110.27295,-7.91731],[110.27319,-7.91656],[110.27332,-7.9153],[110.27353,-7.91424],[110.27376,-7.91374],[110.27404,-7.91318],[110.27421,-7.91261],[110.27419,-7.91203],[110.27401,-7.91137],[110.27391,-7.91102],[110.27374,-7.91067],[110.27356,-7.91057],[110.27354,-7.91061],[110.27344,-7.91082],[110.27331,-7.91109],[110.27305,-7.91187],[110.27287,-7.91244],[110.27273,-7.9131],[110.27266,-7.91353],[110.27243,-7.91486],[110.27233,-7.91523],[110.27222,-7.91581],[110.27215,-7.91596],[110.27169,-7.91657],[110.27152,-7.91699],[110.27145,-7.91733],[110.27145,-7.91769],[110.27152,-7.91794],[110.27159,-7.91817],[110.27171,-7.91878],[110.27185,-7.91951]],[[110.27018,-7.92142],[110.27029,-7.92129],[110.27041,-7.92107],[110.27047,-7.92092],[110.2705,-7.92064],[110.27048,-7.92048],[110.27044,-7.9204],[110.27038,-7.92033],[110.27029,-7.92052],[110.27021,-7.92082],[110.27011,-7.92134],[110.27011,-7.92139],[110.27018,-7.92142]],[[110.2702,-7.92653],[110.27062,-7.92636],[110.271,-7.92602],[110.27109,-7.92587],[110.27112,-7.92523],[110.27104,-7.92517],[110.27097,-7.92516],[110.27087,-7.92526],[110.27064,-7.92548],[110.27031,-7.92593],[110.27019,-7.92647],[110.2702,-7.92653]],[[110.22468,-7.96384],[110.22482,-7.96383],[110.22499,-7.96368],[110.22548,-7.96322],[110.22574,-7.96308],[110.22587,-7.963],[110.22652,-7.96234],[110.2269,-7.96187],[110.22702,-7.96169],[110.22707,-7.96152],[110.22712,-7.9613],[110.22764,-7.96045],[110.22767,-7.96036],[110.22766,-7.96031],[110.22759,-7.96029],[110.2274,-7.96041],[110.22681,-7.96108],[110.22658,-7.96138],[110.22603,-7.96202],[110.22564,-7.96243],[110.22548,-7.96263],[110.22539,-7.96275],[110.22525,-7.96288],[110.22511,-7.96301],[110.2249,-7.96323],[110.22485,-7.96328],[110.22476,-7.96349],[110.22465,-7.96372],[110.22463,-7.96379],[110.22468,-7.96384]],[[110.22334,-7.96635],[110.2234,-7.96633],[110.22395,-7.96608],[110.22409,-7.96592],[110.22439,-7.96555],[110.2246,-7.96529],[110.22467,-7.96513],[110.22447,-7.96518],[110.22433,-7.96526],[110.22402,-7.96548],[110.22388,-7.96565],[110.22363,-7.96593],[110.22341,-7.96614],[110.22334,-7.96626],[110.22333,-7.9663],[110.22334,-7.96635]],[[110.22314,-7.97132],[110.22385,-7.97077],[110.22401,-7.97065],[110.22427,-7.9705],[110.22445,-7.97034],[110.22461,-7.9701],[110.22476,-7.96985],[110.22491,-7.96962],[110.225,-7.9694],[110.22499,-7.96898],[110.22502,-7.96887],[110.22523,-7.96855],[110.22537,-7.96832],[110.22566,-7.96787],[110.22577,-7.96764],[110.22585,-7.96745],[110.226,-7.96713],[110.22605,-7.96702],[110.22613,-7.96691],[110.22614,-7.96684],[110.2261,-7.9668],[110.22595,-7.96688],[110.22566,-7.96709],[110.22548,-7.96721],[110.22519,-7.96747],[110.22502,-7.96762],[110.22489,-7.96778],[110.22474,-7.96802],[110.22467,-7.96815],[110.22442,-7.96864],[110.22416,-7.96933],[110.22411,-7.96945],[110.22398,-7.96959],[110.22353,-7.97],[110.2234,-7.9702],[110.22334,-7.97033],[110.22327,-7.97056],[110.22302,-7.97096],[110.22295,-7.97109],[110.22292,-7.97123],[110.22293,-7.97129],[110.22298,-7.97132],[110.22314,-7.97132]],[[110.21971,-7.97311],[110.21992,-7.97303],[110.22029,-7.9728],[110.22045,-7.97266],[110.22071,-7.97216],[110.22113,-7.97167],[110.22158,-7.97099],[110.2219,-7.97059],[110.22234,-7.96972],[110.22256,-7.96935],[110.22316,-7.96863],[110.22354,-7.96811],[110.22373,-7.96793],[110.22389,-7.96781],[110.22403,-7.96766],[110.22436,-7.96722],[110.22474,-7.96671],[110.22521,-7.96617],[110.22551,-7.96598],[110.22584,-7.96577],[110.22593,-7.96572],[110.22606,-7.96541],[110.22615,-7.96526],[110.22647,-7.96496],[110.2267,-7.96472],[110.22692,-7.96446],[110.22717,-7.96409],[110.22728,-7.96383],[110.22731,-7.96367],[110.22728,-7.96348],[110.22724,-7.96338],[110.22711,-7.96341],[110.22708,-7.96342],[110.22683,-7.96352],[110.22623,-7.96396],[110.22598,-7.96416],[110.22517,-7.96517],[110.22432,-7.96625],[110.2242,-7.9664],[110.2235,-7.96706],[110.22335,-7.96721],[110.22298,-7.96737],[110.22259,-7.9675],[110.22245,-7.96759],[110.22227,-7.96778],[110.22118,-7.96921],[110.22105,-7.96941],[110.22086,-7.96965],[110.22068,-7.96986],[110.22025,-7.97071],[110.22006,-7.97119],[110.21997,-7.97149],[110.21986,-7.97189],[110.21971,-7.97257],[110.21967,-7.97287],[110.21967,-7.97302],[110.21971,-7.97311]]]}},{"type":"Feature","properties":{"AREA":470647.9,"PERIMETER":22170.05,"SUNGAI1_":3,"SUNGAI1_ID":4,"KETERANGAN":"Sungai"},"geometry":{"type":"Polygon","coordinates":[[[110.45589,-7.81896],[110.45592,-7.81908],[110.45588,-7.81908],[110.4556,-7.81916],[110.45545,-7.81926],[110.45503,-7.81953],[110.45501,-7.81958],[110.45472,-7.81978],[110.45417,-7.82024],[110.45413,-7.82027],[110.454,-7.82037],[110.45381,-7.82054],[110.45369,-7.82067],[110.45366,-7.82072],[110.4534,-7.82093],[110.45316,-7.82131],[110.45304,-7.82173],[110.453,-7.82195],[110.45297,-7.82216],[110.45289,-7.82251],[110.45286,-7.82277],[110.45287,-7.82295],[110.45284,-7.82335],[110.45279,-7.82438],[110.45271,-7.82618],[110.45269,-7.82674],[110.45267,-7.82722],[110.45265,-7.8281],[110.45252,-7.82892],[110.4525,-7.82901],[110.45244,-7.82928],[110.45241,-7.82943],[110.45225,-7.83019],[110.45223,-7.83073],[110.45212,-7.83124],[110.45175,-7.83265],[110.45173,-7.83331],[110.45181,-7.83356],[110.45186,-7.83375],[110.45192,-7.83402],[110.45196,-7.83439],[110.45193,-7.83473],[110.45185,-7.83491],[110.45167,-7.83531],[110.45134,-7.83607],[110.45127,-7.83645],[110.45128,-7.83694],[110.45149,-7.83804],[110.45146,-7.83824],[110.45137,-7.83839],[110.45087,-7.83904],[110.45058,-7.83932],[110.45019,-7.83966],[110.44988,-7.84002],[110.44976,-7.84022],[110.44967,-7.84049],[110.4497,-7.84058],[110.44978,-7.84063],[110.44992,-7.84064],[110.45035,-7.8406],[110.45111,-7.84055],[110.45237,-7.84032],[110.45284,-7.84034],[110.45374,-7.84046],[110.45412,-7.84044],[110.45447,-7.84038],[110.45522,-7.84029],[110.45549,-7.84022],[110.45586,-7.84008],[110.45643,-7.8398],[110.45721,-7.8392],[110.45737,-7.83904],[110.45754,-7.83873],[110.45758,-7.83854],[110.45763,-7.83816],[110.45766,-7.83786],[110.45768,-7.83746],[110.45772,-7.83668],[110.45769,-7.83644],[110.45766,-7.83629],[110.45752,-7.83558],[110.45743,-7.83536],[110.45736,-7.83504],[110.45741,-7.83475],[110.45756,-7.83444],[110.45784,-7.83416],[110.4581,-7.83406],[110.4583,-7.834],[110.45869,-7.83393],[110.459,-7.83373],[110.45893,-7.83361],[110.45885,-7.83357],[110.45866,-7.83352],[110.45844,-7.83347],[110.45837,-7.8334],[110.45835,-7.83331],[110.45838,-7.8332],[110.4585,-7.833],[110.45861,-7.83289],[110.45883,-7.83275],[110.45915,-7.83261],[110.45953,-7.83249],[110.46001,-7.83243],[110.46033,-7.83246],[110.46053,-7.83252],[110.46059,-7.83261],[110.4608,-7.83322],[110.46091,-7.83355],[110.46098,-7.8337],[110.4611,-7.83379],[110.46126,-7.83385],[110.46159,-7.83393],[110.4621,-7.83417],[110.46216,-7.83428],[110.46233,-7.83472],[110.46238,-7.83494],[110.46239,-7.83515],[110.46235,-7.83555],[110.46228,-7.83577],[110.46221,-7.83582],[110.46218,-7.83591],[110.46202,-7.83618],[110.46186,-7.83648],[110.46177,-7.83666],[110.4617,-7.83698],[110.46174,-7.8372],[110.46187,-7.83734],[110.46207,-7.83759],[110.46218,-7.83774],[110.46235,-7.83805],[110.46236,-7.83817],[110.46237,-7.8384],[110.46246,-7.83851],[110.46271,-7.83872],[110.46313,-7.83907],[110.46317,-7.83918],[110.46315,-7.83937],[110.46303,-7.83978],[110.46301,-7.83985],[110.46284,-7.84023],[110.46288,-7.84032],[110.46299,-7.84043],[110.46336,-7.84067],[110.46432,-7.84074],[110.46466,-7.84082],[110.46493,-7.84087],[110.46562,-7.84103],[110.46613,-7.84124],[110.46639,-7.8412],[110.46691,-7.84109],[110.46714,-7.84103],[110.46734,-7.84094],[110.46747,-7.84081],[110.46791,-7.84035],[110.46803,-7.84031],[110.46824,-7.84032],[110.46837,-7.84036],[110.46899,-7.84072],[110.4692,-7.84081],[110.46934,-7.84081],[110.46948,-7.84077],[110.46963,-7.84075],[110.46978,-7.84079],[110.47026,-7.84093],[110.47049,-7.84101],[110.47064,-7.84111],[110.47076,-7.84124],[110.4708,-7.8413],[110.47096,-7.84151],[110.47109,-7.84156],[110.47131,-7.84158],[110.47135,-7.84157],[110.47155,-7.84155],[110.47177,-7.84156],[110.47195,-7.84161],[110.4722,-7.84173],[110.47226,-7.84183],[110.47234,-7.8421],[110.47243,-7.84246],[110.47255,-7.84257],[110.47286,-7.84276],[110.47303,-7.84281],[110.47326,-7.84288],[110.47338,-7.84289],[110.47354,-7.84285],[110.47381,-7.8427],[110.47416,-7.84227],[110.47424,-7.84201],[110.47433,-7.84172],[110.47476,-7.84139],[110.47497,-7.84129],[110.47511,-7.84123],[110.47514,-7.84121],[110.4753,-7.84108],[110.47542,-7.84097],[110.47591,-7.84048],[110.47593,-7.84031],[110.47595,-7.8396],[110.47603,-7.83948],[110.4762,-7.83935],[110.47639,-7.83931],[110.47652,-7.83932],[110.47663,-7.83941],[110.47678,-7.83957],[110.47696,-7.8398],[110.47709,-7.83975],[110.47723,-7.83962],[110.47732,-7.8395],[110.47742,-7.83905],[110.47745,-7.83893],[110.47748,-7.83882],[110.47753,-7.83865],[110.47754,-7.8386],[110.47757,-7.83839],[110.4778,-7.83807],[110.47819,-7.83779],[110.47831,-7.83767],[110.47843,-7.83753],[110.47847,-7.83747],[110.47845,-7.83765],[110.47843,-7.83769],[110.47837,-7.83777],[110.4783,-7.83783],[110.47798,-7.83812],[110.47783,-7.83824],[110.47768,-7.83846],[110.47765,-7.83862],[110.47759,-7.83898],[110.47756,-7.83914],[110.47746,-7.83934],[110.4774,-7.83945],[110.47714,-7.83991],[110.47704,-7.83996],[110.47695,-7.83993],[110.47682,-7.83982],[110.4764,-7.83946],[110.47629,-7.83944],[110.47617,-7.83948],[110.4761,-7.83958],[110.47608,-7.83968],[110.47611,-7.83992],[110.47615,-7.84013],[110.47613,-7.84035],[110.47605,-7.84058],[110.47591,-7.84073],[110.47587,-7.84073],[110.4758,-7.84083],[110.47568,-7.84089],[110.47548,-7.84101],[110.47503,-7.84138],[110.47478,-7.84158],[110.47454,-7.84186],[110.47446,-7.84207],[110.47443,-7.84216],[110.47436,-7.84227],[110.47403,-7.84265],[110.47374,-7.8429],[110.47339,-7.84309],[110.47321,-7.84307],[110.47238,-7.84272],[110.47232,-7.84262],[110.47228,-7.84239],[110.47219,-7.84202],[110.47207,-7.84182],[110.47194,-7.84173],[110.47183,-7.84172],[110.47155,-7.84175],[110.47131,-7.84177],[110.47103,-7.84171],[110.47083,-7.8416],[110.47062,-7.84143],[110.47044,-7.84132],[110.47016,-7.84123],[110.46991,-7.84112],[110.46971,-7.84105],[110.46909,-7.84089],[110.46863,-7.84064],[110.46833,-7.84046],[110.46817,-7.84048],[110.46806,-7.84054],[110.46768,-7.84086],[110.46742,-7.8411],[110.46726,-7.84118],[110.46676,-7.84126],[110.46631,-7.84154],[110.46622,-7.84151],[110.46563,-7.84122],[110.46536,-7.84113],[110.46482,-7.84103],[110.46414,-7.84089],[110.46329,-7.84079],[110.46279,-7.84043],[110.46277,-7.84038],[110.46276,-7.83994],[110.46284,-7.8398],[110.46286,-7.83976],[110.46302,-7.83943],[110.46305,-7.83916],[110.463,-7.83904],[110.46293,-7.83896],[110.46276,-7.83889],[110.46257,-7.83878],[110.46244,-7.83868],[110.46236,-7.83862],[110.46225,-7.83847],[110.46222,-7.83835],[110.46221,-7.83801],[110.46216,-7.83786],[110.46196,-7.83761],[110.4616,-7.83721],[110.46159,-7.83715],[110.46157,-7.837],[110.46161,-7.83679],[110.46171,-7.83657],[110.46187,-7.8362],[110.46195,-7.83601],[110.46215,-7.83569],[110.46224,-7.8355],[110.46233,-7.83525],[110.46232,-7.83494],[110.46221,-7.83459],[110.46202,-7.83422],[110.46189,-7.83419],[110.46166,-7.8342],[110.46132,-7.8342],[110.46113,-7.83416],[110.46102,-7.8341],[110.46091,-7.83396],[110.46076,-7.83352],[110.46057,-7.83297],[110.46038,-7.83268],[110.46021,-7.83256],[110.46009,-7.83253],[110.45986,-7.83257],[110.45973,-7.8326],[110.4593,-7.83273],[110.45882,-7.83285],[110.45867,-7.83297],[110.45854,-7.83313],[110.45855,-7.83322],[110.45861,-7.83333],[110.45871,-7.83337],[110.45903,-7.8335],[110.45916,-7.83361],[110.45918,-7.83371],[110.45915,-7.83385],[110.45907,-7.83391],[110.45882,-7.83403],[110.45824,-7.83426],[110.45812,-7.83438],[110.45764,-7.8351],[110.4576,-7.83528],[110.45764,-7.83548],[110.45768,-7.83577],[110.45774,-7.83614],[110.45783,-7.83658],[110.45788,-7.83742],[110.45782,-7.83831],[110.45771,-7.8387],[110.45759,-7.83891],[110.4573,-7.8393],[110.45703,-7.83956],[110.45641,-7.8401],[110.4562,-7.84019],[110.45582,-7.84033],[110.45559,-7.84042],[110.45446,-7.84061],[110.45331,-7.84059],[110.4527,-7.84052],[110.45238,-7.84052],[110.45208,-7.84059],[110.45168,-7.8407],[110.4514,-7.84071],[110.4505,-7.84075],[110.4504,-7.84077],[110.45031,-7.84077],[110.44967,-7.84085],[110.44943,-7.84091],[110.4493,-7.841],[110.44875,-7.84151],[110.44849,-7.84171],[110.44831,-7.84176],[110.4479,-7.84175],[110.44778,-7.84174],[110.44698,-7.84168],[110.44685,-7.84169],[110.44589,-7.84173],[110.44575,-7.84181],[110.4456,-7.84196],[110.44547,-7.84219],[110.44535,-7.8425],[110.4453,-7.84259],[110.44497,-7.8425],[110.44493,-7.84262],[110.44458,-7.84322],[110.44427,-7.84369],[110.44367,-7.84461],[110.44287,-7.84603],[110.44251,-7.84662],[110.4423,-7.84686],[110.44213,-7.84695],[110.44196,-7.84697],[110.44166,-7.84702],[110.44145,-7.84704],[110.44112,-7.84702],[110.44074,-7.84691],[110.4403,-7.84679],[110.44011,-7.84682],[110.44007,-7.84684],[110.43988,-7.84693],[110.43963,-7.84712],[110.4392,-7.84718],[110.43866,-7.84718],[110.4386,-7.84716],[110.43848,-7.84713],[110.43834,-7.84702],[110.43824,-7.84689],[110.43818,-7.84675],[110.43815,-7.84641],[110.4381,-7.84614],[110.43799,-7.84589],[110.43786,-7.84577],[110.43769,-7.84568],[110.43763,-7.84566],[110.43752,-7.84561],[110.43679,-7.84564],[110.43656,-7.84576],[110.43633,-7.84594],[110.4358,-7.84645],[110.43556,-7.84669],[110.43533,-7.84689],[110.43514,-7.8471],[110.43496,-7.84737],[110.43484,-7.84765],[110.43478,-7.84786],[110.4346,-7.8486],[110.43436,-7.84879],[110.43421,-7.84884],[110.43364,-7.84899],[110.43357,-7.84907],[110.43354,-7.84923],[110.43352,-7.84951],[110.43348,-7.85015],[110.43341,-7.85045],[110.43333,-7.85058],[110.43318,-7.85073],[110.43306,-7.85082],[110.43284,-7.85099],[110.43265,-7.85109],[110.43245,-7.85112],[110.4321,-7.85116],[110.43177,-7.85122],[110.43123,-7.85126],[110.43095,-7.85133],[110.43078,-7.85143],[110.4302,-7.85181],[110.42984,-7.85202],[110.42982,-7.85183],[110.42974,-7.85162],[110.42985,-7.85157],[110.43036,-7.85133],[110.43055,-7.85123],[110.43073,-7.85108],[110.43082,-7.85095],[110.43088,-7.85076],[110.4309,-7.8506],[110.43105,-7.84997],[110.43111,-7.84963],[110.43119,-7.84919],[110.43127,-7.84894],[110.43132,-7.84884],[110.43192,-7.8489],[110.43212,-7.84896],[110.43232,-7.84905],[110.4324,-7.84907],[110.43249,-7.84871],[110.43252,-7.84839],[110.43251,-7.84821],[110.43238,-7.84784],[110.43233,-7.84768],[110.43233,-7.84757],[110.43239,-7.84744],[110.43261,-7.84725],[110.4328,-7.84716],[110.43306,-7.84711],[110.43311,-7.84711],[110.43472,-7.84706],[110.43487,-7.84705],[110.43495,-7.847],[110.43499,-7.8468],[110.43503,-7.84655],[110.43514,-7.84638],[110.43549,-7.84611],[110.43573,-7.84597],[110.43599,-7.84575],[110.4363,-7.84555],[110.4367,-7.84528],[110.43697,-7.84507],[110.43708,-7.84499],[110.43723,-7.84457],[110.43733,-7.84429],[110.4374,-7.8442],[110.43756,-7.8441],[110.43772,-7.84408],[110.4379,-7.84417],[110.43811,-7.84427],[110.43868,-7.8445],[110.43917,-7.8447],[110.43926,-7.84474],[110.44016,-7.84501],[110.44099,-7.84527],[110.44114,-7.84531],[110.44123,-7.84533],[110.44147,-7.84544],[110.44171,-7.84561],[110.44188,-7.84568],[110.44199,-7.84568],[110.4421,-7.84563],[110.44237,-7.84533],[110.44267,-7.84485],[110.44281,-7.84465],[110.44297,-7.84439],[110.44313,-7.84413],[110.44332,-7.84388],[110.44352,-7.84361],[110.44383,-7.84315],[110.44396,-7.84296],[110.44398,-7.84264],[110.44413,-7.84244],[110.44421,-7.84243],[110.44472,-7.84235],[110.44491,-7.84208],[110.44517,-7.84166],[110.44555,-7.84132],[110.44568,-7.84123],[110.44593,-7.84119],[110.44622,-7.84119],[110.44767,-7.84148],[110.44787,-7.84151],[110.4481,-7.84149],[110.44836,-7.8414],[110.44876,-7.8411],[110.44913,-7.84075],[110.44936,-7.84047],[110.44976,-7.8399],[110.44979,-7.83988],[110.45016,-7.83943],[110.45049,-7.83907],[110.45093,-7.83861],[110.4511,-7.83848],[110.45123,-7.8384],[110.4513,-7.83829],[110.45133,-7.83806],[110.45127,-7.83777],[110.45113,-7.83722],[110.4511,-7.83688],[110.45113,-7.83628],[110.45144,-7.83541],[110.45164,-7.83511],[110.45178,-7.83476],[110.45181,-7.83456],[110.45182,-7.83446],[110.4518,-7.83426],[110.45158,-7.83352],[110.45155,-7.83341],[110.45152,-7.83302],[110.45154,-7.83268],[110.452,-7.8312],[110.45211,-7.83052],[110.45213,-7.82948],[110.45212,-7.82935],[110.45217,-7.82921],[110.45222,-7.82909],[110.45229,-7.82888],[110.45234,-7.82874],[110.45237,-7.82849],[110.45243,-7.82707],[110.45244,-7.82667],[110.45246,-7.826],[110.45247,-7.8257],[110.45248,-7.82478],[110.45249,-7.82389],[110.45251,-7.82369],[110.4526,-7.82349],[110.45276,-7.82285],[110.45273,-7.82274],[110.45274,-7.82264],[110.45278,-7.82245],[110.45285,-7.82215],[110.45285,-7.82181],[110.45285,-7.82176],[110.4529,-7.82158],[110.45301,-7.82128],[110.45309,-7.82114],[110.45316,-7.82108],[110.45321,-7.82097],[110.45327,-7.82089],[110.45337,-7.82083],[110.45388,-7.82036],[110.45409,-7.82016],[110.45455,-7.8198],[110.45483,-7.81955],[110.45498,-7.81945],[110.45527,-7.81926],[110.45539,-7.8192],[110.45556,-7.81904],[110.45575,-7.81893],[110.45589,-7.81896]]]}},{"type":"Feature","properties":{"AREA":68988.89,"PERIMETER":7192.596,"SUNGAI1_":4,"SUNGAI1_ID":0,"KETERANGAN":"Sungai"},"geometry":{"type":"Polygon","coordinates":[[[110.49256,-7.82426],[110.49272,-7.82439],[110.49268,-7.82477],[110.49257,-7.8249],[110.49205,-7.82536],[110.49199,-7.82541],[110.4919,-7.82559],[110.49187,-7.8258],[110.49191,-7.82592],[110.49201,-7.82603],[110.49205,-7.82605],[110.49216,-7.82611],[110.49221,-7.82615],[110.49238,-7.82618],[110.4927,-7.82617],[110.4929,-7.8262],[110.49308,-7.82628],[110.49331,-7.82646],[110.49346,-7.82662],[110.49372,-7.827],[110.49374,-7.82704],[110.49371,-7.82732],[110.49361,-7.82773],[110.49352,-7.82781],[110.49321,-7.82795],[110.49274,-7.82805],[110.4924,-7.82809],[110.49232,-7.82818],[110.49226,-7.82831],[110.49212,-7.82855],[110.49205,-7.82862],[110.49202,-7.82864],[110.49151,-7.82895],[110.49132,-7.82912],[110.49127,-7.82925],[110.49125,-7.82948],[110.49122,-7.82963],[110.49101,-7.83006],[110.49101,-7.83039],[110.49103,-7.83056],[110.491,-7.8306],[110.49079,-7.83076],[110.49056,-7.83094],[110.49032,-7.83111],[110.49023,-7.83114],[110.49016,-7.83116],[110.48982,-7.83123],[110.48928,-7.83127],[110.48912,-7.83134],[110.48878,-7.83144],[110.48848,-7.83149],[110.48843,-7.83149],[110.48827,-7.83152],[110.48818,-7.83159],[110.48792,-7.83184],[110.48776,-7.83191],[110.48751,-7.832],[110.48746,-7.83202],[110.48724,-7.83212],[110.48721,-7.83219],[110.48722,-7.83236],[110.48728,-7.83244],[110.48743,-7.83252],[110.48751,-7.83254],[110.4876,-7.83255],[110.48792,-7.83258],[110.48831,-7.83266],[110.48895,-7.83285],[110.48905,-7.8328],[110.48913,-7.83269],[110.48916,-7.83257],[110.48917,-7.83189],[110.48924,-7.83183],[110.48939,-7.83179],[110.48953,-7.83181],[110.48964,-7.83185],[110.48977,-7.83196],[110.48979,-7.83203],[110.49012,-7.83247],[110.49023,-7.83259],[110.49052,-7.83291],[110.49065,-7.83298],[110.49082,-7.833],[110.49097,-7.83296],[110.49125,-7.8328],[110.4913,-7.83269],[110.49137,-7.83231],[110.49132,-7.832],[110.49129,-7.83193],[110.49118,-7.8317],[110.49121,-7.83152],[110.4913,-7.83144],[110.4914,-7.8314],[110.49151,-7.83142],[110.49166,-7.83144],[110.49193,-7.83152],[110.49204,-7.83158],[110.49208,-7.8316],[110.49277,-7.83206],[110.49312,-7.83222],[110.49325,-7.83231],[110.49338,-7.83244],[110.49345,-7.83261],[110.49342,-7.83277],[110.49335,-7.83303],[110.49339,-7.8332],[110.49348,-7.83333],[110.49337,-7.83326],[110.49328,-7.83317],[110.49325,-7.83307],[110.4933,-7.83282],[110.49331,-7.83268],[110.49327,-7.83243],[110.49318,-7.83234],[110.49304,-7.83224],[110.49283,-7.83218],[110.49241,-7.83208],[110.49235,-7.83203],[110.49204,-7.83183],[110.4918,-7.83166],[110.49167,-7.83164],[110.49153,-7.83167],[110.49147,-7.83175],[110.49147,-7.83188],[110.49151,-7.83203],[110.49159,-7.83213],[110.49171,-7.83229],[110.49171,-7.83245],[110.49167,-7.83253],[110.49125,-7.8332],[110.49118,-7.83323],[110.49114,-7.83324],[110.49086,-7.83321],[110.49057,-7.83308],[110.49032,-7.83288],[110.49023,-7.83278],[110.49018,-7.83273],[110.49006,-7.83259],[110.48956,-7.83194],[110.48946,-7.83191],[110.48936,-7.83196],[110.48932,-7.83205],[110.48931,-7.83219],[110.48927,-7.83257],[110.48922,-7.83271],[110.48918,-7.83283],[110.48902,-7.83298],[110.48893,-7.833],[110.48877,-7.83296],[110.48809,-7.83273],[110.48778,-7.83274],[110.48751,-7.83276],[110.48744,-7.83276],[110.48719,-7.83274],[110.4871,-7.83267],[110.48702,-7.83254],[110.48702,-7.8325],[110.48702,-7.83233],[110.48702,-7.83208],[110.48695,-7.83198],[110.48681,-7.83188],[110.48637,-7.83173],[110.4862,-7.83173],[110.48607,-7.83177],[110.4859,-7.83195],[110.48577,-7.83215],[110.48563,-7.8324],[110.4855,-7.83252],[110.48539,-7.83259],[110.48524,-7.83259],[110.48479,-7.83263],[110.48458,-7.83271],[110.4844,-7.83287],[110.48419,-7.83311],[110.48404,-7.83328],[110.48379,-7.8335],[110.48362,-7.83359],[110.48309,-7.83377],[110.48272,-7.83386],[110.4814,-7.83415],[110.48103,-7.83435],[110.48095,-7.83446],[110.48085,-7.8347],[110.48071,-7.83501],[110.48057,-7.83521],[110.48051,-7.83526],[110.48052,-7.83464],[110.48055,-7.83453],[110.48066,-7.83442],[110.48089,-7.83427],[110.48103,-7.83419],[110.48139,-7.83404],[110.48159,-7.83386],[110.4817,-7.83376],[110.48189,-7.83369],[110.4822,-7.83366],[110.48247,-7.83367],[110.48273,-7.83358],[110.48299,-7.83352],[110.48346,-7.83336],[110.48364,-7.83327],[110.48389,-7.83302],[110.48402,-7.83281],[110.4843,-7.83242],[110.48437,-7.83238],[110.48475,-7.83236],[110.48505,-7.83243],[110.48521,-7.83247],[110.48533,-7.83245],[110.48542,-7.8324],[110.4857,-7.83196],[110.4858,-7.83183],[110.48596,-7.8317],[110.48618,-7.83166],[110.48638,-7.83166],[110.48664,-7.83169],[110.48682,-7.83169],[110.48702,-7.83161],[110.48739,-7.83168],[110.48751,-7.83169],[110.48767,-7.83163],[110.48783,-7.83154],[110.48844,-7.83144],[110.48848,-7.83143],[110.48881,-7.83133],[110.48916,-7.83115],[110.48931,-7.83111],[110.48979,-7.83117],[110.4899,-7.83117],[110.49023,-7.83101],[110.49048,-7.83088],[110.49081,-7.83061],[110.49089,-7.83051],[110.49091,-7.83007],[110.49095,-7.82992],[110.49106,-7.82975],[110.49113,-7.82962],[110.49116,-7.82938],[110.49118,-7.82921],[110.49129,-7.82903],[110.49191,-7.82865],[110.49199,-7.82859],[110.49205,-7.82831],[110.49208,-7.82815],[110.4921,-7.82806],[110.49228,-7.82796],[110.49273,-7.82788],[110.49313,-7.82784],[110.49327,-7.82782],[110.4934,-7.82775],[110.49347,-7.82764],[110.49361,-7.82743],[110.49363,-7.82713],[110.49358,-7.82701],[110.49332,-7.82678],[110.49293,-7.82646],[110.4928,-7.8264],[110.49251,-7.82636],[110.4923,-7.82635],[110.49205,-7.82625],[110.49187,-7.82616],[110.49169,-7.82596],[110.49164,-7.82583],[110.49168,-7.82564],[110.49183,-7.8254],[110.49204,-7.82516],[110.49242,-7.82493],[110.49248,-7.82488],[110.49254,-7.82444],[110.49256,-7.82426]]]}},{"type":"Feature","properties":{"AREA":66077.7,"PERIMETER":8326.323,"SUNGAI1_":5,"SUNGAI1_ID":4,"KETERANGAN":"Sungai"},"geometry":{"type":"Polygon","coordinates":[[[110.52151,-7.82894],[110.52159,-7.82907],[110.52154,-7.82914],[110.52145,-7.82933],[110.52118,-7.82962],[110.5211,-7.82978],[110.52099,-7.82998],[110.52087,-7.8301],[110.52071,-7.83022],[110.52048,-7.83045],[110.52037,-7.83056],[110.5201,-7.83068],[110.51987,-7.83082],[110.51976,-7.83091],[110.51937,-7.83112],[110.51922,-7.83118],[110.51907,-7.83119],[110.51899,-7.83113],[110.5189,-7.83102],[110.51878,-7.83095],[110.51859,-7.83094],[110.51839,-7.83093],[110.51809,-7.83082],[110.51794,-7.83072],[110.51783,-7.83063],[110.51774,-7.83053],[110.51754,-7.83044],[110.51723,-7.83042],[110.51697,-7.83039],[110.51669,-7.83037],[110.51601,-7.83045],[110.51594,-7.83045],[110.51579,-7.83045],[110.51523,-7.83032],[110.51503,-7.83027],[110.51455,-7.83025],[110.51417,-7.83025],[110.51394,-7.83022],[110.51359,-7.83012],[110.51339,-7.83005],[110.5125,-7.82966],[110.51238,-7.82965],[110.5122,-7.82963],[110.5121,-7.82964],[110.51189,-7.82989],[110.51182,-7.83003],[110.51176,-7.8303],[110.51163,-7.83085],[110.51161,-7.83094],[110.51153,-7.83105],[110.51143,-7.8311],[110.51122,-7.83112],[110.51056,-7.83085],[110.51042,-7.83083],[110.51031,-7.83084],[110.51016,-7.83093],[110.51001,-7.83113],[110.50988,-7.83143],[110.50974,-7.83197],[110.50968,-7.83213],[110.50962,-7.83221],[110.50938,-7.83225],[110.50924,-7.83223],[110.5089,-7.83207],[110.50865,-7.83195],[110.50851,-7.83189],[110.50827,-7.83188],[110.50761,-7.83193],[110.50712,-7.83174],[110.50699,-7.83165],[110.5067,-7.83124],[110.50658,-7.83061],[110.50655,-7.83051],[110.50649,-7.83023],[110.5064,-7.82986],[110.50637,-7.82969],[110.50634,-7.82953],[110.50623,-7.82933],[110.50615,-7.82924],[110.50596,-7.8292],[110.50583,-7.82921],[110.50567,-7.8295],[110.50565,-7.82966],[110.5057,-7.82989],[110.50573,-7.8302],[110.50565,-7.83044],[110.50556,-7.83055],[110.50518,-7.83072],[110.50462,-7.83094],[110.50445,-7.83097],[110.50412,-7.83091],[110.50395,-7.83084],[110.50367,-7.83059],[110.50339,-7.8304],[110.50315,-7.83027],[110.50285,-7.83011],[110.50219,-7.82999],[110.50198,-7.83003],[110.50171,-7.83027],[110.50162,-7.83036],[110.50104,-7.83051],[110.5009,-7.83052],[110.50078,-7.8305],[110.50003,-7.83041],[110.49985,-7.83036],[110.49969,-7.83029],[110.4995,-7.83027],[110.49924,-7.8303],[110.49904,-7.83037],[110.49893,-7.83044],[110.49872,-7.83076],[110.49864,-7.83093],[110.49854,-7.83101],[110.49822,-7.83118],[110.49783,-7.83145],[110.49763,-7.83148],[110.49744,-7.83148],[110.49732,-7.83142],[110.49707,-7.83125],[110.49687,-7.83124],[110.49681,-7.83128],[110.49679,-7.83137],[110.49676,-7.8315],[110.49674,-7.83169],[110.49675,-7.83227],[110.49676,-7.83276],[110.49677,-7.83282],[110.49674,-7.8332],[110.49663,-7.83329],[110.49651,-7.83333],[110.49647,-7.83334],[110.4964,-7.83333],[110.49621,-7.83326],[110.496,-7.83314],[110.49573,-7.83305],[110.49563,-7.83297],[110.49528,-7.83295],[110.49509,-7.83299],[110.49495,-7.83304],[110.49484,-7.83313],[110.49414,-7.83354],[110.494,-7.83357],[110.49372,-7.83354],[110.49367,-7.83353],[110.49361,-7.8335],[110.49348,-7.83333],[110.49361,-7.83341],[110.49388,-7.83348],[110.49406,-7.83344],[110.49494,-7.83287],[110.4953,-7.83264],[110.49548,-7.83265],[110.49561,-7.83273],[110.49605,-7.83305],[110.49618,-7.83313],[110.49642,-7.83318],[110.49655,-7.83314],[110.49666,-7.83303],[110.49669,-7.8329],[110.49667,-7.83257],[110.49662,-7.83211],[110.49664,-7.83131],[110.4967,-7.83115],[110.49684,-7.83098],[110.49691,-7.83099],[110.497,-7.83104],[110.49742,-7.83138],[110.49754,-7.83139],[110.49775,-7.83135],[110.49793,-7.83129],[110.49817,-7.8311],[110.49828,-7.83095],[110.49848,-7.83068],[110.49875,-7.8303],[110.49879,-7.83023],[110.49897,-7.83015],[110.49922,-7.83012],[110.49969,-7.83016],[110.5,-7.83023],[110.50051,-7.83033],[110.50082,-7.83037],[110.50119,-7.83036],[110.50138,-7.83028],[110.50151,-7.83017],[110.50173,-7.82999],[110.50195,-7.82983],[110.50205,-7.82979],[110.50242,-7.8298],[110.50251,-7.82981],[110.50293,-7.83],[110.50347,-7.83038],[110.50371,-7.83056],[110.50415,-7.83078],[110.50429,-7.83084],[110.50461,-7.83084],[110.50474,-7.83082],[110.50502,-7.83067],[110.50524,-7.83057],[110.50547,-7.8305],[110.50554,-7.83042],[110.50558,-7.83028],[110.50559,-7.83],[110.50556,-7.82953],[110.50557,-7.82936],[110.50562,-7.82924],[110.50578,-7.8291],[110.50592,-7.82906],[110.50599,-7.82906],[110.50619,-7.82917],[110.50631,-7.82927],[110.50636,-7.82934],[110.50653,-7.82977],[110.50665,-7.83034],[110.50669,-7.83055],[110.50672,-7.83077],[110.50674,-7.8308],[110.50676,-7.8309],[110.50685,-7.83118],[110.50701,-7.83144],[110.50714,-7.83157],[110.50743,-7.83172],[110.50833,-7.83178],[110.50858,-7.8318],[110.50893,-7.83189],[110.50914,-7.83196],[110.50943,-7.83204],[110.50953,-7.83204],[110.50961,-7.83198],[110.50969,-7.83171],[110.50978,-7.83139],[110.50991,-7.83105],[110.51002,-7.83088],[110.51021,-7.8307],[110.51031,-7.83065],[110.51048,-7.83066],[110.51077,-7.83074],[110.51085,-7.83076],[110.51102,-7.8308],[110.51122,-7.83085],[110.51137,-7.83086],[110.51145,-7.83081],[110.51152,-7.83071],[110.51163,-7.83029],[110.51171,-7.82993],[110.51182,-7.82974],[110.51203,-7.82953],[110.51215,-7.82949],[110.51246,-7.82958],[110.51348,-7.82988],[110.5138,-7.82996],[110.51432,-7.83001],[110.51445,-7.83003],[110.515,-7.83016],[110.51538,-7.83025],[110.51574,-7.83033],[110.5165,-7.8303],[110.51726,-7.8303],[110.51735,-7.83031],[110.51754,-7.83034],[110.51777,-7.83044],[110.51797,-7.83058],[110.51815,-7.8307],[110.51836,-7.83077],[110.51859,-7.83081],[110.51904,-7.83095],[110.51917,-7.831],[110.51943,-7.83092],[110.51949,-7.8309],[110.51974,-7.83068],[110.52012,-7.83047],[110.52048,-7.83014],[110.52066,-7.83],[110.52081,-7.82993],[110.52093,-7.82973],[110.52117,-7.82937],[110.5212,-7.82934],[110.52133,-7.82925],[110.52142,-7.82912],[110.52151,-7.82894]]]}},{"type":"Feature","properties":{"AREA":3639960.0,"PERIMETER":181856.3,"SUNGAI1_":6,"SUNGAI1_ID":4,"KETERANGAN":"Sungai"},"geometry":{"type":"Polygon","coordinates":[[[110.42688,-7.9492],[110.42671,-7.9491],[110.42637,-7.94918],[110.42622,-7.94924],[110.42595,-7.94947],[110.42559,-7.94993],[110.42538,-7.95036],[110.42536,-7.95113],[110.42537,-7.95116],[110.42542,-7.95128],[110.42546,-7.95136],[110.42535,-7.95148],[110.42528,-7.95168],[110.42521,-7.95184],[110.42515,-7.95196],[110.42505,-7.95214],[110.42496,-7.95246],[110.42485,-7.953],[110.42484,-7.9531],[110.42483,-7.95356],[110.42487,-7.95381],[110.42501,-7.95419],[110.4251,-7.95431],[110.42518,-7.9544],[110.42561,-7.95479],[110.42589,-7.95497],[110.42615,-7.95522],[110.42638,-7.95546],[110.42665,-7.9558],[110.4268,-7.95602],[110.42708,-7.95636],[110.42729,-7.95664],[110.42758,-7.95716],[110.42767,-7.95743],[110.42771,-7.95771],[110.42778,-7.95795],[110.42788,-7.95808],[110.42831,-7.95843],[110.42854,-7.9585],[110.42874,-7.95851],[110.42884,-7.95847],[110.42909,-7.95835],[110.42924,-7.95839],[110.4293,-7.95834],[110.42944,-7.95824],[110.42955,-7.95824],[110.42973,-7.9583],[110.43013,-7.95853],[110.43026,-7.95865],[110.43045,-7.95888],[110.43063,-7.9592],[110.43068,-7.95939],[110.43068,-7.95958],[110.43053,-7.96032],[110.43053,-7.96039],[110.43052,-7.96046],[110.43052,-7.96059],[110.43059,-7.96157],[110.4306,-7.96175],[110.43077,-7.96214],[110.43101,-7.96255],[110.43115,-7.96264],[110.43134,-7.96271],[110.43205,-7.96293],[110.43218,-7.96303],[110.43245,-7.96334],[110.43267,-7.96359],[110.43281,-7.9638],[110.4329,-7.96396],[110.43338,-7.96469],[110.43365,-7.965],[110.43409,-7.96548],[110.43464,-7.96607],[110.43499,-7.96629],[110.43532,-7.96646],[110.43575,-7.96662],[110.43597,-7.96668],[110.43625,-7.96668],[110.4364,-7.96665],[110.43679,-7.96653],[110.43702,-7.96652],[110.43774,-7.96657],[110.43853,-7.96667],[110.43921,-7.96678],[110.43995,-7.9669],[110.44033,-7.96701],[110.44078,-7.96709],[110.4413,-7.96712],[110.44192,-7.96713],[110.44203,-7.96712],[110.44262,-7.96702],[110.44313,-7.96677],[110.44334,-7.96661],[110.44356,-7.96639],[110.44373,-7.96611],[110.44383,-7.96589],[110.44385,-7.9657],[110.44383,-7.96537],[110.44382,-7.96508],[110.44384,-7.9646],[110.4439,-7.96418],[110.44391,-7.96409],[110.44414,-7.96268],[110.44416,-7.96261],[110.44424,-7.9622],[110.44435,-7.96063],[110.44432,-7.95975],[110.44416,-7.9588],[110.4441,-7.95846],[110.44414,-7.95821],[110.4443,-7.95785],[110.44435,-7.95763],[110.44442,-7.95711],[110.44442,-7.95706],[110.44443,-7.95641],[110.44435,-7.95497],[110.44424,-7.95462],[110.44396,-7.9536],[110.44388,-7.95336],[110.44343,-7.95233],[110.44341,-7.95208],[110.44342,-7.95171],[110.44344,-7.95131],[110.44355,-7.95105],[110.44391,-7.95044],[110.4442,-7.95007],[110.44444,-7.94979],[110.44491,-7.94924],[110.44519,-7.94905],[110.4455,-7.94885],[110.44565,-7.94881],[110.44588,-7.94877],[110.44603,-7.94871],[110.44621,-7.94867],[110.44634,-7.94869],[110.44645,-7.94863],[110.44719,-7.94841],[110.44735,-7.94835],[110.44751,-7.9482],[110.44788,-7.94785],[110.44807,-7.94763],[110.44817,-7.9474],[110.44826,-7.94709],[110.44846,-7.94674],[110.44863,-7.9465],[110.4488,-7.94623],[110.44893,-7.94586],[110.44896,-7.94563],[110.44898,-7.94554],[110.44912,-7.94545],[110.44907,-7.94554],[110.44904,-7.94581],[110.44892,-7.94616],[110.44851,-7.94678],[110.44837,-7.94698],[110.44835,-7.94712],[110.44838,-7.94716],[110.44845,-7.94718],[110.44855,-7.94714],[110.44876,-7.94698],[110.44888,-7.94677],[110.449,-7.94655],[110.44911,-7.94636],[110.44925,-7.94607],[110.44931,-7.94581],[110.44928,-7.94548],[110.44922,-7.94544],[110.44912,-7.94545],[110.44942,-7.94526],[110.44978,-7.94497],[110.45003,-7.94471],[110.45019,-7.94458],[110.4504,-7.94444],[110.45043,-7.94443],[110.45056,-7.94439],[110.45101,-7.94442],[110.45139,-7.94445],[110.45175,-7.94446],[110.45205,-7.94452],[110.45267,-7.94489],[110.453,-7.94516],[110.45329,-7.94552],[110.45353,-7.94584],[110.45364,-7.94593],[110.45384,-7.94598],[110.45401,-7.94598],[110.45435,-7.94585],[110.45464,-7.94566],[110.45492,-7.94552],[110.4551,-7.94543],[110.45575,-7.94503],[110.45587,-7.94494],[110.45596,-7.9448],[110.456,-7.94461],[110.45594,-7.94418],[110.45591,-7.94383],[110.45593,-7.94338],[110.45596,-7.94329],[110.45626,-7.94304],[110.45636,-7.94299],[110.4567,-7.94311],[110.45743,-7.94362],[110.45765,-7.94375],[110.45782,-7.94379],[110.45799,-7.94378],[110.45822,-7.9437],[110.45836,-7.94361],[110.45855,-7.94339],[110.45869,-7.9432],[110.45889,-7.94294],[110.45901,-7.94266],[110.4591,-7.94239],[110.45914,-7.94206],[110.45914,-7.94199],[110.45911,-7.94188],[110.45896,-7.94171],[110.4582,-7.94086],[110.45801,-7.94056],[110.4578,-7.93997],[110.45773,-7.93967],[110.45769,-7.93948],[110.4576,-7.93936],[110.45706,-7.93922],[110.45697,-7.9392],[110.4568,-7.93915],[110.45661,-7.93901],[110.45651,-7.93881],[110.45644,-7.93853],[110.45642,-7.9383],[110.45641,-7.93772],[110.45635,-7.9375],[110.45659,-7.93799],[110.45661,-7.9381],[110.45662,-7.93842],[110.45664,-7.93861],[110.45671,-7.93887],[110.45681,-7.939],[110.45697,-7.93911],[110.45753,-7.93919],[110.45764,-7.93921],[110.45775,-7.93931],[110.45787,-7.93996],[110.45805,-7.94035],[110.45828,-7.94078],[110.45845,-7.94102],[110.45871,-7.94131],[110.45907,-7.94167],[110.45921,-7.94184],[110.45925,-7.94195],[110.45922,-7.94236],[110.4591,-7.94279],[110.45884,-7.94323],[110.45826,-7.94378],[110.45807,-7.9439],[110.45789,-7.94396],[110.45756,-7.94396],[110.45745,-7.94394],[110.45706,-7.94361],[110.45684,-7.9434],[110.45659,-7.94325],[110.45642,-7.94318],[110.4563,-7.94319],[110.45619,-7.94325],[110.45613,-7.94335],[110.4561,-7.94372],[110.45611,-7.94443],[110.45611,-7.94454],[110.45608,-7.9447],[110.45606,-7.94483],[110.45593,-7.94501],[110.45559,-7.94529],[110.45524,-7.94555],[110.45443,-7.94598],[110.45416,-7.94608],[110.4538,-7.94612],[110.45369,-7.94611],[110.45344,-7.94591],[110.45323,-7.94555],[110.45312,-7.94538],[110.45291,-7.94518],[110.45272,-7.94505],[110.45223,-7.94485],[110.45184,-7.94474],[110.45122,-7.94468],[110.45042,-7.94471],[110.45026,-7.94477],[110.44997,-7.94507],[110.44971,-7.9454],[110.4495,-7.94577],[110.44934,-7.94616],[110.44925,-7.94646],[110.4492,-7.9466],[110.44921,-7.94669],[110.44925,-7.94676],[110.44974,-7.94678],[110.45064,-7.94691],[110.45109,-7.94705],[110.45172,-7.94724],[110.45202,-7.94737],[110.45225,-7.94752],[110.45248,-7.94775],[110.45297,-7.94838],[110.45333,-7.94884],[110.45338,-7.94891],[110.45357,-7.94922],[110.45369,-7.94946],[110.45379,-7.94968],[110.45392,-7.9499],[110.45411,-7.95028],[110.45467,-7.95101],[110.45495,-7.95149],[110.45505,-7.95174],[110.4551,-7.95199],[110.45506,-7.95244],[110.455,-7.95264],[110.45495,-7.95273],[110.45488,-7.95281],[110.45455,-7.9532],[110.45402,-7.95377],[110.45367,-7.95408],[110.45339,-7.95426],[110.45302,-7.95443],[110.45271,-7.95457],[110.45236,-7.95476],[110.45189,-7.9549],[110.4517,-7.95497],[110.45143,-7.95521],[110.45133,-7.95534],[110.45126,-7.9556],[110.45124,-7.95591],[110.45123,-7.95618],[110.45125,-7.95745],[110.45129,-7.95795],[110.45131,-7.95838],[110.45103,-7.95942],[110.45097,-7.95972],[110.45094,-7.96004],[110.4508,-7.96063],[110.45076,-7.96099],[110.4508,-7.96133],[110.45082,-7.96158],[110.45086,-7.96185],[110.45115,-7.96224],[110.45133,-7.96241],[110.45146,-7.96246],[110.45174,-7.96262],[110.452,-7.96286],[110.45244,-7.96321],[110.45268,-7.96341],[110.45352,-7.96426],[110.4539,-7.96481],[110.45407,-7.96521],[110.45422,-7.96552],[110.45444,-7.96603],[110.45452,-7.96623],[110.45457,-7.96661],[110.45459,-7.96683],[110.45463,-7.96701],[110.45475,-7.96718],[110.45486,-7.96727],[110.45504,-7.96731],[110.4552,-7.96729],[110.45592,-7.96694],[110.4563,-7.96657],[110.45657,-7.96636],[110.45692,-7.96602],[110.45707,-7.96585],[110.45709,-7.96582],[110.45721,-7.96554],[110.45729,-7.96523],[110.4573,-7.9649],[110.45723,-7.96432],[110.45723,-7.96404],[110.4573,-7.96363],[110.4574,-7.963],[110.45747,-7.96263],[110.45751,-7.96238],[110.45766,-7.96185],[110.45775,-7.96154],[110.45777,-7.96107],[110.45776,-7.96093],[110.4576,-7.96071],[110.45716,-7.96038],[110.4569,-7.96023],[110.45667,-7.96004],[110.45647,-7.95975],[110.45634,-7.95929],[110.4563,-7.95905],[110.45651,-7.95813],[110.45659,-7.95797],[110.45724,-7.95728],[110.45738,-7.95718],[110.4578,-7.95699],[110.45841,-7.95675],[110.45885,-7.95668],[110.45953,-7.95649],[110.45969,-7.9564],[110.46044,-7.95601],[110.46085,-7.95568],[110.4616,-7.95533],[110.46173,-7.95527],[110.46188,-7.95521],[110.46231,-7.95512],[110.46377,-7.95509],[110.46419,-7.95507],[110.46456,-7.95491],[110.46467,-7.95482],[110.46486,-7.95454],[110.46492,-7.95447],[110.46502,-7.95438],[110.46518,-7.95428],[110.46533,-7.95419],[110.46543,-7.95409],[110.46557,-7.95404],[110.46624,-7.95401],[110.4664,-7.95401],[110.46661,-7.9541],[110.46687,-7.95429],[110.46702,-7.95443],[110.4672,-7.95473],[110.46733,-7.95501],[110.4674,-7.9553],[110.46739,-7.95544],[110.46686,-7.95608],[110.46668,-7.95628],[110.46652,-7.95638],[110.46623,-7.95648],[110.46612,-7.95653],[110.46593,-7.9566],[110.46573,-7.95668],[110.46533,-7.9568],[110.46515,-7.95688],[110.46485,-7.95711],[110.46467,-7.95729],[110.4646,-7.9574],[110.4646,-7.95815],[110.46467,-7.95837],[110.46473,-7.95858],[110.46503,-7.95928],[110.46511,-7.9594],[110.46549,-7.95962],[110.46662,-7.96008],[110.46694,-7.96024],[110.46767,-7.96063],[110.46797,-7.96077],[110.46848,-7.96103],[110.46891,-7.96107],[110.46916,-7.96113],[110.4696,-7.96134],[110.46991,-7.96151],[110.47024,-7.96174],[110.47047,-7.96199],[110.47059,-7.96214],[110.47076,-7.96248],[110.47079,-7.96266],[110.47079,-7.96284],[110.47069,-7.96313],[110.47029,-7.96371],[110.47009,-7.96393],[110.46993,-7.96406],[110.46947,-7.96427],[110.46913,-7.96438],[110.46891,-7.96447],[110.46855,-7.9648],[110.46841,-7.96495],[110.46832,-7.96514],[110.46823,-7.96552],[110.46808,-7.96604],[110.46798,-7.96632],[110.46779,-7.96662],[110.46767,-7.96677],[110.46741,-7.96691],[110.46717,-7.96698],[110.46693,-7.96698],[110.46641,-7.96683],[110.46607,-7.96663],[110.46585,-7.96651],[110.46568,-7.96646],[110.46504,-7.96655],[110.46479,-7.96662],[110.46466,-7.9667],[110.46407,-7.96704],[110.46362,-7.96749],[110.46352,-7.96762],[110.46342,-7.96789],[110.46339,-7.96813],[110.46341,-7.96828],[110.46349,-7.96841],[110.4638,-7.96869],[110.46442,-7.96918],[110.46465,-7.96933],[110.46471,-7.96936],[110.46529,-7.96955],[110.46595,-7.9697],[110.46651,-7.9697],[110.46671,-7.96973],[110.46681,-7.96977],[110.46685,-7.96983],[110.46707,-7.97012],[110.46715,-7.97028],[110.46725,-7.97076],[110.46729,-7.97087],[110.46741,-7.97098],[110.46754,-7.97101],[110.46767,-7.971],[110.46784,-7.97089],[110.46798,-7.97072],[110.46822,-7.97046],[110.46837,-7.97026],[110.46855,-7.97005],[110.46887,-7.96982],[110.46903,-7.9697],[110.46953,-7.96967],[110.46983,-7.96971],[110.47034,-7.96983],[110.47043,-7.96985],[110.47079,-7.96993],[110.47118,-7.96996],[110.47216,-7.96988],[110.47247,-7.96988],[110.47298,-7.96995],[110.47312,-7.97001],[110.4734,-7.9701],[110.47343,-7.97012],[110.4739,-7.97082],[110.47433,-7.97145],[110.47448,-7.97165],[110.47467,-7.97181],[110.47478,-7.97186],[110.47504,-7.97187],[110.47525,-7.97182],[110.4758,-7.97164],[110.47628,-7.97162],[110.47649,-7.97159],[110.47699,-7.97142],[110.47717,-7.97132],[110.4773,-7.97121],[110.47739,-7.97098],[110.47743,-7.9708],[110.47735,-7.97055],[110.47717,-7.9702],[110.47685,-7.96993],[110.47672,-7.96984],[110.47644,-7.96964],[110.47618,-7.96951],[110.47583,-7.96933],[110.47429,-7.96841],[110.47354,-7.96818],[110.47328,-7.9681],[110.47304,-7.96796],[110.47278,-7.96774],[110.47255,-7.96746],[110.47247,-7.96734],[110.47245,-7.96715],[110.47248,-7.96701],[110.47256,-7.96688],[110.47279,-7.96668],[110.47296,-7.96659],[110.47339,-7.96657],[110.47412,-7.96678],[110.47432,-7.96681],[110.47463,-7.96681],[110.47496,-7.9667],[110.47513,-7.96658],[110.47528,-7.9663],[110.47544,-7.96598],[110.47554,-7.96573],[110.47571,-7.96539],[110.47583,-7.96513],[110.4759,-7.96488],[110.47592,-7.9647],[110.47587,-7.96449],[110.47578,-7.96424],[110.47569,-7.96396],[110.47557,-7.96339],[110.4755,-7.96302],[110.47538,-7.96263],[110.47499,-7.96129],[110.47488,-7.961],[110.47457,-7.96019],[110.47446,-7.95992],[110.4743,-7.95965],[110.474,-7.95839],[110.47394,-7.95816],[110.47388,-7.95799],[110.47378,-7.95765],[110.47309,-7.95618],[110.47288,-7.95571],[110.47281,-7.95547],[110.47277,-7.95524],[110.47259,-7.95481],[110.47249,-7.9546],[110.47244,-7.95436],[110.47241,-7.95407],[110.47243,-7.95387],[110.47253,-7.95347],[110.47261,-7.95332],[110.47266,-7.9532],[110.47314,-7.9526],[110.47343,-7.95233],[110.47352,-7.95216],[110.47362,-7.95202],[110.47375,-7.95189],[110.47399,-7.95176],[110.47405,-7.95175],[110.47506,-7.95143],[110.47568,-7.95123],[110.4774,-7.95069],[110.47769,-7.95059],[110.4778,-7.95052],[110.4779,-7.95037],[110.47796,-7.95012],[110.47796,-7.94976],[110.47795,-7.94971],[110.47789,-7.94941],[110.47772,-7.94889],[110.47744,-7.94841],[110.4769,-7.94728],[110.47677,-7.94677],[110.47651,-7.94569],[110.47628,-7.94457],[110.47618,-7.94382],[110.47612,-7.94351],[110.47608,-7.94328],[110.47609,-7.9431],[110.47632,-7.94253],[110.47642,-7.9424],[110.47654,-7.94233],[110.47713,-7.94222],[110.47752,-7.94212],[110.47781,-7.94208],[110.47798,-7.94212],[110.47832,-7.94237],[110.47852,-7.94254],[110.47874,-7.94264],[110.47898,-7.94267],[110.47923,-7.9427],[110.47973,-7.94273],[110.48079,-7.94247],[110.48097,-7.94245],[110.48115,-7.94245],[110.48125,-7.94238],[110.48136,-7.94223],[110.48145,-7.94211],[110.48158,-7.94205],[110.48197,-7.942],[110.48237,-7.94202],[110.48283,-7.9422],[110.48305,-7.94229],[110.48367,-7.94261],[110.48406,-7.94277],[110.4846,-7.94281],[110.48483,-7.94284],[110.48521,-7.94291],[110.4856,-7.94306],[110.48644,-7.94362],[110.4869,-7.94409],[110.48718,-7.94434],[110.48732,-7.9445],[110.48746,-7.94467],[110.48779,-7.94493],[110.48794,-7.94501],[110.48808,-7.94501],[110.48823,-7.94497],[110.48851,-7.94461],[110.48867,-7.94425],[110.48877,-7.94398],[110.48883,-7.94375],[110.4894,-7.94262],[110.48947,-7.94243],[110.48949,-7.94216],[110.4895,-7.94191],[110.48948,-7.94157],[110.4894,-7.94116],[110.48882,-7.94034],[110.48878,-7.94029],[110.48872,-7.94015],[110.48852,-7.93948],[110.48852,-7.93935],[110.48861,-7.93918],[110.48873,-7.93905],[110.48897,-7.93897],[110.48926,-7.93891],[110.48959,-7.93894],[110.4898,-7.93899],[110.48999,-7.93908],[110.4901,-7.93914],[110.49031,-7.93925],[110.49047,-7.93928],[110.49058,-7.93927],[110.49078,-7.93917],[110.491,-7.93908],[110.49118,-7.93902],[110.49133,-7.93897],[110.49165,-7.93863],[110.49185,-7.93837],[110.49191,-7.93826],[110.49201,-7.93808],[110.49214,-7.93764],[110.49217,-7.93737],[110.49214,-7.93686],[110.49191,-7.9365],[110.49188,-7.93644],[110.49181,-7.9363],[110.49174,-7.93554],[110.49179,-7.93529],[110.49192,-7.93493],[110.49197,-7.93478],[110.49211,-7.93455],[110.49229,-7.93428],[110.49239,-7.93405],[110.49261,-7.93358],[110.49277,-7.93322],[110.49279,-7.93317],[110.49295,-7.93276],[110.49305,-7.93229],[110.49306,-7.9316],[110.49303,-7.93126],[110.49292,-7.93092],[110.4925,-7.93016],[110.49228,-7.92968],[110.49217,-7.9293],[110.49192,-7.92874],[110.4919,-7.92869],[110.49167,-7.92829],[110.4913,-7.9277],[110.49103,-7.92711],[110.49102,-7.92702],[110.49099,-7.92684],[110.49099,-7.92649],[110.49096,-7.92626],[110.49102,-7.92596],[110.49114,-7.92534],[110.49118,-7.92481],[110.49124,-7.92461],[110.49135,-7.9243],[110.49148,-7.92383],[110.49158,-7.92339],[110.49193,-7.923],[110.49198,-7.92295],[110.49229,-7.92261],[110.49243,-7.92233],[110.49261,-7.92192],[110.49271,-7.92165],[110.49282,-7.92126],[110.49287,-7.92095],[110.49283,-7.92073],[110.49265,-7.9204],[110.49252,-7.92025],[110.49246,-7.92015],[110.49248,-7.92006],[110.493,-7.91925],[110.49313,-7.91901],[110.49333,-7.91856],[110.49341,-7.91842],[110.49407,-7.91753],[110.49433,-7.91729],[110.49464,-7.91701],[110.49484,-7.91679],[110.49493,-7.91666],[110.49503,-7.91629],[110.49504,-7.91624],[110.49507,-7.91587],[110.49513,-7.91536],[110.49517,-7.91516],[110.49528,-7.91495],[110.49555,-7.91467],[110.49567,-7.91451],[110.4957,-7.91444],[110.49575,-7.91439],[110.49588,-7.91397],[110.49591,-7.91378],[110.4959,-7.91355],[110.49586,-7.91274],[110.49585,-7.9127],[110.49582,-7.9122],[110.49581,-7.91203],[110.49585,-7.91158],[110.49594,-7.9112],[110.4961,-7.91071],[110.49625,-7.91028],[110.49653,-7.9085],[110.49664,-7.90815],[110.49693,-7.9071],[110.497,-7.90682],[110.49734,-7.90594],[110.49745,-7.90533],[110.49741,-7.90506],[110.49728,-7.90421],[110.49732,-7.90319],[110.49733,-7.90309],[110.49735,-7.90223],[110.49739,-7.90196],[110.49743,-7.90158],[110.49754,-7.90122],[110.49762,-7.90094],[110.49774,-7.90054],[110.49775,-7.90032],[110.49771,-7.90003],[110.49736,-7.89874],[110.49721,-7.89837],[110.49716,-7.89829],[110.49705,-7.89814],[110.4969,-7.89789],[110.49673,-7.89759],[110.49642,-7.89724],[110.49618,-7.89708],[110.49558,-7.89676],[110.49537,-7.89665],[110.49533,-7.89656],[110.49534,-7.89643],[110.49536,-7.89633],[110.49553,-7.89562],[110.49563,-7.89534],[110.49573,-7.89513],[110.49586,-7.89484],[110.49599,-7.89444],[110.49604,-7.89427],[110.49617,-7.89356],[110.49624,-7.89288],[110.49619,-7.8925],[110.49616,-7.89239],[110.49609,-7.89215],[110.49592,-7.89188],[110.49573,-7.89159],[110.49556,-7.89142],[110.49518,-7.89115],[110.49501,-7.89106],[110.49431,-7.89084],[110.49364,-7.89068],[110.4936,-7.89065],[110.49339,-7.89057],[110.49335,-7.89055],[110.49295,-7.89043],[110.49267,-7.89029],[110.49216,-7.88997],[110.49198,-7.88984],[110.49181,-7.88966],[110.49175,-7.88953],[110.49172,-7.8893],[110.49173,-7.88911],[110.49179,-7.88894],[110.49182,-7.88888],[110.49197,-7.88869],[110.49202,-7.88864],[110.49239,-7.88827],[110.49268,-7.88802],[110.49285,-7.8879],[110.49311,-7.88777],[110.49332,-7.88795],[110.49276,-7.88823],[110.49251,-7.88843],[110.49236,-7.88864],[110.49222,-7.88897],[110.49219,-7.88917],[110.49224,-7.88949],[110.49232,-7.88964],[110.49244,-7.88975],[110.49262,-7.8898],[110.49289,-7.88983],[110.49355,-7.88988],[110.49448,-7.89009],[110.49492,-7.89031],[110.49503,-7.89043],[110.49536,-7.89083],[110.49557,-7.89097],[110.49577,-7.89126],[110.49585,-7.89138],[110.49601,-7.89154],[110.49614,-7.8917],[110.49633,-7.89204],[110.49636,-7.89226],[110.49644,-7.89294],[110.49639,-7.89374],[110.49638,-7.89406],[110.49638,-7.8942],[110.49637,-7.89424],[110.49625,-7.89471],[110.49622,-7.89482],[110.4962,-7.89491],[110.49616,-7.89503],[110.49592,-7.89574],[110.49589,-7.89639],[110.49597,-7.8966],[110.49608,-7.89676],[110.49621,-7.89685],[110.49652,-7.89696],[110.49671,-7.89705],[110.49687,-7.89719],[110.49704,-7.89744],[110.49723,-7.89778],[110.49736,-7.89799],[110.49741,-7.89807],[110.49748,-7.89824],[110.49755,-7.89846],[110.49763,-7.89874],[110.49783,-7.89929],[110.49795,-7.8997],[110.498,-7.90001],[110.49799,-7.9006],[110.49791,-7.90109],[110.49787,-7.90134],[110.49781,-7.90154],[110.49769,-7.90184],[110.49758,-7.90216],[110.49754,-7.90253],[110.49752,-7.90308],[110.4975,-7.90385],[110.49747,-7.904],[110.49744,-7.90425],[110.49746,-7.90446],[110.49755,-7.90473],[110.4977,-7.9052],[110.49773,-7.90547],[110.49773,-7.90551],[110.4977,-7.90558],[110.49761,-7.9058],[110.49754,-7.9061],[110.49731,-7.90685],[110.49697,-7.9078],[110.49668,-7.90859],[110.49662,-7.90902],[110.49651,-7.90989],[110.49615,-7.91139],[110.49608,-7.91171],[110.49605,-7.91271],[110.49608,-7.91304],[110.49617,-7.91339],[110.49619,-7.91357],[110.49617,-7.91386],[110.49615,-7.91394],[110.49609,-7.9141],[110.49606,-7.91419],[110.49605,-7.9143],[110.49572,-7.91465],[110.49555,-7.91486],[110.49548,-7.91496],[110.49535,-7.91523],[110.49532,-7.91534],[110.49527,-7.91613],[110.49518,-7.91649],[110.49515,-7.91658],[110.49453,-7.91734],[110.49431,-7.91762],[110.49426,-7.91768],[110.49404,-7.91802],[110.49376,-7.91844],[110.49367,-7.91856],[110.49278,-7.91996],[110.49269,-7.92011],[110.49267,-7.92026],[110.49292,-7.92067],[110.49301,-7.92082],[110.49305,-7.92101],[110.49304,-7.9212],[110.49284,-7.92169],[110.49269,-7.92207],[110.49254,-7.92242],[110.49217,-7.92298],[110.49192,-7.92316],[110.49181,-7.92324],[110.49158,-7.92412],[110.49147,-7.92461],[110.49143,-7.92478],[110.49142,-7.92487],[110.49134,-7.92546],[110.4913,-7.92633],[110.4913,-7.92655],[110.4913,-7.92705],[110.49149,-7.92772],[110.49168,-7.92805],[110.49187,-7.92839],[110.49192,-7.92849],[110.49197,-7.92859],[110.49214,-7.92905],[110.49264,-7.93018],[110.49284,-7.93055],[110.49302,-7.9309],[110.49317,-7.9313],[110.49322,-7.93224],[110.49296,-7.9331],[110.49283,-7.93337],[110.49261,-7.9339],[110.49228,-7.93453],[110.49217,-7.93472],[110.49201,-7.93518],[110.49194,-7.93549],[110.49192,-7.93565],[110.49189,-7.9358],[110.49188,-7.93593],[110.49191,-7.93603],[110.49209,-7.93656],[110.49222,-7.93688],[110.49233,-7.93714],[110.49237,-7.93738],[110.49233,-7.93765],[110.49217,-7.93805],[110.49191,-7.93865],[110.4919,-7.93869],[110.49181,-7.93889],[110.49172,-7.939],[110.491,-7.93938],[110.49091,-7.93944],[110.4908,-7.93948],[110.49067,-7.93953],[110.49049,-7.93955],[110.49031,-7.9395],[110.49008,-7.93935],[110.48989,-7.93922],[110.48963,-7.93913],[110.48911,-7.9391],[110.48887,-7.93917],[110.48874,-7.93924],[110.48869,-7.93932],[110.48869,-7.93971],[110.48877,-7.93991],[110.48891,-7.94019],[110.48899,-7.94028],[110.48903,-7.9403],[110.48919,-7.94061],[110.48938,-7.94091],[110.48949,-7.94108],[110.48956,-7.94132],[110.4897,-7.94234],[110.48951,-7.94277],[110.48947,-7.94285],[110.48937,-7.94301],[110.48934,-7.94306],[110.48932,-7.9431],[110.4888,-7.94418],[110.48858,-7.94461],[110.48837,-7.94502],[110.48819,-7.94524],[110.48808,-7.94533],[110.48792,-7.94537],[110.48781,-7.94534],[110.48758,-7.94519],[110.48748,-7.94507],[110.48728,-7.94479],[110.48659,-7.94406],[110.4862,-7.94372],[110.48596,-7.94352],[110.48576,-7.94332],[110.48532,-7.94311],[110.48426,-7.94306],[110.484,-7.94298],[110.48373,-7.94286],[110.48291,-7.94245],[110.48283,-7.94242],[110.48265,-7.94237],[110.48231,-7.94226],[110.4818,-7.94221],[110.48163,-7.94224],[110.48151,-7.9423],[110.48141,-7.94242],[110.48082,-7.94275],[110.48056,-7.94289],[110.47988,-7.943],[110.47953,-7.94301],[110.47917,-7.94293],[110.47868,-7.9428],[110.47846,-7.94267],[110.4783,-7.9426],[110.47789,-7.9424],[110.47772,-7.94235],[110.47752,-7.94234],[110.47703,-7.94247],[110.47669,-7.94262],[110.4765,-7.94277],[110.47641,-7.94288],[110.47638,-7.9431],[110.4765,-7.94423],[110.47657,-7.94475],[110.47674,-7.94527],[110.47685,-7.94559],[110.47691,-7.94591],[110.4771,-7.94694],[110.47716,-7.94724],[110.47751,-7.94808],[110.47777,-7.94855],[110.47793,-7.94881],[110.47802,-7.94908],[110.47818,-7.94966],[110.4782,-7.94989],[110.47819,-7.95015],[110.47803,-7.95057],[110.47792,-7.95072],[110.47773,-7.95088],[110.4774,-7.95105],[110.47706,-7.95115],[110.47583,-7.95147],[110.4754,-7.95164],[110.47514,-7.95175],[110.47451,-7.95189],[110.47401,-7.95209],[110.47387,-7.95218],[110.47366,-7.95252],[110.47333,-7.95303],[110.47311,-7.95324],[110.47285,-7.95348],[110.47277,-7.95359],[110.47263,-7.95402],[110.47258,-7.95427],[110.47259,-7.95438],[110.47281,-7.9547],[110.47293,-7.95488],[110.47302,-7.95528],[110.47307,-7.95566],[110.47316,-7.95591],[110.47341,-7.9564],[110.47377,-7.95728],[110.47397,-7.95779],[110.47403,-7.95794],[110.47411,-7.95827],[110.47415,-7.95862],[110.4743,-7.95914],[110.47445,-7.95948],[110.47486,-7.96044],[110.47504,-7.96093],[110.47542,-7.96202],[110.47561,-7.96239],[110.47569,-7.96263],[110.47579,-7.96293],[110.47597,-7.96366],[110.47599,-7.96384],[110.47599,-7.9639],[110.47599,-7.96416],[110.47601,-7.96446],[110.47593,-7.965],[110.47587,-7.96526],[110.47556,-7.96603],[110.47538,-7.96643],[110.47534,-7.96652],[110.47515,-7.96673],[110.47492,-7.96687],[110.47475,-7.96694],[110.47453,-7.96697],[110.47396,-7.96686],[110.47357,-7.9668],[110.473,-7.9668],[110.47287,-7.96685],[110.47274,-7.96693],[110.47269,-7.96702],[110.47268,-7.96719],[110.47277,-7.96746],[110.47286,-7.96761],[110.47298,-7.96772],[110.4732,-7.96782],[110.47373,-7.96804],[110.47412,-7.96819],[110.47466,-7.96843],[110.47491,-7.96857],[110.47523,-7.96875],[110.4759,-7.96911],[110.47694,-7.96984],[110.47707,-7.96993],[110.47726,-7.97008],[110.47748,-7.97037],[110.4776,-7.97063],[110.47764,-7.9708],[110.47763,-7.97105],[110.47758,-7.97126],[110.47749,-7.97139],[110.47674,-7.97183],[110.47652,-7.97192],[110.47622,-7.97194],[110.47568,-7.97194],[110.47542,-7.97198],[110.47519,-7.97201],[110.47483,-7.97201],[110.47467,-7.97194],[110.47435,-7.97176],[110.47418,-7.97163],[110.47405,-7.97148],[110.47384,-7.97107],[110.47363,-7.97067],[110.47335,-7.97027],[110.47321,-7.97025],[110.47307,-7.97022],[110.47302,-7.9702],[110.4726,-7.97016],[110.47207,-7.97017],[110.47151,-7.97016],[110.47108,-7.97013],[110.4707,-7.97012],[110.46957,-7.96997],[110.46941,-7.96995],[110.46923,-7.96998],[110.46882,-7.97027],[110.46864,-7.97046],[110.4685,-7.97069],[110.46839,-7.97094],[110.46818,-7.97118],[110.46757,-7.97142],[110.46736,-7.97146],[110.46723,-7.97144],[110.46715,-7.97138],[110.4671,-7.97121],[110.46687,-7.97041],[110.46683,-7.97013],[110.46678,-7.97],[110.4667,-7.96991],[110.46653,-7.96983],[110.46645,-7.96983],[110.46625,-7.96982],[110.46621,-7.96983],[110.46604,-7.96988],[110.46594,-7.96992],[110.4659,-7.96993],[110.46548,-7.96983],[110.46483,-7.96955],[110.46465,-7.96944],[110.46452,-7.96935],[110.46387,-7.96896],[110.46354,-7.96871],[110.46339,-7.96856],[110.46328,-7.96839],[110.46324,-7.96801],[110.46337,-7.96743],[110.46344,-7.96725],[110.46356,-7.96709],[110.46449,-7.96653],[110.46466,-7.96645],[110.46477,-7.96639],[110.46516,-7.96624],[110.46535,-7.96621],[110.46562,-7.96625],[110.46596,-7.96638],[110.46638,-7.9666],[110.46657,-7.96668],[110.46691,-7.96672],[110.4671,-7.96671],[110.46733,-7.96666],[110.46745,-7.96658],[110.46762,-7.9664],[110.46786,-7.96581],[110.46794,-7.96561],[110.46805,-7.96538],[110.46828,-7.96483],[110.46851,-7.96446],[110.46904,-7.96418],[110.46932,-7.96406],[110.46963,-7.9639],[110.47007,-7.96361],[110.47042,-7.96298],[110.47054,-7.96265],[110.47055,-7.9625],[110.47052,-7.9624],[110.47032,-7.96221],[110.46989,-7.96184],[110.46964,-7.96163],[110.46943,-7.96151],[110.46896,-7.96137],[110.46825,-7.96111],[110.46793,-7.96095],[110.46761,-7.96076],[110.46735,-7.9606],[110.4668,-7.96036],[110.46529,-7.95968],[110.46515,-7.95958],[110.46494,-7.95932],[110.46467,-7.95876],[110.4646,-7.95862],[110.46442,-7.95821],[110.46429,-7.95794],[110.46425,-7.95774],[110.46424,-7.95747],[110.46427,-7.95736],[110.46452,-7.95703],[110.46467,-7.95694],[110.46486,-7.95683],[110.46517,-7.95664],[110.46544,-7.95648],[110.46593,-7.95632],[110.46617,-7.9562],[110.46669,-7.95595],[110.46686,-7.95589],[110.46702,-7.95572],[110.46712,-7.95554],[110.46717,-7.95525],[110.46716,-7.95508],[110.46702,-7.95479],[110.46686,-7.95455],[110.46672,-7.95443],[110.46648,-7.95434],[110.46625,-7.95429],[110.46589,-7.9543],[110.4657,-7.95437],[110.4654,-7.95452],[110.46534,-7.95455],[110.46519,-7.95463],[110.46501,-7.9548],[110.46487,-7.95503],[110.46471,-7.95525],[110.46467,-7.95529],[110.46461,-7.95534],[110.46426,-7.9554],[110.46283,-7.95534],[110.46259,-7.95535],[110.46224,-7.95546],[110.46198,-7.95555],[110.46175,-7.95561],[110.46141,-7.95572],[110.46047,-7.95631],[110.4602,-7.95649],[110.45972,-7.95667],[110.45942,-7.95674],[110.45912,-7.95679],[110.45841,-7.95698],[110.45756,-7.95734],[110.45739,-7.95744],[110.45717,-7.95764],[110.45676,-7.95827],[110.45661,-7.95852],[110.45653,-7.95881],[110.45653,-7.9594],[110.4566,-7.95972],[110.45673,-7.95993],[110.45691,-7.96014],[110.45735,-7.96037],[110.45776,-7.96055],[110.45785,-7.96063],[110.45798,-7.96097],[110.45803,-7.96116],[110.45804,-7.96137],[110.45784,-7.96185],[110.45774,-7.96211],[110.45767,-7.96252],[110.45753,-7.96313],[110.45748,-7.96336],[110.45748,-7.96404],[110.45746,-7.96427],[110.45744,-7.96439],[110.45748,-7.96468],[110.45751,-7.96514],[110.4575,-7.96534],[110.45726,-7.9659],[110.4571,-7.96619],[110.45692,-7.96641],[110.45664,-7.9667],[110.4564,-7.96693],[110.45634,-7.96697],[110.45589,-7.96729],[110.4557,-7.96736],[110.45531,-7.96749],[110.45511,-7.96754],[110.4549,-7.96752],[110.4547,-7.96746],[110.45454,-7.96736],[110.45445,-7.96723],[110.4543,-7.96645],[110.45426,-7.96621],[110.45416,-7.96591],[110.45386,-7.96536],[110.4535,-7.96454],[110.45334,-7.96427],[110.4531,-7.96405],[110.45286,-7.96383],[110.45249,-7.9635],[110.45215,-7.96325],[110.45173,-7.96301],[110.45147,-7.96288],[110.45108,-7.96252],[110.45094,-7.96235],[110.45078,-7.96204],[110.45074,-7.96173],[110.45071,-7.96155],[110.4506,-7.96132],[110.45051,-7.96115],[110.45046,-7.96091],[110.45045,-7.96074],[110.45059,-7.96042],[110.45073,-7.96014],[110.45077,-7.95996],[110.45086,-7.95951],[110.45104,-7.9587],[110.45111,-7.95833],[110.45103,-7.95767],[110.45097,-7.95679],[110.45107,-7.9557],[110.4512,-7.95524],[110.45128,-7.95505],[110.45143,-7.95486],[110.4516,-7.95471],[110.45178,-7.95462],[110.45185,-7.95461],[110.45213,-7.95457],[110.45322,-7.95407],[110.45399,-7.95352],[110.45465,-7.95277],[110.45475,-7.95258],[110.45479,-7.95239],[110.45479,-7.95217],[110.45473,-7.95198],[110.45463,-7.95172],[110.4544,-7.95108],[110.45428,-7.95078],[110.45396,-7.95029],[110.45356,-7.94966],[110.45331,-7.94925],[110.45327,-7.94919],[110.4531,-7.94889],[110.45283,-7.94857],[110.45264,-7.94834],[110.45252,-7.94816],[110.45197,-7.94766],[110.45176,-7.94751],[110.45146,-7.94737],[110.45026,-7.94716],[110.44958,-7.94715],[110.4494,-7.94715],[110.4492,-7.94724],[110.44861,-7.94778],[110.44838,-7.948],[110.44821,-7.94817],[110.44784,-7.9484],[110.44695,-7.94865],[110.44631,-7.94896],[110.44619,-7.94898],[110.44591,-7.94907],[110.44558,-7.94927],[110.44533,-7.94949],[110.44493,-7.94987],[110.44446,-7.95027],[110.44427,-7.95049],[110.44401,-7.95084],[110.44391,-7.95102],[110.44381,-7.95119],[110.44374,-7.95139],[110.4437,-7.95169],[110.44371,-7.95209],[110.44376,-7.95231],[110.44387,-7.95255],[110.44454,-7.9538],[110.44461,-7.95419],[110.44469,-7.95525],[110.44474,-7.9558],[110.44487,-7.95709],[110.4449,-7.9575],[110.4449,-7.95798],[110.44481,-7.95863],[110.44477,-7.95922],[110.44477,-7.95992],[110.44477,-7.96019],[110.44473,-7.96056],[110.44465,-7.96129],[110.44452,-7.96237],[110.44451,-7.96264],[110.44445,-7.96378],[110.44428,-7.96477],[110.44428,-7.965],[110.44429,-7.9651],[110.44436,-7.96521],[110.44447,-7.96532],[110.44468,-7.96548],[110.44484,-7.9656],[110.4458,-7.96602],[110.44598,-7.96614],[110.44628,-7.96643],[110.4464,-7.96655],[110.44621,-7.9667],[110.4459,-7.96646],[110.44554,-7.96619],[110.44486,-7.96575],[110.44463,-7.96567],[110.44444,-7.96566],[110.44434,-7.96571],[110.44427,-7.96581],[110.44415,-7.96604],[110.44388,-7.96659],[110.44356,-7.96696],[110.44343,-7.96704],[110.4431,-7.9673],[110.44284,-7.96742],[110.44234,-7.9676],[110.4421,-7.96762],[110.44167,-7.96764],[110.44041,-7.96758],[110.43992,-7.96749],[110.43935,-7.96737],[110.43896,-7.96731],[110.43794,-7.96715],[110.4371,-7.96697],[110.43674,-7.96689],[110.43659,-7.96691],[110.43631,-7.96695],[110.43586,-7.96693],[110.43488,-7.96667],[110.43455,-7.96648],[110.43431,-7.96631],[110.434,-7.96601],[110.43359,-7.96561],[110.43317,-7.96521],[110.4329,-7.96485],[110.43287,-7.96481],[110.43275,-7.96456],[110.43251,-7.96408],[110.43199,-7.96319],[110.43179,-7.96305],[110.43166,-7.96304],[110.43112,-7.96306],[110.43103,-7.96303],[110.43084,-7.96292],[110.43068,-7.96277],[110.43035,-7.96247],[110.43024,-7.96231],[110.43022,-7.9622],[110.43019,-7.96175],[110.43009,-7.96137],[110.43003,-7.96112],[110.43002,-7.96092],[110.43007,-7.96075],[110.43022,-7.96049],[110.43037,-7.96023],[110.43044,-7.95992],[110.43047,-7.95973],[110.43046,-7.9595],[110.4304,-7.95931],[110.43027,-7.95907],[110.43008,-7.95887],[110.42983,-7.95871],[110.42964,-7.95864],[110.42951,-7.95865],[110.42873,-7.95879],[110.42856,-7.95874],[110.42814,-7.95851],[110.42789,-7.95831],[110.4277,-7.9581],[110.4276,-7.95798],[110.42753,-7.95782],[110.42732,-7.95718],[110.42671,-7.9563],[110.42638,-7.95599],[110.42546,-7.95506],[110.42494,-7.95459],[110.42481,-7.95438],[110.42462,-7.95399],[110.42457,-7.95367],[110.4246,-7.95268],[110.42479,-7.95201],[110.42491,-7.95166],[110.42515,-7.95097],[110.42521,-7.95062],[110.42526,-7.95035],[110.42532,-7.95013],[110.42551,-7.94982],[110.42592,-7.94928],[110.42613,-7.94913],[110.42619,-7.94911],[110.42646,-7.949],[110.42683,-7.94892],[110.42691,-7.94872],[110.42724,-7.94741],[110.4273,-7.94705],[110.42724,-7.94675],[110.42715,-7.94651],[110.42698,-7.9462],[110.42681,-7.94603],[110.42657,-7.94588],[110.4263,-7.94578],[110.42574,-7.94554],[110.42547,-7.94545],[110.42527,-7.94544],[110.4251,-7.94547],[110.42491,-7.9456],[110.42466,-7.94578],[110.42454,-7.94587],[110.4244,-7.94585],[110.4243,-7.9458],[110.42403,-7.94574],[110.42222,-7.94572],[110.42162,-7.94564],[110.42087,-7.94566],[110.42058,-7.94561],[110.42041,-7.94559],[110.42002,-7.94554],[110.41984,-7.94553],[110.41874,-7.94551],[110.4183,-7.94555],[110.41798,-7.9456],[110.41748,-7.94574],[110.41689,-7.94589],[110.41665,-7.94595],[110.41609,-7.94612],[110.41586,-7.94618],[110.41516,-7.946],[110.41444,-7.94585],[110.41421,-7.94579],[110.41344,-7.9454],[110.4125,-7.94464],[110.41209,-7.94422],[110.41183,-7.94393],[110.41168,-7.94382],[110.41122,-7.94367],[110.41097,-7.94364],[110.4106,-7.94365],[110.40981,-7.94386],[110.40957,-7.94393],[110.40944,-7.94398],[110.40916,-7.94409],[110.40912,-7.94411],[110.40867,-7.94429],[110.4084,-7.94437],[110.40707,-7.94426],[110.40614,-7.94423],[110.40583,-7.94426],[110.40544,-7.9443],[110.40532,-7.94433],[110.40428,-7.94464],[110.404,-7.94473],[110.40333,-7.94505],[110.4029,-7.94518],[110.4025,-7.94541],[110.40235,-7.94547],[110.40196,-7.94551],[110.4016,-7.94551],[110.40133,-7.94557],[110.40117,-7.94561],[110.40085,-7.9457],[110.39987,-7.94582],[110.39867,-7.94606],[110.3984,-7.9461],[110.39801,-7.94614],[110.39744,-7.94619],[110.39717,-7.9462],[110.39683,-7.94623],[110.39623,-7.94616],[110.39561,-7.94614],[110.39539,-7.94613],[110.39506,-7.94617],[110.39486,-7.94623],[110.3946,-7.94637],[110.39415,-7.94678],[110.3941,-7.94682],[110.39383,-7.947],[110.39365,-7.94716],[110.39298,-7.94771],[110.39252,-7.94811],[110.3922,-7.94837],[110.39178,-7.9487],[110.39161,-7.94882],[110.39148,-7.94891],[110.39127,-7.94913],[110.39123,-7.94915],[110.39021,-7.94998],[110.38936,-7.95079],[110.38903,-7.9511],[110.38897,-7.95116],[110.38866,-7.95139],[110.38832,-7.95162],[110.38829,-7.95163],[110.38806,-7.95171],[110.38749,-7.95184],[110.38699,-7.9519],[110.38668,-7.95191],[110.38651,-7.95198],[110.38636,-7.95198],[110.3858,-7.95199],[110.38574,-7.952],[110.38429,-7.95196],[110.3836,-7.95191],[110.38341,-7.95189],[110.3831,-7.95183],[110.38285,-7.95172],[110.3827,-7.95162],[110.38258,-7.95154],[110.38185,-7.95097],[110.38176,-7.95089],[110.38151,-7.9506],[110.38125,-7.95031],[110.38117,-7.95024],[110.38097,-7.95009],[110.38083,-7.94998],[110.37998,-7.94941],[110.37981,-7.94945],[110.37967,-7.94953],[110.37956,-7.94965],[110.37952,-7.94977],[110.37952,-7.95033],[110.37949,-7.95065],[110.37944,-7.95092],[110.37947,-7.95102],[110.37952,-7.95105],[110.3796,-7.9511],[110.37976,-7.95137],[110.37986,-7.95163],[110.37988,-7.95184],[110.37991,-7.95204],[110.3799,-7.95208],[110.37962,-7.9527],[110.37953,-7.95282],[110.37937,-7.953],[110.37914,-7.95303],[110.37811,-7.95376],[110.37772,-7.95392],[110.37754,-7.95401],[110.37736,-7.9541],[110.37681,-7.95443],[110.3767,-7.9545],[110.37661,-7.95458],[110.37645,-7.95465],[110.37526,-7.95499],[110.375,-7.955],[110.37451,-7.95502],[110.37436,-7.95529],[110.3743,-7.95533],[110.3742,-7.95535],[110.37411,-7.95537],[110.37401,-7.95533],[110.37397,-7.95527],[110.37394,-7.95507],[110.37389,-7.95504],[110.37373,-7.95507],[110.37363,-7.95511],[110.37346,-7.95506],[110.37329,-7.95495],[110.37326,-7.95492],[110.37321,-7.95489],[110.37199,-7.95392],[110.37169,-7.95374],[110.37135,-7.95361],[110.37111,-7.95358],[110.37044,-7.95359],[110.3703,-7.95364],[110.37008,-7.95377],[110.37001,-7.95379],[110.36996,-7.95382],[110.36975,-7.95405],[110.36941,-7.95432],[110.36899,-7.95459],[110.36872,-7.95474],[110.36781,-7.95557],[110.36764,-7.95574],[110.36739,-7.95589],[110.36718,-7.95603],[110.36671,-7.9562],[110.36645,-7.95625],[110.36627,-7.95625],[110.36618,-7.95622],[110.36606,-7.95616],[110.3658,-7.95603],[110.36562,-7.95598],[110.36545,-7.95601],[110.36507,-7.95631],[110.36483,-7.9565],[110.36416,-7.95688],[110.36379,-7.95706],[110.36358,-7.95713],[110.36338,-7.95719],[110.36306,-7.95723],[110.36289,-7.95726],[110.36269,-7.95729],[110.36233,-7.9574],[110.36194,-7.95752],[110.3612,-7.95775],[110.36104,-7.9578],[110.3607,-7.95796],[110.35991,-7.95836],[110.35956,-7.95849],[110.35913,-7.9586],[110.35909,-7.95861],[110.35884,-7.95867],[110.35819,-7.95885],[110.35723,-7.95912],[110.35597,-7.95932],[110.35572,-7.95936],[110.35564,-7.95938],[110.35529,-7.9594],[110.35464,-7.95945],[110.35451,-7.95946],[110.35428,-7.95949],[110.3541,-7.95951],[110.35306,-7.96],[110.35287,-7.96009],[110.3527,-7.96023],[110.35253,-7.96045],[110.35235,-7.96069],[110.35211,-7.96108],[110.35201,-7.96133],[110.35177,-7.96225],[110.35175,-7.96232],[110.35171,-7.96275],[110.35161,-7.96326],[110.35154,-7.96351],[110.35142,-7.96382],[110.35122,-7.96442],[110.35101,-7.96503],[110.35076,-7.96559],[110.35053,-7.96602],[110.35032,-7.96626],[110.34986,-7.96676],[110.3497,-7.96689],[110.34946,-7.96711],[110.3494,-7.96713],[110.34901,-7.96738],[110.34883,-7.96741],[110.3486,-7.96745],[110.3482,-7.96758],[110.3479,-7.96771],[110.34762,-7.96795],[110.34711,-7.96847],[110.34691,-7.96894],[110.34687,-7.96903],[110.34674,-7.96935],[110.34662,-7.96954],[110.34651,-7.96969],[110.34644,-7.96992],[110.34643,-7.97026],[110.34659,-7.97125],[110.34683,-7.97195],[110.34694,-7.97219],[110.34706,-7.97242],[110.34716,-7.97271],[110.34726,-7.97308],[110.34743,-7.97376],[110.34747,-7.97413],[110.34747,-7.9743],[110.34741,-7.97438],[110.3473,-7.97452],[110.34714,-7.97478],[110.34705,-7.9749],[110.34697,-7.97501],[110.34693,-7.9752],[110.3468,-7.97574],[110.34646,-7.97619],[110.34631,-7.97631],[110.34596,-7.97657],[110.34528,-7.97658],[110.3449,-7.97646],[110.34436,-7.97647],[110.34432,-7.97646],[110.34425,-7.97645],[110.34408,-7.97638],[110.34373,-7.97631],[110.34355,-7.97627],[110.34321,-7.97614],[110.34298,-7.97603],[110.34276,-7.97596],[110.34231,-7.97583],[110.34143,-7.97578],[110.34124,-7.9758],[110.34083,-7.97593],[110.3405,-7.97607],[110.34022,-7.97617],[110.34003,-7.97624],[110.33944,-7.97643],[110.33906,-7.97649],[110.33888,-7.97651],[110.33859,-7.97653],[110.33837,-7.9766],[110.33706,-7.97692],[110.33631,-7.97729],[110.33621,-7.97731],[110.33596,-7.97737],[110.33546,-7.97747],[110.33508,-7.97755],[110.33501,-7.97757],[110.33492,-7.9776],[110.33485,-7.97763],[110.33439,-7.9778],[110.33399,-7.97795],[110.33378,-7.97802],[110.3335,-7.97807],[110.3332,-7.97824],[110.33281,-7.97855],[110.33261,-7.97868],[110.33177,-7.97922],[110.33153,-7.97937],[110.33143,-7.97945],[110.33105,-7.97975],[110.33076,-7.97993],[110.33034,-7.98015],[110.33009,-7.98039],[110.32952,-7.98084],[110.32933,-7.98102],[110.32912,-7.98132],[110.32904,-7.98147],[110.32901,-7.98151],[110.32885,-7.98193],[110.32883,-7.98211],[110.32883,-7.98223],[110.3288,-7.98261],[110.32871,-7.98284],[110.32867,-7.98296],[110.32855,-7.98324],[110.32837,-7.98364],[110.32825,-7.98383],[110.32806,-7.984],[110.32765,-7.98427],[110.32753,-7.98431],[110.32735,-7.98438],[110.32695,-7.98452],[110.3265,-7.98455],[110.3258,-7.98448],[110.32469,-7.98434],[110.32463,-7.98434],[110.32458,-7.98434],[110.32431,-7.98429],[110.32385,-7.98413],[110.32361,-7.98406],[110.32344,-7.98405],[110.32304,-7.9841],[110.32232,-7.98432],[110.32202,-7.9845],[110.3215,-7.9849],[110.321,-7.98524],[110.32079,-7.98538],[110.32051,-7.98549],[110.32031,-7.98559],[110.32018,-7.98571],[110.32018,-7.98577],[110.32015,-7.98583],[110.32006,-7.98596],[110.31964,-7.98692],[110.31929,-7.98724],[110.31907,-7.98743],[110.31883,-7.98766],[110.31863,-7.98785],[110.3185,-7.98792],[110.31828,-7.98806],[110.31795,-7.98823],[110.31754,-7.98837],[110.31698,-7.98875],[110.31684,-7.98897],[110.3168,-7.98941],[110.31671,-7.98953],[110.3165,-7.9897],[110.31615,-7.98996],[110.31577,-7.99017],[110.31561,-7.99024],[110.31546,-7.99033],[110.31537,-7.99038],[110.31502,-7.99059],[110.31478,-7.99073],[110.31456,-7.99086],[110.3139,-7.99121],[110.31364,-7.99134],[110.31318,-7.99154],[110.313,-7.99169],[110.31271,-7.99191],[110.31244,-7.99208],[110.31199,-7.99236],[110.31159,-7.99256],[110.3114,-7.99265],[110.31113,-7.99278],[110.31094,-7.99284],[110.3108,-7.9929],[110.31034,-7.99312],[110.31012,-7.99316],[110.30978,-7.99323],[110.30955,-7.99335],[110.30806,-7.99437],[110.30782,-7.99454],[110.30733,-7.99498],[110.3073,-7.99502],[110.30716,-7.99517],[110.30704,-7.9953],[110.3068,-7.99558],[110.30665,-7.99584],[110.30622,-7.99655],[110.3059,-7.99703],[110.30584,-7.99726],[110.30575,-7.99755],[110.30562,-7.99762],[110.30542,-7.99775],[110.30515,-7.99796],[110.30503,-7.99811],[110.30458,-7.99877],[110.30456,-7.9988],[110.30438,-7.99896],[110.30416,-7.99917],[110.30367,-7.99972],[110.30353,-7.99987],[110.30342,-8.0],[110.3034,-8.00006],[110.30328,-8.00022],[110.30312,-8.00034],[110.30286,-8.00057],[110.30191,-8.00127],[110.30171,-8.00142],[110.30149,-8.00159],[110.30077,-8.00218],[110.30057,-8.00244],[110.30042,-8.00269],[110.30014,-8.00323],[110.30003,-8.00343],[110.29998,-8.00355],[110.29992,-8.00368],[110.29989,-8.00372],[110.2996,-8.00407],[110.29845,-8.0053],[110.29808,-8.0058],[110.29795,-8.00597],[110.29788,-8.00616],[110.29732,-8.00701],[110.29707,-8.00726],[110.29678,-8.00752],[110.29647,-8.00774],[110.29608,-8.00789],[110.29574,-8.00808],[110.29529,-8.00847],[110.29501,-8.00858],[110.29468,-8.00862],[110.29466,-8.00862],[110.29426,-8.0086],[110.294,-8.00857],[110.29352,-8.0086],[110.29242,-8.00922],[110.29191,-8.00938],[110.29181,-8.00948],[110.29165,-8.00974],[110.29153,-8.00985],[110.29115,-8.01003],[110.2911,-8.01006],[110.29081,-8.01026],[110.2908,-8.01028],[110.29074,-8.01032],[110.29049,-8.01044],[110.2901,-8.01063],[110.28965,-8.01092],[110.28953,-8.01094],[110.28914,-8.01096],[110.28894,-8.01097],[110.28877,-8.01098],[110.28846,-8.01088],[110.28828,-8.01077],[110.28827,-8.01075],[110.28814,-8.01059],[110.28803,-8.01049],[110.28781,-8.01039],[110.28737,-8.01028],[110.28711,-8.01026],[110.28689,-8.01025],[110.28651,-8.01021],[110.28628,-8.01015],[110.28603,-8.01008],[110.28473,-8.01003],[110.2845,-8.00993],[110.28434,-8.00998],[110.28383,-8.01013],[110.28339,-8.01026],[110.28327,-8.01038],[110.28324,-8.01047],[110.28324,-8.01051],[110.28329,-8.01054],[110.28359,-8.01055],[110.28387,-8.01056],[110.28421,-8.01043],[110.2844,-8.01036],[110.28452,-8.01032],[110.28463,-8.01025],[110.28469,-8.01029],[110.28428,-8.01054],[110.28355,-8.01081],[110.28358,-8.01097],[110.28359,-8.01105],[110.28353,-8.01107],[110.2833,-8.01101],[110.28315,-8.01092],[110.28304,-8.0108],[110.28297,-8.0107],[110.28289,-8.01068],[110.28276,-8.01064],[110.28255,-8.0105],[110.28225,-8.01038],[110.28129,-8.01038],[110.28098,-8.01053],[110.28077,-8.01051],[110.28053,-8.01046],[110.28041,-8.01042],[110.28029,-8.01029],[110.28024,-8.01025],[110.28018,-8.0102],[110.28005,-8.01017],[110.27952,-8.01016],[110.27951,-8.01024],[110.27949,-8.01056],[110.27942,-8.01057],[110.27917,-8.01054],[110.27903,-8.01054],[110.27909,-8.0104],[110.2791,-8.01033],[110.27904,-8.0103],[110.27892,-8.01031],[110.27879,-8.01029],[110.27871,-8.01024],[110.27867,-8.01023],[110.27795,-8.00976],[110.27711,-8.00944],[110.27671,-8.00932],[110.27625,-8.00907],[110.27604,-8.0089],[110.27589,-8.00885],[110.2757,-8.00882],[110.27541,-8.00874],[110.27488,-8.00871],[110.27471,-8.00869],[110.27452,-8.00861],[110.27386,-8.00852],[110.27353,-8.00839],[110.27328,-8.00835],[110.27315,-8.00832],[110.27294,-8.00818],[110.27261,-8.00809],[110.27208,-8.00795],[110.27127,-8.00767],[110.27005,-8.00713],[110.26964,-8.00704],[110.26949,-8.007],[110.26934,-8.00693],[110.26922,-8.0069],[110.26902,-8.00686],[110.26867,-8.00678],[110.26856,-8.00675],[110.26843,-8.00663],[110.26828,-8.00649],[110.26813,-8.00641],[110.26794,-8.00635],[110.26765,-8.00614],[110.26713,-8.00587],[110.26683,-8.00576],[110.2665,-8.00571],[110.26585,-8.00569],[110.26545,-8.00567],[110.2652,-8.00564],[110.26515,-8.00562],[110.26522,-8.00545],[110.26526,-8.00545],[110.2655,-8.00544],[110.26602,-8.00542],[110.26648,-8.00541],[110.26675,-8.00545],[110.26707,-8.00547],[110.26717,-8.00546],[110.26694,-8.00528],[110.26685,-8.00518],[110.26679,-8.00507],[110.2668,-8.005],[110.26689,-8.00494],[110.26708,-8.00495],[110.26727,-8.00499],[110.26749,-8.0051],[110.26753,-8.00508],[110.26794,-8.00504],[110.26812,-8.0049],[110.26828,-8.00477],[110.26842,-8.00458],[110.26853,-8.00394],[110.26858,-8.0037],[110.26876,-8.00376],[110.26879,-8.00374],[110.26874,-8.00336],[110.26876,-8.00304],[110.26895,-8.00254],[110.26895,-8.00207],[110.26899,-8.00182],[110.26911,-8.00157],[110.2692,-8.0014],[110.26924,-8.00119],[110.26912,-8.00066],[110.26912,-8.00042],[110.26915,-8.0],[110.26915,-7.99996],[110.26917,-7.99974],[110.26918,-7.99966],[110.26927,-7.99914],[110.26929,-7.99875],[110.26929,-7.99837],[110.2694,-7.99816],[110.26947,-7.99807],[110.26964,-7.998],[110.26979,-7.99794],[110.27,-7.99756],[110.2701,-7.99738],[110.27013,-7.99731],[110.27017,-7.99719],[110.27019,-7.99701],[110.26995,-7.99662],[110.26985,-7.99633],[110.2698,-7.99605],[110.26978,-7.99599],[110.26944,-7.99595],[110.26926,-7.99592],[110.26917,-7.99589],[110.26913,-7.99582],[110.26918,-7.99557],[110.26926,-7.99542],[110.26941,-7.99526],[110.26953,-7.99516],[110.26956,-7.99513],[110.26963,-7.99503],[110.26967,-7.9949],[110.26967,-7.99479],[110.26959,-7.99468],[110.26925,-7.99453],[110.26915,-7.99449],[110.26906,-7.9944],[110.26904,-7.99408],[110.26905,-7.99397],[110.26919,-7.99377],[110.26937,-7.99356],[110.2695,-7.9933],[110.26959,-7.99309],[110.26968,-7.99296],[110.26982,-7.99288],[110.26999,-7.99281],[110.27021,-7.99267],[110.27027,-7.99258],[110.27029,-7.99249],[110.27016,-7.99208],[110.27014,-7.99199],[110.27014,-7.9919],[110.27022,-7.99181],[110.27039,-7.99173],[110.2705,-7.99172],[110.27082,-7.99171],[110.27125,-7.99176],[110.2713,-7.99177],[110.27199,-7.99179],[110.27205,-7.99179],[110.27244,-7.99183],[110.27273,-7.99185],[110.27286,-7.99185],[110.27295,-7.9918],[110.27299,-7.99173],[110.273,-7.99169],[110.27308,-7.99146],[110.27316,-7.9912],[110.27333,-7.99071],[110.2735,-7.99003],[110.27374,-7.98904],[110.27382,-7.98882],[110.27404,-7.98848],[110.27428,-7.98814],[110.27441,-7.98799],[110.27462,-7.98774],[110.27466,-7.9877],[110.27473,-7.9876],[110.27499,-7.98726],[110.2754,-7.98668],[110.27551,-7.98651],[110.27565,-7.98636],[110.27584,-7.9861],[110.27597,-7.98593],[110.27617,-7.98566],[110.27634,-7.98545],[110.2774,-7.98399],[110.27764,-7.98368],[110.27768,-7.98363],[110.27772,-7.98358],[110.27784,-7.98342],[110.27803,-7.98316],[110.27839,-7.98269],[110.27852,-7.98253],[110.27886,-7.9821],[110.27921,-7.98163],[110.27973,-7.98094],[110.27989,-7.98073],[110.28004,-7.98054],[110.28045,-7.98009],[110.2814,-7.97868],[110.2815,-7.9785],[110.28175,-7.97812],[110.28181,-7.97803],[110.28184,-7.97792],[110.28183,-7.9778],[110.28166,-7.97759],[110.28162,-7.97752],[110.28162,-7.97733],[110.28183,-7.97674],[110.28186,-7.97668],[110.28208,-7.97626],[110.28193,-7.9767],[110.2819,-7.97676],[110.28175,-7.97724],[110.28172,-7.97742],[110.28194,-7.9778],[110.28196,-7.97789],[110.2815,-7.97868],[110.28132,-7.97897],[110.28079,-7.97985],[110.2804,-7.98034],[110.28019,-7.98059],[110.27953,-7.98141],[110.27935,-7.98164],[110.27925,-7.98179],[110.27832,-7.98299],[110.278,-7.98343],[110.27797,-7.98346],[110.27782,-7.98362],[110.27777,-7.98369],[110.27759,-7.98395],[110.2773,-7.98437],[110.27691,-7.98487],[110.27674,-7.98508],[110.2764,-7.98551],[110.27615,-7.98589],[110.27594,-7.98616],[110.27548,-7.98682],[110.27519,-7.98719],[110.27473,-7.9878],[110.27422,-7.98846],[110.27393,-7.98892],[110.27371,-7.98968],[110.27366,-7.98987],[110.27332,-7.99119],[110.27325,-7.99151],[110.27322,-7.99161],[110.27316,-7.99179],[110.27309,-7.99188],[110.27294,-7.99196],[110.27275,-7.99198],[110.27213,-7.99189],[110.27162,-7.99185],[110.27084,-7.99187],[110.2706,-7.99189],[110.27047,-7.99191],[110.27037,-7.99193],[110.27026,-7.99201],[110.27021,-7.9921],[110.27037,-7.99256],[110.27041,-7.99271],[110.27039,-7.99279],[110.26998,-7.99299],[110.26976,-7.99312],[110.26965,-7.99324],[110.26953,-7.99351],[110.26948,-7.9937],[110.26947,-7.99406],[110.26953,-7.99427],[110.26961,-7.99444],[110.26968,-7.99453],[110.26979,-7.99465],[110.26983,-7.99481],[110.26979,-7.99497],[110.26972,-7.9951],[110.26969,-7.99516],[110.26931,-7.99561],[110.26926,-7.99568],[110.26926,-7.99577],[110.26933,-7.99585],[110.26978,-7.99587],[110.26984,-7.99588],[110.26996,-7.9964],[110.27002,-7.9966],[110.27021,-7.9968],[110.2703,-7.99691],[110.27029,-7.99714],[110.27015,-7.9975],[110.27007,-7.9977],[110.26991,-7.99804],[110.26953,-7.99818],[110.26944,-7.99824],[110.26938,-7.99912],[110.26938,-7.99919],[110.26936,-7.9994],[110.26934,-7.99973],[110.26931,-8.0],[110.26926,-8.00038],[110.26926,-8.00062],[110.26937,-8.00102],[110.26942,-8.0012],[110.2694,-8.00141],[110.26929,-8.0016],[110.26919,-8.00177],[110.26914,-8.00191],[110.26917,-8.00202],[110.26918,-8.00257],[110.26903,-8.00311],[110.269,-8.0033],[110.26904,-8.00343],[110.2691,-8.00355],[110.26922,-8.00364],[110.26933,-8.0037],[110.26952,-8.00396],[110.26961,-8.00416],[110.26966,-8.00466],[110.26966,-8.005],[110.26938,-8.0054],[110.26934,-8.00554],[110.26935,-8.00561],[110.26957,-8.00572],[110.26982,-8.00577],[110.27063,-8.00561],[110.27091,-8.00554],[110.27103,-8.00553],[110.27111,-8.00546],[110.27113,-8.00534],[110.27112,-8.0052],[110.27115,-8.00515],[110.2713,-8.00517],[110.27143,-8.00529],[110.27153,-8.00539],[110.2727,-8.00565],[110.27334,-8.00567],[110.27338,-8.00558],[110.27347,-8.0053],[110.27355,-8.0051],[110.27362,-8.00502],[110.27379,-8.00502],[110.27387,-8.00503],[110.27379,-8.00563],[110.27381,-8.0057],[110.27402,-8.00583],[110.27439,-8.00597],[110.27456,-8.00599],[110.27488,-8.00609],[110.27506,-8.00612],[110.27528,-8.00614],[110.27575,-8.00636],[110.27593,-8.00642],[110.27668,-8.00681],[110.27673,-8.00681],[110.27687,-8.00681],[110.27704,-8.00669],[110.27754,-8.00583],[110.27773,-8.00554],[110.27784,-8.00538],[110.27825,-8.00421],[110.27836,-8.00378],[110.27855,-8.00349],[110.27871,-8.00337],[110.27933,-8.0032],[110.28046,-8.00324],[110.28067,-8.00326],[110.28082,-8.00326],[110.28094,-8.0033],[110.28117,-8.00346],[110.28136,-8.00359],[110.28163,-8.00362],[110.28178,-8.00362],[110.28231,-8.00341],[110.28259,-8.00329],[110.28319,-8.00295],[110.28342,-8.00273],[110.28375,-8.00247],[110.28397,-8.00234],[110.28416,-8.00228],[110.2843,-8.00224],[110.28439,-8.0022],[110.28515,-8.00194],[110.28558,-8.00174],[110.28569,-8.00166],[110.28583,-8.0011],[110.28593,-8.00079],[110.28605,-8.00054],[110.28615,-8.00044],[110.28648,-8.00031],[110.28754,-8.00006],[110.28783,-8.0],[110.28846,-7.99988],[110.28894,-7.99974],[110.2891,-7.99971],[110.28955,-7.99977],[110.29003,-7.99983],[110.29058,-7.99992],[110.29097,-7.99998],[110.29116,-8.0],[110.29143,-8.00004],[110.292,-8.00023],[110.29214,-8.00028],[110.29214,-8.00036],[110.2922,-8.0005],[110.29184,-8.00035],[110.2917,-8.00029],[110.29128,-8.00014],[110.29058,-8.00003],[110.29036,-8.0],[110.28982,-7.99992],[110.28957,-7.99989],[110.28954,-7.99989],[110.28931,-7.99986],[110.28879,-7.99995],[110.28841,-8.0],[110.28831,-8.00001],[110.288,-8.00009],[110.2878,-8.00014],[110.28676,-8.00035],[110.28623,-8.00053],[110.28611,-8.00068],[110.28602,-8.00084],[110.28588,-8.00147],[110.28583,-8.00165],[110.28561,-8.0019],[110.28525,-8.00211],[110.28509,-8.00216],[110.28505,-8.00217],[110.28481,-8.00227],[110.28445,-8.00236],[110.2844,-8.00238],[110.28403,-8.0025],[110.28377,-8.00263],[110.28363,-8.00272],[110.28331,-8.00299],[110.28305,-8.00321],[110.28245,-8.00349],[110.28213,-8.00365],[110.28177,-8.00376],[110.2816,-8.0038],[110.28141,-8.00375],[110.28107,-8.00355],[110.28074,-8.00341],[110.28053,-8.00335],[110.27923,-8.00337],[110.27891,-8.00345],[110.27875,-8.00358],[110.27864,-8.0037],[110.27845,-8.00428],[110.27832,-8.00477],[110.278,-8.00556],[110.27789,-8.00578],[110.27775,-8.00607],[110.27736,-8.00686],[110.27725,-8.00706],[110.27724,-8.00715],[110.2773,-8.00725],[110.27733,-8.00727],[110.27777,-8.00755],[110.27879,-8.00783],[110.27929,-8.00797],[110.27972,-8.0081],[110.28031,-8.00867],[110.28057,-8.0089],[110.2809,-8.00907],[110.28101,-8.00913],[110.28117,-8.00921],[110.28145,-8.00925],[110.28276,-8.00926],[110.28325,-8.00924],[110.28377,-8.00915],[110.284,-8.00908],[110.28433,-8.00891],[110.2845,-8.00882],[110.28467,-8.0088],[110.28576,-8.00888],[110.28595,-8.00893],[110.28618,-8.00896],[110.28642,-8.00892],[110.28741,-8.00891],[110.28778,-8.00919],[110.28796,-8.00932],[110.28816,-8.00937],[110.28837,-8.00944],[110.2889,-8.00971],[110.28926,-8.00984],[110.28965,-8.00987],[110.29012,-8.00986],[110.29042,-8.00981],[110.29085,-8.00969],[110.2913,-8.00944],[110.29149,-8.00935],[110.29166,-8.00928],[110.29173,-8.00922],[110.29179,-8.00902],[110.29187,-8.00829],[110.2919,-8.00821],[110.29197,-8.00815],[110.29201,-8.00812],[110.29222,-8.00792],[110.29253,-8.00766],[110.29289,-8.00739],[110.29299,-8.00734],[110.29315,-8.00734],[110.29318,-8.00736],[110.29308,-8.00744],[110.29282,-8.00759],[110.29244,-8.0079],[110.29214,-8.00827],[110.29214,-8.00843],[110.2921,-8.00895],[110.29205,-8.00915],[110.29221,-8.00911],[110.29237,-8.00901],[110.29303,-8.00863],[110.29345,-8.00845],[110.29398,-8.00844],[110.29416,-8.00844],[110.29432,-8.00843],[110.2949,-8.00844],[110.29514,-8.00839],[110.29538,-8.00822],[110.29583,-8.0079],[110.29628,-8.00757],[110.29653,-8.00746],[110.29694,-8.00718],[110.29718,-8.00696],[110.29766,-8.00628],[110.2979,-8.00574],[110.29793,-8.00567],[110.29793,-8.00532],[110.29813,-8.00504],[110.29856,-8.00469],[110.2991,-8.00417],[110.29919,-8.00405],[110.29922,-8.00398],[110.29922,-8.0039],[110.29917,-8.00388],[110.2989,-8.00404],[110.29887,-8.00401],[110.29936,-8.00301],[110.29943,-8.00289],[110.29948,-8.00285],[110.29954,-8.00276],[110.29974,-8.00244],[110.29983,-8.00227],[110.30005,-8.00196],[110.30021,-8.0017],[110.30044,-8.00131],[110.301,-8.00044],[110.30122,-8.0001],[110.30131,-8.0],[110.30154,-7.99974],[110.30159,-7.99968],[110.30211,-7.99924],[110.30187,-7.99954],[110.30176,-7.99967],[110.30171,-7.99975],[110.30156,-7.99994],[110.30152,-7.99999],[110.30152,-7.99999],[110.30152,-7.99999],[110.30171,-7.99997],[110.30194,-7.99985],[110.30221,-7.99967],[110.30238,-7.9995],[110.30261,-7.99929],[110.3029,-7.99902],[110.30334,-7.99864],[110.30368,-7.99837],[110.30386,-7.99822],[110.30427,-7.99762],[110.30443,-7.99743],[110.30472,-7.99709],[110.30491,-7.99691],[110.30544,-7.9966],[110.30567,-7.99649],[110.30597,-7.99614],[110.30619,-7.99583],[110.30643,-7.99554],[110.30665,-7.99519],[110.3068,-7.99495],[110.30683,-7.99492],[110.30688,-7.99487],[110.30741,-7.99442],[110.30786,-7.99385],[110.30848,-7.99328],[110.3092,-7.99264],[110.30942,-7.99246],[110.3097,-7.99222],[110.30991,-7.99203],[110.31026,-7.99165],[110.31037,-7.99154],[110.31073,-7.99119],[110.31131,-7.99074],[110.31136,-7.9907],[110.3114,-7.99067],[110.31144,-7.99067],[110.31154,-7.99067],[110.31186,-7.99065],[110.31199,-7.99056],[110.31242,-7.99026],[110.31247,-7.99023],[110.31274,-7.98997],[110.31279,-7.98991],[110.31289,-7.98977],[110.31299,-7.98953],[110.31304,-7.98935],[110.31312,-7.989],[110.31317,-7.98882],[110.31325,-7.98858],[110.31348,-7.98766],[110.31358,-7.9873],[110.31368,-7.98687],[110.3139,-7.98589],[110.31397,-7.98557],[110.31405,-7.98538],[110.31413,-7.98512],[110.3142,-7.98485],[110.31427,-7.98434],[110.31424,-7.98403],[110.31414,-7.98305],[110.31419,-7.98266],[110.31426,-7.98243],[110.31434,-7.982],[110.3144,-7.98158],[110.31439,-7.98134],[110.31428,-7.98113],[110.31393,-7.9805],[110.31381,-7.98029],[110.31368,-7.9802],[110.31343,-7.98001],[110.3134,-7.97994],[110.31331,-7.97964],[110.31334,-7.97876],[110.31335,-7.97865],[110.31335,-7.97857],[110.31349,-7.97794],[110.31362,-7.9777],[110.31366,-7.97752],[110.31367,-7.97731],[110.3137,-7.97703],[110.31388,-7.97646],[110.31404,-7.97619],[110.31422,-7.97593],[110.31446,-7.97563],[110.31462,-7.97538],[110.31469,-7.97525],[110.31475,-7.97505],[110.31489,-7.97457],[110.31491,-7.97434],[110.31489,-7.97261],[110.31489,-7.97255],[110.31492,-7.97205],[110.31507,-7.97193],[110.31567,-7.97167],[110.31599,-7.97166],[110.31614,-7.97168],[110.31622,-7.97169],[110.31665,-7.97178],[110.3167,-7.97172],[110.31685,-7.97146],[110.31695,-7.97123],[110.31701,-7.97118],[110.31706,-7.97107],[110.31724,-7.97079],[110.31737,-7.97052],[110.31747,-7.97029],[110.31773,-7.96981],[110.31811,-7.96899],[110.31832,-7.9687],[110.31852,-7.96851],[110.31859,-7.96835],[110.31859,-7.9682],[110.31862,-7.96796],[110.31867,-7.96786],[110.31869,-7.96784],[110.31891,-7.96759],[110.31948,-7.96719],[110.31959,-7.96705],[110.31978,-7.96669],[110.31984,-7.9664],[110.31997,-7.96584],[110.31999,-7.96575],[110.32007,-7.9654],[110.32016,-7.96505],[110.32026,-7.96479],[110.32045,-7.96434],[110.32062,-7.96395],[110.32107,-7.96306],[110.32118,-7.96286],[110.32126,-7.96259],[110.32132,-7.9624],[110.32144,-7.96213],[110.32191,-7.96115],[110.32217,-7.96075],[110.32266,-7.95984],[110.32294,-7.95932],[110.323,-7.95921],[110.32321,-7.95871],[110.32342,-7.95818],[110.32354,-7.95801],[110.3236,-7.95789],[110.32383,-7.95733],[110.32387,-7.95725],[110.32397,-7.95706],[110.32407,-7.95686],[110.32431,-7.95644],[110.3245,-7.9561],[110.32464,-7.95576],[110.32475,-7.95553],[110.32487,-7.95527],[110.32505,-7.95489],[110.3253,-7.95441],[110.32546,-7.9541],[110.32561,-7.95373],[110.32564,-7.95366],[110.32568,-7.95348],[110.32574,-7.95334],[110.32582,-7.95311],[110.32667,-7.95153],[110.32742,-7.9499],[110.32818,-7.94828],[110.32838,-7.94788],[110.32862,-7.94741],[110.32938,-7.94578],[110.32964,-7.94525],[110.33055,-7.9437],[110.33093,-7.94296],[110.33135,-7.94192],[110.33182,-7.94091],[110.33196,-7.94033],[110.33217,-7.93957],[110.33232,-7.93873],[110.33253,-7.93803],[110.33264,-7.93782],[110.3328,-7.93762],[110.33293,-7.93753],[110.33343,-7.93741],[110.33362,-7.93733],[110.33378,-7.93722],[110.33385,-7.93711],[110.33392,-7.93691],[110.33396,-7.93668],[110.33396,-7.93629],[110.33391,-7.93524],[110.33394,-7.93505],[110.33401,-7.93495],[110.33416,-7.9348],[110.33427,-7.93477],[110.33486,-7.9346],[110.33502,-7.93447],[110.33511,-7.93431],[110.3354,-7.93359],[110.33547,-7.9332],[110.33556,-7.93257],[110.33562,-7.93219],[110.33576,-7.93198],[110.33599,-7.93167],[110.33621,-7.93136],[110.33641,-7.931],[110.33658,-7.93023],[110.33674,-7.92989],[110.33689,-7.92957],[110.3371,-7.92919],[110.33734,-7.92886],[110.33787,-7.92815],[110.33809,-7.92775],[110.33838,-7.92709],[110.33868,-7.92654],[110.33898,-7.92613],[110.33911,-7.92593],[110.33927,-7.92566],[110.33936,-7.92547],[110.33961,-7.92498],[110.33985,-7.92449],[110.34009,-7.92402],[110.34029,-7.92367],[110.34064,-7.92309],[110.34102,-7.92268],[110.3412,-7.92251],[110.34159,-7.92205],[110.34186,-7.92167],[110.3423,-7.92095],[110.34245,-7.92062],[110.34263,-7.92015],[110.34289,-7.91924],[110.34291,-7.91918],[110.34303,-7.91864],[110.34315,-7.91808],[110.34319,-7.91767],[110.34325,-7.91749],[110.34339,-7.91716],[110.3435,-7.91702],[110.3437,-7.91675],[110.34389,-7.91656],[110.34416,-7.91637],[110.3444,-7.91624],[110.34466,-7.91606],[110.34497,-7.91579],[110.34563,-7.91509],[110.34587,-7.91484],[110.34622,-7.91446],[110.34646,-7.9141],[110.3467,-7.91363],[110.34672,-7.91359],[110.34674,-7.91355],[110.34729,-7.91202],[110.34744,-7.91136],[110.34747,-7.91133],[110.34755,-7.91119],[110.34767,-7.91105],[110.34783,-7.91085],[110.34803,-7.91046],[110.34808,-7.91022],[110.34824,-7.90945],[110.3483,-7.90914],[110.34834,-7.90896],[110.34844,-7.90847],[110.34865,-7.90803],[110.34919,-7.90765],[110.34965,-7.90743],[110.35,-7.90728],[110.35015,-7.90711],[110.35025,-7.90697],[110.35029,-7.90691],[110.35041,-7.90659],[110.35049,-7.90646],[110.35074,-7.90621],[110.35093,-7.90607],[110.35142,-7.90562],[110.35155,-7.90542],[110.35164,-7.90509],[110.35165,-7.90541],[110.35161,-7.90556],[110.3515,-7.90573],[110.35135,-7.90589],[110.35113,-7.90605],[110.35094,-7.9062],[110.35064,-7.90645],[110.35047,-7.90695],[110.35043,-7.90704],[110.3504,-7.90713],[110.35028,-7.9073],[110.35008,-7.90746],[110.34977,-7.9076],[110.3496,-7.90764],[110.34949,-7.90766],[110.34933,-7.90775],[110.34922,-7.90784],[110.34916,-7.90789],[110.34888,-7.90819],[110.34882,-7.90829],[110.34866,-7.90852],[110.34858,-7.90868],[110.3485,-7.909],[110.34843,-7.90925],[110.34835,-7.90961],[110.34828,-7.91014],[110.34822,-7.91038],[110.34812,-7.9106],[110.34759,-7.91161],[110.34746,-7.91193],[110.34715,-7.91299],[110.34696,-7.91356],[110.34689,-7.91376],[110.34679,-7.91396],[110.34657,-7.91433],[110.34616,-7.91482],[110.3455,-7.91549],[110.34521,-7.91574],[110.34502,-7.91593],[110.3446,-7.91629],[110.34427,-7.91652],[110.3441,-7.91664],[110.34388,-7.91685],[110.34345,-7.91751],[110.34333,-7.91798],[110.34324,-7.9184],[110.34318,-7.91868],[110.34302,-7.91932],[110.34291,-7.91982],[110.34288,-7.91994],[110.34274,-7.92021],[110.34263,-7.92047],[110.34227,-7.92127],[110.34174,-7.92211],[110.34155,-7.92238],[110.34118,-7.92279],[110.34097,-7.92297],[110.34079,-7.92314],[110.34061,-7.92337],[110.34046,-7.92365],[110.34026,-7.92401],[110.34013,-7.92429],[110.33982,-7.92489],[110.33952,-7.92545],[110.33924,-7.92598],[110.33923,-7.92602],[110.33906,-7.92624],[110.33847,-7.92716],[110.33815,-7.9279],[110.33783,-7.92842],[110.33776,-7.92854],[110.33741,-7.92906],[110.33674,-7.93002],[110.33663,-7.93038],[110.33653,-7.93095],[110.33652,-7.93102],[110.33646,-7.93131],[110.33635,-7.93159],[110.33624,-7.93172],[110.33606,-7.93188],[110.33581,-7.93215],[110.33574,-7.93237],[110.33569,-7.93263],[110.33559,-7.9335],[110.3355,-7.93384],[110.33543,-7.93423],[110.3354,-7.93435],[110.3353,-7.93455],[110.33521,-7.93462],[110.33508,-7.9347],[110.33493,-7.93479],[110.33474,-7.93483],[110.33446,-7.93487],[110.33431,-7.93494],[110.33409,-7.93512],[110.33403,-7.93524],[110.33402,-7.9354],[110.33405,-7.93572],[110.33409,-7.93616],[110.33412,-7.93663],[110.33409,-7.93695],[110.33405,-7.93703],[110.33396,-7.93719],[110.33384,-7.93729],[110.33348,-7.93751],[110.33318,-7.9376],[110.33303,-7.93767],[110.33289,-7.9378],[110.33274,-7.93804],[110.33259,-7.93842],[110.33238,-7.93916],[110.33233,-7.93952],[110.33226,-7.94017],[110.33225,-7.94024],[110.3322,-7.94038],[110.33212,-7.94053],[110.33188,-7.94102],[110.3313,-7.94233],[110.33066,-7.94367],[110.32981,-7.94524],[110.32973,-7.94542],[110.3293,-7.94641],[110.32851,-7.94803],[110.32824,-7.94859],[110.32776,-7.94954],[110.32735,-7.95048],[110.32711,-7.95095],[110.3269,-7.95136],[110.32671,-7.95177],[110.32639,-7.95254],[110.32616,-7.95298],[110.32593,-7.95336],[110.32589,-7.95342],[110.3258,-7.95355],[110.32579,-7.95363],[110.32579,-7.95367],[110.32569,-7.95389],[110.32553,-7.95424],[110.32541,-7.95445],[110.3253,-7.95471],[110.32505,-7.95518],[110.32483,-7.95557],[110.32419,-7.95691],[110.32405,-7.95719],[110.324,-7.95733],[110.32391,-7.95752],[110.32374,-7.95784],[110.32358,-7.95815],[110.3233,-7.95884],[110.3231,-7.95921],[110.32295,-7.9595],[110.32218,-7.96095],[110.32176,-7.96163],[110.32135,-7.96256],[110.3211,-7.96322],[110.32045,-7.9645],[110.32037,-7.96469],[110.32018,-7.96525],[110.32015,-7.9656],[110.32009,-7.96586],[110.32006,-7.96597],[110.32003,-7.96612],[110.31993,-7.96648],[110.31989,-7.96664],[110.31965,-7.9671],[110.31953,-7.96723],[110.31935,-7.96734],[110.31926,-7.96741],[110.31875,-7.96785],[110.3187,-7.96798],[110.31868,-7.96815],[110.31866,-7.9683],[110.31862,-7.96844],[110.31846,-7.96868],[110.31821,-7.96896],[110.31807,-7.96916],[110.31794,-7.96946],[110.31777,-7.96992],[110.31762,-7.97025],[110.31743,-7.9707],[110.31731,-7.97097],[110.31729,-7.97101],[110.31725,-7.97109],[110.31722,-7.9712],[110.3172,-7.97127],[110.31719,-7.97136],[110.31708,-7.97147],[110.31692,-7.9717],[110.31681,-7.97182],[110.3167,-7.97185],[110.3164,-7.97182],[110.31583,-7.97178],[110.31544,-7.97187],[110.31529,-7.97193],[110.31503,-7.97213],[110.315,-7.97224],[110.315,-7.97248],[110.31502,-7.97318],[110.31503,-7.97417],[110.31498,-7.97468],[110.31495,-7.97495],[110.31481,-7.97526],[110.3147,-7.97545],[110.31454,-7.97566],[110.31447,-7.97578],[110.31433,-7.97596],[110.31407,-7.97629],[110.31391,-7.9766],[110.31383,-7.97694],[110.31381,-7.97725],[110.31377,-7.97747],[110.31366,-7.97777],[110.3136,-7.97796],[110.31348,-7.97859],[110.31348,-7.97865],[110.31348,-7.97876],[110.31348,-7.97882],[110.31348,-7.97909],[110.31353,-7.97962],[110.31365,-7.97998],[110.31374,-7.9801],[110.3139,-7.9803],[110.31404,-7.98052],[110.31417,-7.98071],[110.3144,-7.98107],[110.31446,-7.98122],[110.31449,-7.98142],[110.31446,-7.98202],[110.31438,-7.98248],[110.31424,-7.98332],[110.31428,-7.98365],[110.31435,-7.98406],[110.31437,-7.98444],[110.31434,-7.98473],[110.31424,-7.98504],[110.31417,-7.98534],[110.31402,-7.98591],[110.31391,-7.98633],[110.31385,-7.9866],[110.31361,-7.98774],[110.31353,-7.98806],[110.3135,-7.98822],[110.31311,-7.98976],[110.31301,-7.98988],[110.31301,-7.98989],[110.31268,-7.99019],[110.31226,-7.99051],[110.3119,-7.99072],[110.31151,-7.99074],[110.3114,-7.99076],[110.3113,-7.99084],[110.311,-7.99115],[110.31047,-7.99172],[110.31037,-7.9918],[110.30998,-7.99213],[110.30979,-7.99241],[110.30945,-7.9928],[110.30904,-7.99314],[110.30879,-7.99326],[110.30859,-7.99347],[110.30856,-7.99353],[110.30882,-7.9935],[110.30903,-7.9934],[110.3095,-7.99316],[110.30986,-7.99292],[110.31023,-7.99265],[110.31037,-7.99256],[110.31083,-7.99227],[110.31101,-7.99215],[110.31112,-7.99201],[110.3113,-7.99173],[110.31161,-7.9914],[110.31178,-7.99131],[110.31227,-7.9911],[110.314,-7.99056],[110.31522,-7.99011],[110.31536,-7.99003],[110.31574,-7.98968],[110.31587,-7.98946],[110.31596,-7.9893],[110.31609,-7.9891],[110.31623,-7.98889],[110.31653,-7.98864],[110.31663,-7.98855],[110.31696,-7.98828],[110.31742,-7.9879],[110.31757,-7.9878],[110.31784,-7.98752],[110.31797,-7.9874],[110.31821,-7.9872],[110.31869,-7.98687],[110.31884,-7.98677],[110.31905,-7.98659],[110.31945,-7.98614],[110.31958,-7.98597],[110.31983,-7.98558],[110.32001,-7.98538],[110.32007,-7.9853],[110.32016,-7.98525],[110.32035,-7.98509],[110.3205,-7.98496],[110.3208,-7.98474],[110.32109,-7.98449],[110.32136,-7.98434],[110.32197,-7.98397],[110.32207,-7.98395],[110.32216,-7.98393],[110.3228,-7.98378],[110.32289,-7.98372],[110.32319,-7.98348],[110.32339,-7.98346],[110.32357,-7.98346],[110.32365,-7.98347],[110.32385,-7.98347],[110.32387,-7.98347],[110.32432,-7.98349],[110.32454,-7.98356],[110.32484,-7.98366],[110.32499,-7.98371],[110.32548,-7.98386],[110.32629,-7.98419],[110.32688,-7.98423],[110.3273,-7.98413],[110.32775,-7.98393],[110.328,-7.98373],[110.3281,-7.9836],[110.3282,-7.98348],[110.32827,-7.98334],[110.32839,-7.98295],[110.32852,-7.98228],[110.32857,-7.98188],[110.3288,-7.98087],[110.32884,-7.98068],[110.32922,-7.97931],[110.32938,-7.97915],[110.32955,-7.97895],[110.32978,-7.97867],[110.32983,-7.97861],[110.32989,-7.97854],[110.3299,-7.97853],[110.3302,-7.97833],[110.3306,-7.97814],[110.33129,-7.97783],[110.33158,-7.97771],[110.33213,-7.97736],[110.33244,-7.97712],[110.33294,-7.97674],[110.33321,-7.97662],[110.33344,-7.97658],[110.33443,-7.97653],[110.33459,-7.97642],[110.33485,-7.97624],[110.33508,-7.97608],[110.3353,-7.97599],[110.33589,-7.97584],[110.33628,-7.9758],[110.33681,-7.97573],[110.3373,-7.97569],[110.33839,-7.97568],[110.33964,-7.97564],[110.33987,-7.97558],[110.34007,-7.97551],[110.34024,-7.97551],[110.3406,-7.97543],[110.34169,-7.97534],[110.34287,-7.97557],[110.34321,-7.97562],[110.34392,-7.97585],[110.34428,-7.97596],[110.34465,-7.97598],[110.34516,-7.97596],[110.34543,-7.97585],[110.3457,-7.97575],[110.34611,-7.97555],[110.34629,-7.97542],[110.34645,-7.97519],[110.34654,-7.97499],[110.34668,-7.97448],[110.34672,-7.97416],[110.34669,-7.97399],[110.34668,-7.97391],[110.3466,-7.97368],[110.34625,-7.97295],[110.34608,-7.97257],[110.34577,-7.97173],[110.34564,-7.9713],[110.34562,-7.97125],[110.34557,-7.97089],[110.34556,-7.97041],[110.34564,-7.96982],[110.34567,-7.96895],[110.3457,-7.96864],[110.34577,-7.96842],[110.34617,-7.96789],[110.3466,-7.96754],[110.34715,-7.96745],[110.34732,-7.9674],[110.3478,-7.96712],[110.34801,-7.96698],[110.34855,-7.96647],[110.34862,-7.9664],[110.34888,-7.96599],[110.34896,-7.96587],[110.34909,-7.96564],[110.34919,-7.96543],[110.34941,-7.96506],[110.34971,-7.96472],[110.34979,-7.96456],[110.34996,-7.96422],[110.35006,-7.96402],[110.35013,-7.96386],[110.35048,-7.96298],[110.35072,-7.96251],[110.35081,-7.96232],[110.35083,-7.96213],[110.35083,-7.9619],[110.35083,-7.96173],[110.35138,-7.9604],[110.35164,-7.9597],[110.35171,-7.9595],[110.35182,-7.95929],[110.35198,-7.95911],[110.35221,-7.95893],[110.3527,-7.95867],[110.35308,-7.95857],[110.35375,-7.95835],[110.35403,-7.95827],[110.35479,-7.9581],[110.35548,-7.95788],[110.35586,-7.95785],[110.3562,-7.95784],[110.3571,-7.9576],[110.35784,-7.9576],[110.35847,-7.95744],[110.35866,-7.9574],[110.35928,-7.95726],[110.35954,-7.95724],[110.35971,-7.95721],[110.36006,-7.95713],[110.36021,-7.95702],[110.36053,-7.95676],[110.36068,-7.95658],[110.3608,-7.95641],[110.36088,-7.95633],[110.36093,-7.95628],[110.36096,-7.95626],[110.361,-7.95625],[110.36134,-7.95612],[110.36169,-7.95606],[110.36203,-7.956],[110.36258,-7.95591],[110.36297,-7.95584],[110.3637,-7.95569],[110.36467,-7.95554],[110.3649,-7.95545],[110.36509,-7.95531],[110.36537,-7.95502],[110.3654,-7.95474],[110.36546,-7.95451],[110.36551,-7.95425],[110.36555,-7.95391],[110.36562,-7.95327],[110.36558,-7.95304],[110.36553,-7.95281],[110.3655,-7.95265],[110.36553,-7.95232],[110.36547,-7.95159],[110.36547,-7.95148],[110.36546,-7.95141],[110.36539,-7.95084],[110.3653,-7.95044],[110.36525,-7.95025],[110.36502,-7.94927],[110.36498,-7.94913],[110.36477,-7.9484],[110.36461,-7.94784],[110.36461,-7.94758],[110.36464,-7.9473],[110.36472,-7.9471],[110.36474,-7.94702],[110.36496,-7.94655],[110.3652,-7.94612],[110.36584,-7.94518],[110.36596,-7.94501],[110.36616,-7.94462],[110.36638,-7.94436],[110.36648,-7.94414],[110.36678,-7.94323],[110.36679,-7.94305],[110.36675,-7.94275],[110.36669,-7.94259],[110.36651,-7.94232],[110.36635,-7.94222],[110.36616,-7.94216],[110.36599,-7.94215],[110.3658,-7.94219],[110.36502,-7.94246],[110.36482,-7.94246],[110.36461,-7.94243],[110.36412,-7.94227],[110.36384,-7.9421],[110.36352,-7.94184],[110.36314,-7.94132],[110.36291,-7.94093],[110.36281,-7.94076],[110.36237,-7.93991],[110.36224,-7.93966],[110.36215,-7.9393],[110.36206,-7.93897],[110.36207,-7.93892],[110.36208,-7.93879],[110.36215,-7.93867],[110.36229,-7.93838],[110.36247,-7.93807],[110.36263,-7.93783],[110.36282,-7.93757],[110.36303,-7.93729],[110.36309,-7.93714],[110.36309,-7.93694],[110.36304,-7.93669],[110.36295,-7.93637],[110.36302,-7.93624],[110.36338,-7.93585],[110.36346,-7.93573],[110.36417,-7.93473],[110.36431,-7.93454],[110.36439,-7.93432],[110.36451,-7.934],[110.36458,-7.93381],[110.36477,-7.93349],[110.3649,-7.93338],[110.36507,-7.9333],[110.36522,-7.93328],[110.36552,-7.93323],[110.36573,-7.93315],[110.36585,-7.93303],[110.36608,-7.9328],[110.36643,-7.93228],[110.36659,-7.93186],[110.36669,-7.93139],[110.36677,-7.93102],[110.36691,-7.9307],[110.367,-7.9304],[110.36701,-7.9302],[110.36695,-7.92977],[110.36672,-7.92872],[110.36652,-7.92836],[110.3664,-7.92813],[110.36633,-7.92721],[110.3663,-7.92683],[110.36632,-7.92654],[110.36641,-7.92628],[110.36645,-7.92609],[110.36646,-7.92604],[110.36656,-7.92573],[110.36672,-7.92536],[110.3669,-7.92499],[110.36699,-7.92453],[110.36698,-7.9243],[110.36691,-7.92401],[110.36686,-7.92377],[110.36684,-7.92354],[110.36683,-7.92337],[110.36681,-7.92283],[110.36669,-7.9222],[110.36672,-7.9214],[110.36672,-7.92127],[110.36679,-7.92103],[110.36681,-7.92079],[110.36695,-7.92039],[110.36704,-7.92025],[110.36724,-7.9201],[110.36767,-7.91982],[110.36789,-7.91974],[110.36806,-7.91973],[110.36816,-7.91974],[110.36891,-7.91979],[110.37012,-7.92002],[110.37046,-7.92001],[110.3707,-7.91997],[110.37115,-7.91976],[110.37144,-7.91957],[110.37163,-7.9195],[110.37192,-7.91941],[110.37229,-7.91939],[110.37261,-7.91943],[110.3728,-7.91949],[110.37292,-7.91961],[110.37303,-7.91968],[110.37318,-7.91971],[110.37329,-7.91972],[110.37343,-7.91972],[110.37357,-7.91967],[110.37383,-7.91956],[110.37386,-7.91955],[110.37413,-7.91942],[110.37446,-7.91928],[110.375,-7.91896],[110.37507,-7.91891],[110.37533,-7.91866],[110.37562,-7.91828],[110.37577,-7.91802],[110.37587,-7.91781],[110.37596,-7.91749],[110.37594,-7.91726],[110.37585,-7.91705],[110.3756,-7.91657],[110.37544,-7.91627],[110.37538,-7.91601],[110.37534,-7.91569],[110.37535,-7.91524],[110.37544,-7.91484],[110.37559,-7.91453],[110.37569,-7.91432],[110.37569,-7.91392],[110.37572,-7.91336],[110.37587,-7.91294],[110.37631,-7.91221],[110.37639,-7.91199],[110.37658,-7.91173],[110.37675,-7.91158],[110.37707,-7.91129],[110.37727,-7.91109],[110.37746,-7.91091],[110.37762,-7.91056],[110.37765,-7.91036],[110.37781,-7.91016],[110.37786,-7.91008],[110.37797,-7.90979],[110.37869,-7.9086],[110.37877,-7.90835],[110.37881,-7.90832],[110.37893,-7.90828],[110.37932,-7.90815],[110.37955,-7.90793],[110.37963,-7.90778],[110.37972,-7.90765],[110.38013,-7.9071],[110.38042,-7.90656],[110.38052,-7.9063],[110.38078,-7.90585],[110.38092,-7.9056],[110.38124,-7.90503],[110.38135,-7.90485],[110.38137,-7.90475],[110.38136,-7.9046],[110.38142,-7.90442],[110.38153,-7.90426],[110.38163,-7.90417],[110.38236,-7.9039],[110.38267,-7.90379],[110.38291,-7.90369],[110.38322,-7.90364],[110.38377,-7.90357],[110.38406,-7.90352],[110.38445,-7.90352],[110.38507,-7.90352],[110.38522,-7.90352],[110.38551,-7.90354],[110.38631,-7.90364],[110.38645,-7.90363],[110.38754,-7.90309],[110.38804,-7.90266],[110.3882,-7.90249],[110.38831,-7.9023],[110.38837,-7.902],[110.38838,-7.90187],[110.38831,-7.90174],[110.3882,-7.90165],[110.38801,-7.90159],[110.3878,-7.90157],[110.38748,-7.90164],[110.38728,-7.90168],[110.38706,-7.90168],[110.38686,-7.90162],[110.38658,-7.9015],[110.38634,-7.90133],[110.38598,-7.90082],[110.38587,-7.90059],[110.3857,-7.90001],[110.38555,-7.89911],[110.38554,-7.89869],[110.3856,-7.89834],[110.38573,-7.89767],[110.3858,-7.89739],[110.38586,-7.89717],[110.38593,-7.89676],[110.38602,-7.89635],[110.3862,-7.8958],[110.38634,-7.8953],[110.38644,-7.89497],[110.38661,-7.89437],[110.3867,-7.89404],[110.38676,-7.89378],[110.38678,-7.89374],[110.38683,-7.89367],[110.38692,-7.89359],[110.38727,-7.89353],[110.38742,-7.89346],[110.38754,-7.8934],[110.3878,-7.8932],[110.38794,-7.89303],[110.38809,-7.89263],[110.3882,-7.89229],[110.38849,-7.8907],[110.38852,-7.89031],[110.38855,-7.88994],[110.38884,-7.88838],[110.38894,-7.88791],[110.38901,-7.88775],[110.38913,-7.88744],[110.38927,-7.8872],[110.39025,-7.88583],[110.39045,-7.88555],[110.39069,-7.88523],[110.39124,-7.88451],[110.39142,-7.88426],[110.39163,-7.88398],[110.39191,-7.88344],[110.39255,-7.88226],[110.39265,-7.88206],[110.39276,-7.88115],[110.39279,-7.88102],[110.39283,-7.88056],[110.39287,-7.88007],[110.39294,-7.87975],[110.39296,-7.87968],[110.39302,-7.87947],[110.39301,-7.87929],[110.39275,-7.87878],[110.39286,-7.87839],[110.39294,-7.87817],[110.39307,-7.87801],[110.39333,-7.87775],[110.39444,-7.8763],[110.39457,-7.87618],[110.3947,-7.87611],[110.3949,-7.87607],[110.39504,-7.87609],[110.39512,-7.87611],[110.39516,-7.87613],[110.39579,-7.87644],[110.39587,-7.87647],[110.39667,-7.87743],[110.39683,-7.87761],[110.3974,-7.87794],[110.39762,-7.87806],[110.3978,-7.87812],[110.39795,-7.87818],[110.39821,-7.8782],[110.39836,-7.87823],[110.39883,-7.87866],[110.3991,-7.87886],[110.39931,-7.87897],[110.39946,-7.87902],[110.39963,-7.87909],[110.40031,-7.87922],[110.4004,-7.87924],[110.40085,-7.87928],[110.40129,-7.87937],[110.40165,-7.87948],[110.4017,-7.87949],[110.40214,-7.8796],[110.40234,-7.87966],[110.40262,-7.87974],[110.4027,-7.87979],[110.40305,-7.8799],[110.4037,-7.88017],[110.4046,-7.8803],[110.40511,-7.88035],[110.4053,-7.88034],[110.40571,-7.88018],[110.40593,-7.88002],[110.40632,-7.8796],[110.40644,-7.87946],[110.40647,-7.8794],[110.40653,-7.87929],[110.40689,-7.87865],[110.407,-7.87841],[110.40708,-7.87817],[110.40714,-7.87796],[110.40727,-7.8776],[110.4074,-7.87732],[110.40753,-7.87715],[110.40767,-7.87703],[110.40798,-7.87688],[110.40836,-7.87677],[110.40868,-7.87669],[110.40879,-7.87666],[110.40903,-7.87659],[110.40967,-7.87635],[110.41019,-7.87605],[110.4111,-7.87555],[110.41132,-7.87545],[110.4114,-7.87542],[110.41184,-7.87526],[110.41203,-7.87518],[110.41213,-7.87509],[110.41217,-7.875],[110.41227,-7.87478],[110.41233,-7.8746],[110.41235,-7.87436],[110.41195,-7.8738],[110.41186,-7.87367],[110.41182,-7.87351],[110.41206,-7.87282],[110.41217,-7.87262],[110.41236,-7.87238],[110.41257,-7.87212],[110.41286,-7.87178],[110.41307,-7.87154],[110.41374,-7.87113],[110.41402,-7.87092],[110.41418,-7.87078],[110.41441,-7.87062],[110.41511,-7.87026],[110.41567,-7.86997],[110.41601,-7.86982],[110.41667,-7.86956],[110.41759,-7.8693],[110.41781,-7.86921],[110.41791,-7.86918],[110.41833,-7.86893],[110.41859,-7.86869],[110.41879,-7.86847],[110.41894,-7.86823],[110.41923,-7.8673],[110.41939,-7.86637],[110.41943,-7.86621],[110.41949,-7.86599],[110.41951,-7.86592],[110.41956,-7.86573],[110.41962,-7.86551],[110.41973,-7.86527],[110.41996,-7.86498],[110.42034,-7.86443],[110.42044,-7.86423],[110.42047,-7.86413],[110.42075,-7.86332],[110.42082,-7.86297],[110.42087,-7.86216],[110.42095,-7.8617],[110.42096,-7.86167],[110.42101,-7.86145],[110.42127,-7.86106],[110.42173,-7.8606],[110.42214,-7.86031],[110.42279,-7.85982],[110.4231,-7.85959],[110.42309,-7.85965],[110.42302,-7.85977],[110.42253,-7.8602],[110.42224,-7.8605],[110.4219,-7.86078],[110.4216,-7.86099],[110.42132,-7.86117],[110.42116,-7.86133],[110.42108,-7.86146],[110.4211,-7.86161],[110.4211,-7.86178],[110.42106,-7.86192],[110.42099,-7.86241],[110.42092,-7.86291],[110.42075,-7.86368],[110.42065,-7.86416],[110.42045,-7.86464],[110.42015,-7.86498],[110.41988,-7.86536],[110.41976,-7.86553],[110.41969,-7.86574],[110.41963,-7.86606],[110.41951,-7.86684],[110.41948,-7.86705],[110.41943,-7.86725],[110.4194,-7.86734],[110.41928,-7.86791],[110.41919,-7.86818],[110.41911,-7.86832],[110.41905,-7.86842],[110.41891,-7.86858],[110.41873,-7.86874],[110.41818,-7.86913],[110.41761,-7.86949],[110.41739,-7.86965],[110.41699,-7.8697],[110.41695,-7.8697],[110.41559,-7.87024],[110.41557,-7.87026],[110.41503,-7.87055],[110.41447,-7.87083],[110.41405,-7.87112],[110.41382,-7.87123],[110.41366,-7.87129],[110.41355,-7.87138],[110.41343,-7.87148],[110.41328,-7.87161],[110.41293,-7.87202],[110.41288,-7.87208],[110.41279,-7.87218],[110.41276,-7.87221],[110.41258,-7.8724],[110.41242,-7.87257],[110.41219,-7.87284],[110.41205,-7.87308],[110.41201,-7.87327],[110.41201,-7.87353],[110.41218,-7.87374],[110.41238,-7.87403],[110.41247,-7.87418],[110.41252,-7.87449],[110.41251,-7.87469],[110.41248,-7.87478],[110.41246,-7.87486],[110.41238,-7.87496],[110.41235,-7.875],[110.41219,-7.87521],[110.41204,-7.87538],[110.41178,-7.87555],[110.41135,-7.87566],[110.41081,-7.8759],[110.41043,-7.87608],[110.4101,-7.87627],[110.40977,-7.87647],[110.4092,-7.87671],[110.40886,-7.87685],[110.40862,-7.87689],[110.40849,-7.87691],[110.40811,-7.87708],[110.40792,-7.87717],[110.40767,-7.87731],[110.40754,-7.87743],[110.40736,-7.87791],[110.40723,-7.87822],[110.40714,-7.87847],[110.407,-7.87897],[110.40681,-7.87929],[110.4063,-7.88014],[110.40617,-7.88034],[110.40604,-7.88049],[110.40593,-7.8806],[110.40582,-7.88065],[110.40574,-7.88068],[110.4054,-7.8807],[110.40497,-7.88072],[110.40412,-7.88057],[110.4039,-7.88051],[110.40362,-7.88046],[110.40356,-7.88045],[110.40344,-7.88035],[110.40301,-7.88],[110.40279,-7.87989],[110.40238,-7.87983],[110.40149,-7.87962],[110.40139,-7.87959],[110.40057,-7.87948],[110.40037,-7.87946],[110.39995,-7.8794],[110.39964,-7.87936],[110.39939,-7.87928],[110.39933,-7.87926],[110.39909,-7.87918],[110.39852,-7.87874],[110.39816,-7.87848],[110.39784,-7.87832],[110.39741,-7.87816],[110.39704,-7.87803],[110.3967,-7.87785],[110.39622,-7.87739],[110.39608,-7.87723],[110.39571,-7.87683],[110.39543,-7.87658],[110.39511,-7.87636],[110.39497,-7.87632],[110.39486,-7.87632],[110.39463,-7.87656],[110.3941,-7.87736],[110.39398,-7.87754],[110.39381,-7.8779],[110.39352,-7.87857],[110.39346,-7.87877],[110.39345,-7.87894],[110.39344,-7.87902],[110.3934,-7.87918],[110.39337,-7.87927],[110.39331,-7.87946],[110.3932,-7.87976],[110.39318,-7.87984],[110.39308,-7.8802],[110.39302,-7.88063],[110.39309,-7.88113],[110.39312,-7.88145],[110.39308,-7.88163],[110.39308,-7.8822],[110.39307,-7.88241],[110.39294,-7.88289],[110.39277,-7.88332],[110.39273,-7.88339],[110.39267,-7.88348],[110.39216,-7.88401],[110.39196,-7.88416],[110.39183,-7.88425],[110.39172,-7.88436],[110.3913,-7.88491],[110.39094,-7.8854],[110.39045,-7.88616],[110.39016,-7.8866],[110.38939,-7.88792],[110.38922,-7.88829],[110.38911,-7.88871],[110.38901,-7.88934],[110.38886,-7.89001],[110.38875,-7.89068],[110.3887,-7.89175],[110.38868,-7.8921],[110.38863,-7.89238],[110.38853,-7.89272],[110.38812,-7.8934],[110.38794,-7.89364],[110.3877,-7.89382],[110.38766,-7.89385],[110.38758,-7.89392],[110.3873,-7.89406],[110.38708,-7.8942],[110.38692,-7.89436],[110.38672,-7.89474],[110.38656,-7.89513],[110.38644,-7.89552],[110.38632,-7.89588],[110.38625,-7.89635],[110.38623,-7.8966],[110.38619,-7.89678],[110.38584,-7.89837],[110.38582,-7.89887],[110.38584,-7.89919],[110.38594,-7.89961],[110.38616,-7.90025],[110.3863,-7.9005],[110.38648,-7.90084],[110.38658,-7.90103],[110.38675,-7.90119],[110.38693,-7.90131],[110.38719,-7.90142],[110.38746,-7.90146],[110.38782,-7.90146],[110.38805,-7.90143],[110.38831,-7.90134],[110.38844,-7.90128],[110.38854,-7.9013],[110.38865,-7.9014],[110.38873,-7.90154],[110.38879,-7.90214],[110.38878,-7.90227],[110.38868,-7.90245],[110.38815,-7.90297],[110.38808,-7.90304],[110.38778,-7.90334],[110.38758,-7.90352],[110.38723,-7.90377],[110.38706,-7.90386],[110.38676,-7.90393],[110.38609,-7.90394],[110.38569,-7.9039],[110.38532,-7.90387],[110.38413,-7.90385],[110.38382,-7.90389],[110.38365,-7.90391],[110.38315,-7.90403],[110.3829,-7.90411],[110.38228,-7.90428],[110.38203,-7.90438],[110.38181,-7.90452],[110.3817,-7.90462],[110.38162,-7.90513],[110.38134,-7.90585],[110.38106,-7.90636],[110.38078,-7.90683],[110.37984,-7.90836],[110.37969,-7.90858],[110.37961,-7.90866],[110.37948,-7.9088],[110.37939,-7.90892],[110.37933,-7.909],[110.37927,-7.90897],[110.37917,-7.90888],[110.37902,-7.90875],[110.37893,-7.90873],[110.37885,-7.90878],[110.37859,-7.909],[110.37854,-7.90907],[110.37845,-7.90922],[110.37835,-7.90943],[110.37829,-7.90959],[110.37829,-7.90972],[110.37822,-7.90969],[110.37816,-7.90968],[110.37812,-7.90972],[110.37805,-7.90989],[110.37791,-7.91022],[110.37778,-7.91033],[110.37774,-7.91038],[110.37754,-7.91095],[110.37744,-7.91113],[110.37727,-7.91141],[110.37716,-7.91152],[110.37678,-7.91184],[110.37648,-7.91229],[110.37631,-7.91263],[110.37607,-7.91317],[110.37587,-7.91378],[110.3759,-7.91399],[110.37594,-7.91423],[110.3759,-7.91434],[110.37561,-7.91488],[110.37556,-7.91506],[110.37554,-7.9155],[110.3756,-7.91578],[110.37573,-7.91613],[110.3758,-7.91623],[110.37592,-7.91642],[110.37606,-7.9168],[110.37609,-7.91711],[110.37612,-7.9173],[110.37615,-7.9176],[110.37604,-7.91789],[110.37591,-7.91816],[110.37554,-7.91879],[110.37537,-7.91901],[110.37524,-7.91915],[110.375,-7.91931],[110.37462,-7.91951],[110.37425,-7.91966],[110.37422,-7.91969],[110.37356,-7.9199],[110.37324,-7.92001],[110.37313,-7.92005],[110.37302,-7.92003],[110.37293,-7.91997],[110.37276,-7.91982],[110.37244,-7.91964],[110.3723,-7.91965],[110.37199,-7.91971],[110.37141,-7.91985],[110.37126,-7.91992],[110.37078,-7.92022],[110.3707,-7.92025],[110.37061,-7.92029],[110.37049,-7.92028],[110.36926,-7.9201],[110.36813,-7.92009],[110.36781,-7.92015],[110.36748,-7.9203],[110.36733,-7.92042],[110.36718,-7.92058],[110.36709,-7.92074],[110.36702,-7.92094],[110.367,-7.9214],[110.36708,-7.92225],[110.36719,-7.92268],[110.36734,-7.92313],[110.36738,-7.92347],[110.36735,-7.92369],[110.36728,-7.92395],[110.36725,-7.92409],[110.36721,-7.92442],[110.36719,-7.92476],[110.36704,-7.92542],[110.36689,-7.92607],[110.36687,-7.9262],[110.36674,-7.9276],[110.36678,-7.92827],[110.36686,-7.92857],[110.36696,-7.92875],[110.36718,-7.92906],[110.36739,-7.92941],[110.36749,-7.92971],[110.36746,-7.93029],[110.3674,-7.93078],[110.36732,-7.93108],[110.36723,-7.93134],[110.367,-7.93186],[110.36689,-7.9323],[110.36677,-7.93284],[110.36672,-7.93307],[110.36661,-7.93324],[110.36638,-7.93344],[110.36618,-7.93354],[110.36589,-7.93362],[110.36568,-7.93368],[110.36558,-7.93377],[110.3654,-7.93396],[110.36522,-7.93412],[110.36475,-7.93459],[110.36443,-7.93511],[110.36431,-7.93544],[110.36414,-7.93587],[110.36399,-7.93619],[110.36384,-7.9364],[110.36344,-7.937],[110.36307,-7.93769],[110.36304,-7.93774],[110.36305,-7.93797],[110.36313,-7.93881],[110.36338,-7.9398],[110.36342,-7.93997],[110.36345,-7.94018],[110.36346,-7.94062],[110.36338,-7.9406],[110.36331,-7.94053],[110.36324,-7.94048],[110.36322,-7.94053],[110.36323,-7.94069],[110.36328,-7.94083],[110.36351,-7.94124],[110.36377,-7.94159],[110.36402,-7.94184],[110.36434,-7.94197],[110.36478,-7.9421],[110.36513,-7.94212],[110.36536,-7.94204],[110.36586,-7.94187],[110.36606,-7.94178],[110.36638,-7.94178],[110.3668,-7.94181],[110.36702,-7.94191],[110.36716,-7.94199],[110.36719,-7.94205],[110.36723,-7.94279],[110.36723,-7.94296],[110.36718,-7.94374],[110.36717,-7.94403],[110.36705,-7.94433],[110.3669,-7.94459],[110.3667,-7.94485],[110.36652,-7.94511],[110.36624,-7.94555],[110.36593,-7.94605],[110.36573,-7.94614],[110.36553,-7.94627],[110.36535,-7.94648],[110.36532,-7.94659],[110.36527,-7.94677],[110.36522,-7.94705],[110.36521,-7.94713],[110.36516,-7.94752],[110.36519,-7.94784],[110.36529,-7.94817],[110.36542,-7.94845],[110.36552,-7.94866],[110.36581,-7.94923],[110.36577,-7.94948],[110.36571,-7.95024],[110.36578,-7.95036],[110.36583,-7.95051],[110.36587,-7.95064],[110.36592,-7.95083],[110.36603,-7.95119],[110.36606,-7.95144],[110.36606,-7.95165],[110.36604,-7.95301],[110.36603,-7.95322],[110.36607,-7.95353],[110.36608,-7.95362],[110.36607,-7.95395],[110.36599,-7.95474],[110.36588,-7.95503],[110.36563,-7.95544],[110.36559,-7.9555],[110.36557,-7.95564],[110.36567,-7.95573],[110.36576,-7.95576],[110.36606,-7.95575],[110.36634,-7.95566],[110.36726,-7.95525],[110.36756,-7.95504],[110.36796,-7.95468],[110.36824,-7.95442],[110.36843,-7.95431],[110.3687,-7.95414],[110.36893,-7.95401],[110.36922,-7.95383],[110.36972,-7.95354],[110.37012,-7.95318],[110.37033,-7.95304],[110.37055,-7.95296],[110.37076,-7.95293],[110.37109,-7.95295],[110.37113,-7.95296],[110.37129,-7.95301],[110.37147,-7.95312],[110.37176,-7.95327],[110.37228,-7.95351],[110.37296,-7.95405],[110.37333,-7.95439],[110.37366,-7.95466],[110.37427,-7.95478],[110.37468,-7.95481],[110.37481,-7.95481],[110.375,-7.95479],[110.3751,-7.95478],[110.3753,-7.95465],[110.3755,-7.95453],[110.37596,-7.95423],[110.37712,-7.95384],[110.37729,-7.95376],[110.3777,-7.95357],[110.37891,-7.95269],[110.37922,-7.95237],[110.3794,-7.95206],[110.37944,-7.95192],[110.37941,-7.95177],[110.37937,-7.95161],[110.37936,-7.95156],[110.37925,-7.95117],[110.37914,-7.95102],[110.37901,-7.95083],[110.37893,-7.95064],[110.37889,-7.95043],[110.37889,-7.94999],[110.37896,-7.94973],[110.37906,-7.94953],[110.37933,-7.94914],[110.37943,-7.94911],[110.37975,-7.94905],[110.38025,-7.94907],[110.38044,-7.94916],[110.38118,-7.9496],[110.38121,-7.94962],[110.38133,-7.94971],[110.38167,-7.95],[110.38175,-7.95008],[110.38183,-7.95018],[110.38216,-7.95061],[110.38252,-7.95096],[110.38279,-7.95116],[110.38319,-7.95132],[110.38404,-7.95152],[110.38427,-7.95152],[110.38463,-7.95152],[110.38592,-7.95152],[110.38596,-7.95152],[110.38669,-7.95151],[110.38729,-7.95149],[110.38749,-7.95145],[110.38787,-7.95129],[110.38836,-7.95103],[110.3886,-7.95086],[110.38879,-7.95068],[110.38923,-7.95023],[110.38962,-7.94989],[110.39033,-7.9493],[110.39059,-7.94909],[110.39142,-7.94839],[110.39163,-7.94822],[110.39174,-7.94816],[110.39242,-7.94774],[110.39268,-7.94754],[110.39321,-7.94706],[110.39403,-7.94633],[110.39468,-7.9459],[110.39488,-7.94579],[110.3952,-7.94574],[110.39534,-7.94573],[110.39599,-7.94571],[110.39729,-7.94575],[110.39769,-7.94576],[110.39949,-7.9456],[110.40044,-7.94555],[110.4007,-7.94551],[110.40117,-7.94538],[110.40139,-7.94525],[110.40165,-7.94512],[110.40203,-7.945],[110.40232,-7.94491],[110.40273,-7.94477],[110.40327,-7.9446],[110.40364,-7.94446],[110.40458,-7.94403],[110.40481,-7.94394],[110.40579,-7.9439],[110.40645,-7.94393],[110.40691,-7.94394],[110.40722,-7.94394],[110.40745,-7.94391],[110.40796,-7.94387],[110.40893,-7.94369],[110.40912,-7.94364],[110.40975,-7.94349],[110.41034,-7.94337],[110.4108,-7.9433],[110.41105,-7.94327],[110.41129,-7.94327],[110.41155,-7.94334],[110.41174,-7.94346],[110.41202,-7.9437],[110.41232,-7.94396],[110.41307,-7.94463],[110.41364,-7.94503],[110.41423,-7.94539],[110.41469,-7.94555],[110.41502,-7.94565],[110.4162,-7.94568],[110.4171,-7.94556],[110.41719,-7.94555],[110.41801,-7.94528],[110.41851,-7.94513],[110.41932,-7.94511],[110.41996,-7.94515],[110.42042,-7.9452],[110.42224,-7.9452],[110.42306,-7.94517],[110.42363,-7.94514],[110.42369,-7.94514],[110.42465,-7.94509],[110.42506,-7.9451],[110.42512,-7.9451],[110.42527,-7.94511],[110.42634,-7.94539],[110.42662,-7.94555],[110.42701,-7.94587],[110.42722,-7.9461],[110.42735,-7.94636],[110.42755,-7.94679],[110.42755,-7.94708],[110.42752,-7.9474],[110.42744,-7.94769],[110.42731,-7.94811],[110.42717,-7.94851],[110.42702,-7.94894],[110.42688,-7.9492]],[[110.36575,-7.93344],[110.36578,-7.93341],[110.36573,-7.93338],[110.36568,-7.93336],[110.3656,-7.93334],[110.36534,-7.93348],[110.36528,-7.9336],[110.36506,-7.93394],[110.36503,-7.93397],[110.36507,-7.934],[110.36575,-7.93344]],[[110.30102,-8.00169],[110.30129,-8.00154],[110.30175,-8.00123],[110.30302,-8.00019],[110.30314,-8.00006],[110.30317,-8.0],[110.3034,-7.9995],[110.30347,-7.99938],[110.30413,-7.99887],[110.3043,-7.99875],[110.30455,-7.99847],[110.30485,-7.99781],[110.30489,-7.99772],[110.30505,-7.99745],[110.30526,-7.99718],[110.3053,-7.99713],[110.30517,-7.99715],[110.30497,-7.99725],[110.30479,-7.99737],[110.30475,-7.99743],[110.30461,-7.99764],[110.30431,-7.99805],[110.30361,-7.99864],[110.30296,-7.99921],[110.30277,-7.99935],[110.3024,-7.9997],[110.30201,-8.00001],[110.30169,-8.00018],[110.30151,-8.00027],[110.30132,-8.00036],[110.30129,-8.00041],[110.30119,-8.0006],[110.30111,-8.00076],[110.301,-8.00092],[110.30081,-8.00122],[110.3005,-8.00198],[110.30052,-8.00198],[110.30058,-8.002],[110.30102,-8.00169]],[[110.49495,-7.89069],[110.49491,-7.89059],[110.49482,-7.89049],[110.49463,-7.89034],[110.49439,-7.89023],[110.49419,-7.89017],[110.49386,-7.89006],[110.4935,-7.88996],[110.4928,-7.88988],[110.4927,-7.88987],[110.4926,-7.88989],[110.49254,-7.88993],[110.49256,-7.88996],[110.4929,-7.8902],[110.49321,-7.89036],[110.4937,-7.89053],[110.49428,-7.89068],[110.49449,-7.89071],[110.49494,-7.89074],[110.49495,-7.89069]]]}},{"type":"Feature","properties":{"AREA":65189.61,"PERIMETER":1097.234,"SUNGAI1_":7,"SUNGAI1_ID":0,"KETERANGAN":"Sungai"},"geometry":{"type":"Polygon","coordinates":[[[110.24515,-7.86027],[110.24533,-7.86023],[110.24564,-7.8603],[110.2459,-7.86038],[110.24642,-7.86055],[110.24667,-7.86058],[110.2469,-7.86059],[110.24726,-7.86069],[110.24759,-7.86088],[110.24779,-7.861],[110.24808,-7.86118],[110.24827,-7.86134],[110.24855,-7.86161],[110.24871,-7.86176],[110.24887,-7.86203],[110.2489,-7.86224],[110.24884,-7.86248],[110.24869,-7.86268],[110.24866,-7.86271],[110.24851,-7.86261],[110.24836,-7.86258],[110.24787,-7.8626],[110.24766,-7.8627],[110.24723,-7.86277],[110.2468,-7.86264],[110.24663,-7.86255],[110.24616,-7.86209],[110.24595,-7.86182],[110.24526,-7.86052],[110.24515,-7.86027]]]}},{"type":"Feature","properties":{"AREA":5672.156,"PERIMETER":331.6863,"SUNGAI1_":8,"SUNGAI1_ID":0,"KETERANGAN":"Sungai"},"geometry":{"type":"Polygon","coordinates":[[[110.24996,-7.86327],[110.24988,-7.86327],[110.24962,-7.86316],[110.24945,-7.86314],[110.24927,-7.86317],[110.24913,-7.86308],[110.24906,-7.86299],[110.24897,-7.8629],[110.24894,-7.86278],[110.24899,-7.86256],[110.24905,-7.86244],[110.24918,-7.86235],[110.24937,-7.86248],[110.2496,-7.86277],[110.24979,-7.86301],[110.24999,-7.86323],[110.24996,-7.86327]]]}},{"type":"Feature","properties":{"AREA":11458.13,"PERIMETER":584.0714,"SUNGAI1_":9,"SUNGAI1_ID":4,"KETERANGAN":"Sungai"},"geometry":{"type":"Polygon","coordinates":[[[110.49494,-7.89074],[110.49449,-7.89071],[110.49428,-7.89068],[110.4937,-7.89053],[110.49321,-7.89036],[110.4929,-7.8902],[110.49256,-7.88996],[110.49254,-7.88993],[110.4926,-7.88989],[110.4927,-7.88987],[110.4928,-7.88988],[110.4935,-7.88996],[110.49386,-7.89006],[110.49419,-7.89017],[110.49439,-7.89023],[110.49463,-7.89034],[110.49482,-7.89049],[110.49491,-7.89059],[110.49495,-7.89069],[110.49494,-7.89074]]]}},{"type":"Feature","properties":{"AREA":114308.0,"PERIMETER":2101.013,"SUNGAI1_":10,"SUNGAI1_ID":4,"KETERANGAN":"Sungai"},"geometry":{"type":"Polygon","coordinates":[[[110.27185,-7.91951],[110.27171,-7.91878],[110.27159,-7.91817],[110.27152,-7.91794],[110.27145,-7.91769],[110.27145,-7.91733],[110.27152,-7.91699],[110.27169,-7.91657],[110.27215,-7.91596],[110.27222,-7.91581],[110.27233,-7.91523],[110.27243,-7.91486],[110.27266,-7.91353],[110.27273,-7.9131],[110.27287,-7.91244],[110.27305,-7.91187],[110.27331,-7.91109],[110.27344,-7.91082],[110.27354,-7.91061],[110.27356,-7.91057],[110.27374,-7.91067],[110.27391,-7.91102],[110.27401,-7.91137],[110.27419,-7.91203],[110.27421,-7.91261],[110.27404,-7.91318],[110.27376,-7.91374],[110.27353,-7.91424],[110.27332,-7.9153],[110.27319,-7.91656],[110.27295,-7.91731],[110.27285,-7.9177],[110.2726,-7.9184],[110.27231,-7.9189],[110.272,-7.9193],[110.27185,-7.91951]]]}},{"type":"Feature","properties":{"AREA":4916.438,"PERIMETER":337.8159,"SUNGAI1_":11,"SUNGAI1_ID":4,"KETERANGAN":"Sungai"},"geometry":{"type":"Polygon","coordinates":[[[110.27453,-7.91523],[110.27447,-7.91518],[110.27445,-7.9151],[110.27442,-7.91467],[110.27448,-7.91439],[110.27464,-7.91409],[110.27473,-7.91396],[110.2748,-7.91385],[110.27485,-7.91385],[110.27488,-7.91413],[110.27489,-7.91432],[110.27484,-7.91478],[110.27479,-7.91483],[110.27466,-7.91508],[110.27459,-7.9152],[110.27453,-7.91523]]]}},{"type":"Feature","properties":{"AREA":2700.156,"PERIMETER":262.4653,"SUNGAI1_":12,"SUNGAI1_ID":0,"KETERANGAN":"Sungai"},"geometry":{"type":"Polygon","coordinates":[[[110.27018,-7.92142],[110.27011,-7.92139],[110.27011,-7.92134],[110.27021,-7.92082],[110.27029,-7.92052],[110.27038,-7.92033],[110.27044,-7.9204],[110.27048,-7.92048],[110.2705,-7.92064],[110.27047,-7.92092],[110.27041,-7.92107],[110.27029,-7.92129],[110.27018,-7.92142]]]}},{"type":"Feature","properties":{"AREA":8112.156,"PERIMETER":395.0883,"SUNGAI1_":13,"SUNGAI1_ID":4,"KETERANGAN":"Sungai"},"geometry":{"type":"Polygon","coordinates":[[[110.2702,-7.92653],[110.27019,-7.92647],[110.27031,-7.92593],[110.27064,-7.92548],[110.27087,-7.92526],[110.27097,-7.92516],[110.27104,-7.92517],[110.27112,-7.92523],[110.27109,-7.92587],[110.271,-7.92602],[110.27062,-7.92636],[110.2702,-7.92653]]]}},{"type":"Feature","properties":{"AREA":1710.547,"PERIMETER":226.5161,"SUNGAI1_":14,"SUNGAI1_ID":4,"KETERANGAN":"Sungai"},"geometry":{"type":"Polygon","coordinates":[[[110.36575,-7.93344],[110.36507,-7.934],[110.36503,-7.93397],[110.36506,-7.93394],[110.36528,-7.9336],[110.36534,-7.93348],[110.3656,-7.93334],[110.36568,-7.93336],[110.36573,-7.93338],[110.36578,-7.93341],[110.36575,-7.93344]]]}},{"type":"Feature","properties":{"AREA":6272.625,"PERIMETER":460.5982,"SUNGAI1_":15,"SUNGAI1_ID":4,"KETERANGAN":"Sungai"},"geometry":{"type":"Polygon","coordinates":[[[110.44912,-7.94545],[110.44922,-7.94544],[110.44928,-7.94548],[110.44931,-7.94581],[110.44925,-7.94607],[110.44911,-7.94636],[110.449,-7.94655],[110.44888,-7.94677],[110.44876,-7.94698],[110.44855,-7.94714],[110.44845,-7.94718],[110.44838,-7.94716],[110.44835,-7.94712],[110.44837,-7.94698],[110.44851,-7.94678],[110.44892,-7.94616],[110.44904,-7.94581],[110.44907,-7.94554],[110.44912,-7.94545]]]}},{"type":"Feature","properties":{"AREA":18331.44,"PERIMETER":636.4401,"SUNGAI1_":16,"SUNGAI1_ID":4,"KETERANGAN":"Sungai"},"geometry":{"type":"Polygon","coordinates":[[[110.42688,-7.9492],[110.42682,-7.9493],[110.42607,-7.95069],[110.42546,-7.95136],[110.42542,-7.95128],[110.42537,-7.95116],[110.42536,-7.95113],[110.42538,-7.95036],[110.42559,-7.94993],[110.42595,-7.94947],[110.42622,-7.94924],[110.42637,-7.94918],[110.42671,-7.9491],[110.42688,-7.9492]]]}},{"type":"Feature","properties":{"AREA":23930.38,"PERIMETER":1053.146,"SUNGAI1_":17,"SUNGAI1_ID":0,"KETERANGAN":"Sungai"},"geometry":{"type":"Polygon","coordinates":[[[110.22468,-7.96384],[110.22463,-7.96379],[110.22465,-7.96372],[110.22476,-7.96349],[110.22485,-7.96328],[110.2249,-7.96323],[110.22511,-7.96301],[110.22525,-7.96288],[110.22539,-7.96275],[110.22548,-7.96263],[110.22564,-7.96243],[110.22603,-7.96202],[110.22658,-7.96138],[110.22681,-7.96108],[110.2274,-7.96041],[110.22759,-7.96029],[110.22766,-7.96031],[110.22767,-7.96036],[110.22764,-7.96045],[110.22712,-7.9613],[110.22707,-7.96152],[110.22702,-7.96169],[110.2269,-7.96187],[110.22652,-7.96234],[110.22587,-7.963],[110.22574,-7.96308],[110.22548,-7.96322],[110.22499,-7.96368],[110.22482,-7.96383],[110.22468,-7.96384]]]}},{"type":"Feature","properties":{"AREA":140779.1,"PERIMETER":2812.751,"SUNGAI1_":18,"SUNGAI1_ID":4,"KETERANGAN":"Sungai"},"geometry":{"type":"Polygon","coordinates":[[[110.21971,-7.97311],[110.21967,-7.97302],[110.21967,-7.97287],[110.21971,-7.97257],[110.21986,-7.97189],[110.21997,-7.97149],[110.22006,-7.97119],[110.22025,-7.97071],[110.22068,-7.96986],[110.22086,-7.96965],[110.22105,-7.96941],[110.22118,-7.96921],[110.22227,-7.96778],[110.22245,-7.96759],[110.22259,-7.9675],[110.22298,-7.96737],[110.22335,-7.96721],[110.2235,-7.96706],[110.2242,-7.9664],[110.22432,-7.96625],[110.22517,-7.96517],[110.22598,-7.96416],[110.22623,-7.96396],[110.22683,-7.96352],[110.22708,-7.96342],[110.22711,-7.96341],[110.22724,-7.96338],[110.22728,-7.96348],[110.22731,-7.96367],[110.22728,-7.96383],[110.22717,-7.96409],[110.22692,-7.96446],[110.2267,-7.96472],[110.22647,-7.96496],[110.22615,-7.96526],[110.22606,-7.96541],[110.22593,-7.96572],[110.22584,-7.96577],[110.22551,-7.96598],[110.22521,-7.96617],[110.22474,-7.96671],[110.22436,-7.96722],[110.22403,-7.96766],[110.22389,-7.96781],[110.22373,-7.96793],[110.22354,-7.96811],[110.22316,-7.96863],[110.22256,-7.96935],[110.22234,-7.96972],[110.2219,-7.97059],[110.22158,-7.97099],[110.22113,-7.97167],[110.22071,-7.97216],[110.22045,-7.97266],[110.22029,-7.9728],[110.21992,-7.97303],[110.21971,-7.97311]]]}},{"type":"Feature","properties":{"AREA":5363.578,"PERIMETER":412.6378,"SUNGAI1_":19,"SUNGAI1_ID":0,"KETERANGAN":"Sungai"},"geometry":{"type":"Polygon","coordinates":[[[110.22334,-7.96635],[110.22333,-7.9663],[110.22334,-7.96626],[110.22341,-7.96614],[110.22363,-7.96593],[110.22388,-7.96565],[110.22402,-7.96548],[110.22433,-7.96526],[110.22447,-7.96518],[110.22467,-7.96513],[110.2246,-7.96529],[110.22439,-7.96555],[110.22409,-7.96592],[110.22395,-7.96608],[110.2234,-7.96633],[110.22334,-7.96635]]]}},{"type":"Feature","properties":{"AREA":41426.53,"PERIMETER":1274.377,"SUNGAI1_":20,"SUNGAI1_ID":4,"KETERANGAN":"Sungai"},"geometry":{"type":"Polygon","coordinates":[[[110.22314,-7.97132],[110.22298,-7.97132],[110.22293,-7.97129],[110.22292,-7.97123],[110.22295,-7.97109],[110.22302,-7.97096],[110.22327,-7.97056],[110.22334,-7.97033],[110.2234,-7.9702],[110.22353,-7.97],[110.22398,-7.96959],[110.22411,-7.96945],[110.22416,-7.96933],[110.22442,-7.96864],[110.22467,-7.96815],[110.22474,-7.96802],[110.22489,-7.96778],[110.22502,-7.96762],[110.22519,-7.96747],[110.22548,-7.96721],[110.22566,-7.96709],[110.22595,-7.96688],[110.2261,-7.9668],[110.22614,-7.96684],[110.22613,-7.96691],[110.22605,-7.96702],[110.226,-7.96713],[110.22585,-7.96745],[110.22577,-7.96764],[110.22566,-7.96787],[110.22537,-7.96832],[110.22523,-7.96855],[110.22502,-7.96887],[110.22499,-7.96898],[110.225,-7.9694],[110.22491,-7.96962],[110.22476,-7.96985],[110.22461,-7.9701],[110.22445,-7.97034],[110.22427,-7.9705],[110.22401,-7.97065],[110.22385,-7.97077],[110.22314,-7.97132]]]}},{"type":"Feature","properties":{"AREA":45381.19,"PERIMETER":1550.427,"SUNGAI1_":21,"SUNGAI1_ID":4,"KETERANGAN":"Sungai"},"geometry":{"type":"Polygon","coordinates":[[[110.30102,-8.00169],[110.30058,-8.002],[110.30052,-8.00198],[110.3005,-8.00198],[110.30081,-8.00122],[110.301,-8.00092],[110.30111,-8.00076],[110.30119,-8.0006],[110.30129,-8.00041],[110.30132,-8.00036],[110.30151,-8.00027],[110.30169,-8.00018],[110.30201,-8.00001],[110.3024,-7.9997],[110.30277,-7.99935],[110.30296,-7.99921],[110.30361,-7.99864],[110.30431,-7.99805],[110.30461,-7.99764],[110.30475,-7.99743],[110.30479,-7.99737],[110.30497,-7.99725],[110.30517,-7.99715],[110.3053,-7.99713],[110.30526,-7.99718],[110.30505,-7.99745],[110.30489,-7.99772],[110.30485,-7.99781],[110.30455,-7.99847],[110.3043,-7.99875],[110.30413,-7.99887],[110.30347,-7.99938],[110.3034,-7.9995],[110.30317,-8.0],[110.30314,-8.00006],[110.30302,-8.00019],[110.30175,-8.00123],[110.30129,-8.00154],[110.30102,-8.00169]]]}},{"type":"Feature","properties":{"AREA":0.0,"PERIMETER":0.0,"SUNGAI1_":0,"SUNGAI1_ID":0,"KETERANGAN":null},"geometry":{"type":"Polygon","coordinates":[[[110.29466,-8.00862],[110.29422,-8.00882],[110.29389,-8.00898],[110.29312,-8.00947],[110.29166,-8.01007],[110.2908,-8.01028],[110.29081,-8.01026],[110.2911,-8.01006],[110.29115,-8.01003],[110.29153,-8.00985],[110.29165,-8.00974],[110.29181,-8.00948],[110.29191,-8.00938],[110.29242,-8.00922],[110.29352,-8.0086],[110.294,-8.00857],[110.29426,-8.0086],[110.29466,-8.00862]]]}},{"type":"Feature","properties":{"AREA":0.0,"PERIMETER":0.0,"SUNGAI1_":0,"SUNGAI1_ID":0,"KETERANGAN":null},"geometry":{"type":"Polygon","coordinates":[[[110.301,-8.00044],[110.30044,-8.00131],[110.30021,-8.0017],[110.30005,-8.00196],[110.29983,-8.00227],[110.29974,-8.00244],[110.29954,-8.00276],[110.29948,-8.00285],[110.29943,-8.00289],[110.29936,-8.00301],[110.29887,-8.00401],[110.2989,-8.00404],[110.29917,-8.00388],[110.29922,-8.0039],[110.29922,-8.00398],[110.29919,-8.00405],[110.2991,-8.00417],[110.29856,-8.00469],[110.29813,-8.00504],[110.29793,-8.00532],[110.29793,-8.00567],[110.2979,-8.00574],[110.29766,-8.00628],[110.29718,-8.00696],[110.29694,-8.00718],[110.29653,-8.00746],[110.29628,-8.00757],[110.29583,-8.0079],[110.29538,-8.00822],[110.29514,-8.00839],[110.2949,-8.00844],[110.29432,-8.00843],[110.29416,-8.00844],[110.29647,-8.00678],[110.29885,-8.00283],[110.29955,-8.00159],[110.30096,-8.00041],[110.301,-8.00044]]]}},{"type":"Feature","properties":{"AREA":0.0,"PERIMETER":0.0,"SUNGAI1_":0,"SUNGAI1_ID":0,"KETERANGAN":null},"geometry":{"type":"Polygon","coordinates":[[[110.30152,-7.99999],[110.30152,-7.99999],[110.30152,-7.99999],[110.30152,-7.99999]]]}},{"type":"Feature","properties":{"AREA":0.0,"PERIMETER":0.0,"SUNGAI1_":0,"SUNGAI1_ID":0,"KETERANGAN":null},"geometry":{"type":"Polygon","coordinates":[[[110.30665,-7.99519],[110.30643,-7.99554],[110.30619,-7.99583],[110.30597,-7.99614],[110.30567,-7.99649],[110.30544,-7.9966],[110.30491,-7.99691],[110.30472,-7.99709],[110.30443,-7.99743],[110.30427,-7.99762],[110.30386,-7.99822],[110.30368,-7.99837],[110.30334,-7.99864],[110.3029,-7.99902],[110.30261,-7.99929],[110.30238,-7.9995],[110.30221,-7.99967],[110.30194,-7.99985],[110.30171,-7.99997],[110.30152,-7.99999],[110.30152,-7.99999],[110.30156,-7.99994],[110.30171,-7.99975],[110.30176,-7.99967],[110.30187,-7.99954],[110.30666,-7.99508],[110.30665,-7.99519]]]}},{"type":"Feature","properties":{"AREA":0.0,"PERIMETER":0.0,"SUNGAI1_":0,"SUNGAI1_ID":0,"KETERANGAN":null},"geometry":{"type":"Polygon","coordinates":[[[110.31131,-7.99074],[110.31134,-7.99071],[110.31136,-7.9907],[110.31131,-7.99074]]]}},{"type":"Feature","properties":{"AREA":0.0,"PERIMETER":0.0,"SUNGAI1_":0,"SUNGAI1_ID":0,"KETERANGAN":null},"geometry":{"type":"Polygon","coordinates":[[[110.31144,-7.99067],[110.31185,-7.99053],[110.31275,-7.98991],[110.31279,-7.98991],[110.31274,-7.98997],[110.31247,-7.99023],[110.31242,-7.99026],[110.31199,-7.99056],[110.31186,-7.99065],[110.31154,-7.99067],[110.31144,-7.99067]]]}},{"type":"Feature","properties":{"AREA":0.0,"PERIMETER":0.0,"SUNGAI1_":0,"SUNGAI1_ID":0,"KETERANGAN":null},"geometry":{"type":"Polygon","coordinates":[[[110.32387,-7.98347],[110.32385,-7.98347],[110.32365,-7.98347],[110.32357,-7.98346],[110.32339,-7.98346],[110.32319,-7.98348],[110.32289,-7.98372],[110.3228,-7.98378],[110.32216,-7.98393],[110.32207,-7.98395],[110.32197,-7.98397],[110.32136,-7.98434],[110.32109,-7.98449],[110.3208,-7.98474],[110.3205,-7.98496],[110.32035,-7.98509],[110.32016,-7.98525],[110.32007,-7.9853],[110.32001,-7.98538],[110.31983,-7.98558],[110.31958,-7.98597],[110.31945,-7.98614],[110.31905,-7.98659],[110.31884,-7.98677],[110.31869,-7.98687],[110.31821,-7.9872],[110.31797,-7.9874],[110.31784,-7.98752],[110.31757,-7.9878],[110.31742,-7.9879],[110.31696,-7.98828],[110.31663,-7.98855],[110.31653,-7.98864],[110.31623,-7.98889],[110.31609,-7.9891],[110.31596,-7.9893],[110.31587,-7.98946],[110.31574,-7.98968],[110.31536,-7.99003],[110.31522,-7.99011],[110.314,-7.99056],[110.31227,-7.9911],[110.31178,-7.99131],[110.31161,-7.9914],[110.3113,-7.99173],[110.31112,-7.99201],[110.31101,-7.99215],[110.31083,-7.99227],[110.31037,-7.99256],[110.31023,-7.99265],[110.30986,-7.99292],[110.3095,-7.99316],[110.30903,-7.9934],[110.30882,-7.9935],[110.30856,-7.99353],[110.30859,-7.99347],[110.30879,-7.99326],[110.30904,-7.99314],[110.30945,-7.9928],[110.30979,-7.99241],[110.30998,-7.99213],[110.31037,-7.9918],[110.31047,-7.99172],[110.311,-7.99115],[110.3113,-7.99084],[110.3114,-7.99076],[110.31151,-7.99074],[110.3119,-7.99072],[110.31226,-7.99051],[110.31268,-7.99019],[110.31301,-7.98989],[110.31301,-7.98988],[110.31482,-7.98967],[110.31911,-7.98551],[110.32002,-7.9847],[110.32252,-7.9835],[110.32332,-7.98324],[110.32387,-7.98347]]]}},{"type":"Feature","properties":{"AREA":0.0,"PERIMETER":0.0,"SUNGAI1_":0,"SUNGAI1_ID":0,"KETERANGAN":null},"geometry":{"type":"Polygon","coordinates":[[[110.32484,-7.98366],[110.32479,-7.98357],[110.32549,-7.9837],[110.32756,-7.98339],[110.32774,-7.98286],[110.32903,-7.97893],[110.32983,-7.97861],[110.32978,-7.97867],[110.32955,-7.97895],[110.32938,-7.97915],[110.32922,-7.97931],[110.32884,-7.98068],[110.3288,-7.98087],[110.32857,-7.98188],[110.32852,-7.98228],[110.32839,-7.98295],[110.32827,-7.98334],[110.3282,-7.98348],[110.3281,-7.9836],[110.328,-7.98373],[110.32775,-7.98393],[110.3273,-7.98413],[110.32688,-7.98423],[110.32629,-7.98419],[110.32548,-7.98386],[110.32499,-7.98371],[110.32484,-7.98366]]]}},{"type":"Feature","properties":{"AREA":0.0,"PERIMETER":0.0,"SUNGAI1_":0,"SUNGAI1_ID":0,"KETERANGAN":null},"geometry":{"type":"Polygon","coordinates":[[[110.28827,-8.01075],[110.28768,-8.01086],[110.28404,-8.01104],[110.28358,-8.01097],[110.28355,-8.01081],[110.28428,-8.01054],[110.28469,-8.01029],[110.28463,-8.01025],[110.28452,-8.01032],[110.2844,-8.01036],[110.28421,-8.01043],[110.28387,-8.01056],[110.28359,-8.01055],[110.28329,-8.01054],[110.28324,-8.01051],[110.28324,-8.01047],[110.28327,-8.01038],[110.28339,-8.01026],[110.28383,-8.01013],[110.28434,-8.00998],[110.2845,-8.00993],[110.28473,-8.01003],[110.28603,-8.01008],[110.28628,-8.01015],[110.28651,-8.01021],[110.28689,-8.01025],[110.28711,-8.01026],[110.28737,-8.01028],[110.28781,-8.01039],[110.28803,-8.01049],[110.28814,-8.01059],[110.28827,-8.01075]]]}}]}