{
"type": "FeatureCollection",
"name": "WMK_Sektor_Per_Kalurahan",
"crs": { "type": "name", "properties": { "name": "urn:ogc:def:crs:OGC:1.3:CRS84" } },
"features": [
{ "type": "Feature", "properties": { "KECAMATAN": "Kasihan", "DESA": "Ngestiharjo", "Sektor": "Kasihan" }, "geometry": { "type": "Polygon", "coordinates": [ [ [ 110.351220000000424, -7.769539999999605 ], [ 110.351119999999327, -7.769720000000502 ], [ 110.351119999999327, -7.769979999999401 ], [ 110.351109999999579, -7.770210000000856 ], [ 110.35107000000059, -7.770580000000617 ], [ 110.351099999999832, -7.770860000000815 ], [ 110.351169999999868, -7.771210000001067 ], [ 110.351259999999414, -7.77176 ], [ 110.35119999999911, -7.77204 ], [ 110.351129999999074, -7.77259000000076 ], [ 110.351080000000337, -7.772849999999654 ], [ 110.351000000000525, -7.77305 ], [ 110.350940000000222, -7.77334 ], [ 110.350889999999666, -7.773670000000763 ], [ 110.35083999999911, -7.77392 ], [ 110.350800000000135, -7.774340000000211 ], [ 110.35078000000064, -7.774719999999704 ], [ 110.350749999999579, -7.77514 ], [ 110.35083999999911, -7.775240000001119 ], [ 110.350889999999666, -7.775739999999403 ], [ 110.350920000000727, -7.77658 ], [ 110.351039999999529, -7.778280000000733 ], [ 110.35107000000059, -7.779469999999774 ], [ 110.351039999999529, -7.78018 ], [ 110.350860000000424, -7.780779999999418 ], [ 110.350809999999882, -7.78132000000033 ], [ 110.350749999999579, -7.781779999999614 ], [ 110.350679999999514, -7.782209999999663 ], [ 110.350599999999716, -7.782579999999422 ], [ 110.350459999999629, -7.783560000000135 ], [ 110.350350000000574, -7.784320000000933 ], [ 110.350290000000271, -7.784780000000225 ], [ 110.350239999999715, -7.785250000001089 ], [ 110.350179999999426, -7.785770000000693 ], [ 110.350130000000689, -7.78626000000105 ], [ 110.350019999999816, -7.78709 ], [ 110.34996999999926, -7.787410000001092 ], [ 110.349920000000523, -7.7876 ], [ 110.349899999999209, -7.787889999999885 ], [ 110.349879999999729, -7.788220000000645 ], [ 110.349850000000487, -7.788560000001151 ], [ 110.3498, -7.788950000000395 ], [ 110.349759999999122, -7.7891500000008 ], [ 110.349620000000826, -7.78961 ], [ 110.34931999999931, -7.790150000000997 ], [ 110.34922, -7.790419999999639 ], [ 110.349070000000168, -7.790859999999424 ], [ 110.34902999999936, -7.79118000000045 ], [ 110.34899000000037, -7.7917 ], [ 110.348900000000839, -7.79213 ], [ 110.349190000000789, -7.79312000000055 ], [ 110.349060000000421, -7.793400000000747 ], [ 110.349739999999613, -7.793620000000652 ], [ 110.349710000000371, -7.793760000000744 ], [ 110.349819999999426, -7.793809999999484 ], [ 110.349710000000371, -7.794140000000247 ], [ 110.349500000000234, -7.794900000001062 ], [ 110.349469999999172, -7.795280000000547 ], [ 110.34909999999941, -7.795239999999748 ], [ 110.34908, -7.794930000000288 ], [ 110.34873999999941, -7.795000000000356 ], [ 110.348819999999208, -7.795650000000304 ], [ 110.348669999999359, -7.796130000000911 ], [ 110.348330000000686, -7.796060000000851 ], [ 110.348239999999322, -7.79644000000035 ], [ 110.348579999999828, -7.796490000000901 ], [ 110.348490000000268, -7.7968500000009 ], [ 110.348, -7.797899999999847 ], [ 110.347820000000823, -7.798339999999644 ], [ 110.34841000000047, -7.798640000001166 ], [ 110.348040000000722, -7.79912 ], [ 110.348439999999712, -7.799349999999605 ], [ 110.348260000000636, -7.79953000000051 ], [ 110.348190000000571, -7.799709999999592 ], [ 110.348060000000217, -7.79998 ], [ 110.347910000000383, -7.800250000000504 ], [ 110.34785, -7.800410000000113 ], [ 110.347719999999725, -7.800900000000458 ], [ 110.34764, -7.801390000000816 ], [ 110.34749, -7.801900000000663 ], [ 110.347400000000533, -7.802149999999798 ], [ 110.34728, -7.802610000000908 ], [ 110.347110000000569, -7.802509999999801 ], [ 110.346840000000114, -7.802470000000819 ], [ 110.346709999999774, -7.802480000000563 ], [ 110.346509999999356, -7.802560000000366 ], [ 110.346330000000265, -7.802930000000113 ], [ 110.346229999999153, -7.803140000000267 ], [ 110.346190000000163, -7.803320000001173 ], [ 110.34605, -7.803690000000925 ], [ 110.345939999999203, -7.803959999999558 ], [ 110.345880000000719, -7.804210000000515 ], [ 110.34584, -7.804379999999855 ], [ 110.345779999999621, -7.804500000000465 ], [ 110.345709999999556, -7.80459999999976 ], [ 110.345660000000819, -7.804780000000672 ], [ 110.345629999999758, -7.804910000001023 ], [ 110.345579999999202, -7.805010000000309 ], [ 110.345460000000429, -7.805189999999407 ], [ 110.345409999999859, -7.805290000000512 ], [ 110.345339999999808, -7.805570000000717 ], [ 110.345209999999469, -7.80589 ], [ 110.345040000000111, -7.80632 ], [ 110.344950000000566, -7.806360000000773 ], [ 110.344849999999468, -7.806420000001064 ], [ 110.344859999999215, -7.806629999999406 ], [ 110.34483, -7.806810000000325 ], [ 110.344380000000413, -7.806839999999554 ], [ 110.344279999999316, -7.806870000000615 ], [ 110.344289999999063, -7.806989999999403 ], [ 110.344390000000161, -7.807290000000926 ], [ 110.344569999999266, -7.807430000001017 ], [ 110.344779999999403, -7.80747 ], [ 110.344940000000818, -7.807610000000121 ], [ 110.3449, -7.807740000000472 ], [ 110.344919999999519, -7.807890000000326 ], [ 110.345030000000364, -7.808059999999658 ], [ 110.345090000000667, -7.808250000000319 ], [ 110.345139999999418, -7.80848 ], [ 110.345149999999165, -7.808730000000917 ], [ 110.345090000000667, -7.809279999999773 ], [ 110.345100000000414, -7.809520000000976 ], [ 110.34524000000053, -7.809820000000687 ], [ 110.345569999999455, -7.810009999999508 ], [ 110.345670000000567, -7.810139999999871 ], [ 110.345719999999318, -7.81042 ], [ 110.345610000000264, -7.81078 ], [ 110.345520000000732, -7.811040000000782 ], [ 110.345489999999671, -7.811330000000726 ], [ 110.345559999999708, -7.811589999999616 ], [ 110.345639999999506, -7.811900000000882 ], [ 110.345719999999318, -7.812470000001039 ], [ 110.347260000000418, -7.812739999999669 ], [ 110.34928000000032, -7.813080000000169 ], [ 110.350619999999211, -7.813249999999523 ], [ 110.351580000000425, -7.813440000000176 ], [ 110.351529999999869, -7.813529999999726 ], [ 110.351230000000172, -7.813930000000526 ], [ 110.35109, -7.814249999999728 ], [ 110.351080000000337, -7.814389999999821 ], [ 110.351129999999074, -7.81453 ], [ 110.35124, -7.814650000000523 ], [ 110.35136000000054, -7.814700000001092 ], [ 110.351520000000122, -7.814720000000588 ], [ 110.351969999999682, -7.814749999999831 ], [ 110.352039999999732, -7.814810000000134 ], [ 110.352109999999769, -7.814950000000232 ], [ 110.35214000000083, -7.8151 ], [ 110.352179999999819, -7.815619999999666 ], [ 110.352310000000188, -7.815759999999777 ], [ 110.352440000000527, -7.815950000000433 ], [ 110.35253, -7.816199999999574 ], [ 110.352450000000275, -7.8164 ], [ 110.352380000000238, -7.816510000000833 ], [ 110.352209999999062, -7.816769999999728 ], [ 110.351979999999429, -7.81705 ], [ 110.351870000000375, -7.81712 ], [ 110.35138, -7.817330000000128 ], [ 110.351230000000172, -7.817390000000437 ], [ 110.35114000000064, -7.817520000000793 ], [ 110.351109999999579, -7.817690000000129 ], [ 110.35109, -7.81798 ], [ 110.351060000000842, -7.818460000000698 ], [ 110.350440000000134, -7.818320000000589 ], [ 110.350319999999513, -7.81827 ], [ 110.35025999999921, -7.8182 ], [ 110.35023, -7.818090000000939 ], [ 110.35023, -7.817890000000544 ], [ 110.350270000000776, -7.817660000000897 ], [ 110.350340000000827, -7.817400000000188 ], [ 110.350440000000134, -7.817129999999723 ], [ 110.350510000000185, -7.81688000000058 ], [ 110.350500000000437, -7.816740000000483 ], [ 110.350440000000134, -7.816629999999625 ], [ 110.350340000000827, -7.816549999999829 ], [ 110.350130000000689, -7.816489999999521 ], [ 110.34994, -7.816419999999471 ], [ 110.349809999999678, -7.816370000000729 ], [ 110.34958, -7.816360000000992 ], [ 110.349480000000739, -7.816349999999416 ], [ 110.349169999999475, -7.81632000000018 ], [ 110.348710000000167, -7.81618 ], [ 110.348589999999575, -7.816140000001081 ], [ 110.348420000000218, -7.816000000000995 ], [ 110.34821, -7.815919999999371 ], [ 110.348079999999712, -7.816020000000488 ], [ 110.34802999999917, -7.816150000000842 ], [ 110.347959999999119, -7.816430000001037 ], [ 110.347900000000635, -7.816750000000238 ], [ 110.347820000000823, -7.816979999999879 ], [ 110.347659999999422, -7.817129999999721 ], [ 110.347509999999559, -7.817150000001034 ], [ 110.347200000000115, -7.81705 ], [ 110.346799999999305, -7.816950000000627 ], [ 110.346639999999709, -7.817160000000784 ], [ 110.346540000000417, -7.817510000001035 ], [ 110.346429999999572, -7.817849999999732 ], [ 110.34631000000077, -7.817950000000846 ], [ 110.346100000000632, -7.817880000000794 ], [ 110.345849999999672, -7.817789999999427 ], [ 110.345499999999419, -7.817629999999823 ], [ 110.34519, -7.817600000000583 ], [ 110.34512, -7.817800000000994 ], [ 110.344999999999303, -7.818079999999368 ], [ 110.344940000000818, -7.818359999999587 ], [ 110.344929999999252, -7.818639999999782 ], [ 110.344989999999555, -7.818859999999683 ], [ 110.345059999999606, -7.81921 ], [ 110.345030000000364, -7.819659999999479 ], [ 110.34483, -7.820040000000797 ], [ 110.344619999999807, -7.820219999999884 ], [ 110.3444, -7.82023999999937 ], [ 110.3441399999992, -7.820149999999835 ], [ 110.34389, -7.820040000000791 ], [ 110.343829999999755, -7.81987999999937 ], [ 110.343839999999503, -7.819649999999735 ], [ 110.34382, -7.819380000001101 ], [ 110.343800000000513, -7.819260000000486 ], [ 110.343870000000578, -7.819090000001144 ], [ 110.344049999999655, -7.818999999999777 ], [ 110.344329999999857, -7.818960000000789 ], [ 110.344520000000529, -7.818830000000441 ], [ 110.344649999999049, -7.81853000000074 ], [ 110.344670000000363, -7.818279999999781 ], [ 110.344670000000363, -7.818160000000987 ], [ 110.344619999999807, -7.817880000000794 ], [ 110.344460000000211, -7.817690000000131 ], [ 110.34432000000011, -7.817660000000891 ], [ 110.344129999999453, -7.817540000000289 ], [ 110.343950000000376, -7.817300000000888 ], [ 110.34382, -7.816930000001147 ], [ 110.3437799999992, -7.816650000000944 ], [ 110.343619999999618, -7.816489999999525 ], [ 110.343440000000513, -7.816370000000731 ], [ 110.343259999999617, -7.816150000000839 ], [ 110.3431999999993, -7.815960000000185 ], [ 110.343109999999754, -7.81582 ], [ 110.342969999999667, -7.815720000000789 ], [ 110.34258000000041, -7.81552000000039 ], [ 110.34245, -7.815479999999572 ], [ 110.342280000000713, -7.815399999999772 ], [ 110.342029999999767, -7.81525 ], [ 110.341759999999312, -7.815010000000535 ], [ 110.341700000000827, -7.814899999999678 ], [ 110.341700000000827, -7.81470000000109 ], [ 110.341739999999817, -7.814420000000893 ], [ 110.341770000000878, -7.814140000000674 ], [ 110.34180000000012, -7.813739999999867 ], [ 110.341809999999867, -7.813420000000684 ], [ 110.341749999999564, -7.813290000000323 ], [ 110.341619999999196, -7.813260000001089 ], [ 110.341000000000307, -7.813080000000181 ], [ 110.340739999999599, -7.812990000000623 ], [ 110.340500000000219, -7.81287 ], [ 110.340270000000572, -7.81294 ], [ 110.340210000000269, -7.813169999999727 ], [ 110.340229999999764, -7.813469999999421 ], [ 110.340280000000305, -7.81388 ], [ 110.340260000000825, -7.814119999999374 ], [ 110.340050000000659, -7.814099999999869 ], [ 110.339770000000456, -7.813940000000275 ], [ 110.339490000000254, -7.813770000000925 ], [ 110.339319999999105, -7.81366 ], [ 110.339110000000758, -7.813510000000234 ], [ 110.338760000000505, -7.813239999999779 ], [ 110.338470000000555, -7.81302999999962 ], [ 110.338180000000605, -7.812770000000738 ], [ 110.33799999999971, -7.812650000000129 ], [ 110.337470000000366, -7.812449999999716 ], [ 110.3372600000002, -7.812360000000168 ], [ 110.336989999999744, -7.812309999999623 ], [ 110.33669, -7.812159999999771 ], [ 110.336349999999541, -7.812040000000979 ], [ 110.336139999999403, -7.812130000000519 ], [ 110.335979999999793, -7.81215 ], [ 110.335839999999706, -7.812099999999459 ], [ 110.335590000000565, -7.812029999999409 ], [ 110.335230000000564, -7.811949999999615 ], [ 110.334870000000564, -7.811869999999817 ], [ 110.334580000000614, -7.811869999999822 ], [ 110.334339999999401, -7.812029999999419 ], [ 110.33417999999979, -7.81222 ], [ 110.334000000000714, -7.812500000000283 ], [ 110.333730000000259, -7.812449999999712 ], [ 110.333570000000648, -7.812529999999521 ], [ 110.33323999999989, -7.81287 ], [ 110.332969999999435, -7.813029999999622 ], [ 110.332689999999246, -7.813130000000727 ], [ 110.332430000000357, -7.81316 ], [ 110.33213000000066, -7.813019999999878 ], [ 110.3318799999997, -7.812770000000723 ], [ 110.331739999999584, -7.812519999999763 ], [ 110.331700000000595, -7.812229999999827 ], [ 110.331700000000595, -7.811990000000427 ], [ 110.331710000000342, -7.811809999999512 ], [ 110.331739999999584, -7.81171000000023 ], [ 110.331969999999231, -7.81129 ], [ 110.332050000000848, -7.811120000000574 ], [ 110.332070000000357, -7.810880000001188 ], [ 110.332019999999787, -7.810649999999718 ], [ 110.331920000000494, -7.810390000000824 ], [ 110.331780000000407, -7.810079999999561 ], [ 110.331570000000255, -7.809709999999821 ], [ 110.331399999999078, -7.80927 ], [ 110.331229999999749, -7.808960000000577 ], [ 110.33115, -7.808849999999707 ], [ 110.331, -7.808660000000879 ], [ 110.330850000000254, -7.80845000000072 ], [ 110.330679999999077, -7.80826 ], [ 110.3305, -7.807989999999612 ], [ 110.330420000000188, -7.80769 ], [ 110.330400000000694, -7.807409999999713 ], [ 110.33037999999938, -7.807199999999566 ], [ 110.330490000000239, -7.806650000000711 ], [ 110.330620000000607, -7.806430000000824 ], [ 110.330819999999193, -7.806189999999613 ], [ 110.33090000000081, -7.806000000000775 ], [ 110.33090000000081, -7.805870000000414 ], [ 110.330780000000189, -7.805689999999503 ], [ 110.330700000000391, -7.805570000000717 ], [ 110.330560000000304, -7.805340000001067 ], [ 110.330369999999633, -7.805029999999803 ], [ 110.330309999999344, -7.804770000000916 ], [ 110.330330000000657, -7.804469999999403 ], [ 110.330459999999178, -7.804150000000215 ], [ 110.33061000000086, -7.803990000000624 ], [ 110.330760000000694, -7.803790000000213 ], [ 110.331009999999836, -7.803620000000863 ], [ 110.33126000000081, -7.80342000000046 ], [ 110.331420000000392, -7.803309999999605 ], [ 110.33155000000076, -7.803270000000614 ], [ 110.331739999999584, -7.803290000000106 ], [ 110.332019999999787, -7.803420000000463 ], [ 110.332189999999144, -7.803350000000408 ], [ 110.332309999999737, -7.803130000000507 ], [ 110.332290000000242, -7.802879999999552 ], [ 110.332200000000711, -7.802630000000406 ], [ 110.332039999999282, -7.802400000000762 ], [ 110.331739999999584, -7.80214 ], [ 110.331469999999143, -7.801920000000157 ], [ 110.331179999999193, -7.801680000000761 ], [ 110.330809999999431, -7.801369999999493 ], [ 110.3305, -7.801160000001167 ], [ 110.330289999999849, -7.801020000001071 ], [ 110.330079999999683, -7.800810000000914 ], [ 110.33008999999943, -7.800709999999803 ], [ 110.330120000000491, -7.800620000000259 ], [ 110.330169999999228, -7.800410000000101 ], [ 110.330250000000859, -7.80017000000071 ], [ 110.330330000000657, -7.799960000000564 ], [ 110.330519999999495, -7.799830000000207 ], [ 110.330749999999128, -7.799800000000968 ], [ 110.331019999999583, -7.799820000000457 ], [ 110.331399999999078, -7.799800000000968 ], [ 110.331490000000457, -7.799800000000961 ], [ 110.33172, -7.799830000000204 ], [ 110.332290000000242, -7.799769999999898 ], [ 110.332410000000863, -7.799499999999445 ], [ 110.332449999999852, -7.799339999999853 ], [ 110.33259, -7.798930000001114 ], [ 110.332739999999802, -7.798779999999449 ], [ 110.332959999999687, -7.798650000000904 ], [ 110.333189999999334, -7.798629999999594 ], [ 110.33338, -7.798619999999845 ], [ 110.333650000000461, -7.798640000001159 ], [ 110.33388, -7.798680000000157 ], [ 110.334080000000498, -7.798580000000853 ], [ 110.33417999999979, -7.798320000000158 ], [ 110.334189999999538, -7.798129999999487 ], [ 110.33417999999979, -7.797960000000153 ], [ 110.33426999999935, -7.79775 ], [ 110.334479999999488, -7.79775999999975 ], [ 110.334960000000109, -7.79766000000045 ], [ 110.33504999999964, -7.797450000000302 ], [ 110.335170000000261, -7.797200000001163 ], [ 110.335220000000817, -7.797119999999538 ], [ 110.335859999999201, -7.797109999999796 ], [ 110.33619, -7.797160000000349 ], [ 110.336559999999693, -7.797189999999586 ], [ 110.337069999999557, -7.797259999999647 ], [ 110.337470000000366, -7.79732 ], [ 110.337789999999544, -7.797430000000806 ], [ 110.338120000000302, -7.797600000000148 ], [ 110.338400000000519, -7.797560000001164 ], [ 110.338480000000303, -7.797409999999495 ], [ 110.33835, -7.797109999999804 ], [ 110.338239999999089, -7.796810000000104 ], [ 110.338330000000468, -7.796510000000402 ], [ 110.33849, -7.7963700000003 ], [ 110.338630000000165, -7.796200000000954 ], [ 110.338750000000758, -7.79595 ], [ 110.338879999999293, -7.7956699999998 ], [ 110.338990000000166, -7.795490000000697 ], [ 110.339149999999748, -7.79524999999949 ], [ 110.33921, -7.795070000000404 ], [ 110.339130000000253, -7.794819999999446 ], [ 110.338970000000671, -7.794290000000101 ], [ 110.338869999999545, -7.793840000000542 ], [ 110.338830000000556, -7.793560000000353 ], [ 110.338799999999495, -7.79321 ], [ 110.338739999999191, -7.792939999999644 ], [ 110.338729999999444, -7.792760000000553 ], [ 110.33878, -7.792579999999634 ], [ 110.339060000000202, -7.792499999999832 ], [ 110.339289999999863, -7.792480000000352 ], [ 110.339410000000456, -7.792260000000449 ], [ 110.339410000000456, -7.792050000000296 ], [ 110.339540000000824, -7.791890000000696 ], [ 110.339729999999648, -7.791880000000948 ], [ 110.339980000000608, -7.791849999999895 ], [ 110.340260000000825, -7.791760000000338 ], [ 110.34058, -7.791649999999478 ], [ 110.340739999999599, -7.791610000000493 ], [ 110.341029999999549, -7.79163 ], [ 110.3413, -7.791610000000493 ], [ 110.34164000000051, -7.791590000001003 ], [ 110.34195, -7.791670000000795 ], [ 110.34229000000046, -7.791660000001054 ], [ 110.342559999999096, -7.791450000000898 ], [ 110.342860000000613, -7.791230000001006 ], [ 110.342989999999162, -7.791160000000948 ], [ 110.343210000000866, -7.791069999999587 ], [ 110.34345000000026, -7.790950000000799 ], [ 110.343759999999705, -7.790820000000445 ], [ 110.343960000000124, -7.790650000001103 ], [ 110.344129999999453, -7.79048 ], [ 110.344329999999857, -7.790220000001057 ], [ 110.344520000000529, -7.789940000000848 ], [ 110.344670000000363, -7.789689999999895 ], [ 110.344820000000226, -7.789440000000744 ], [ 110.344929999999252, -7.788930000000893 ], [ 110.344820000000226, -7.788640000000948 ], [ 110.344670000000363, -7.788399999999725 ], [ 110.344569999999266, -7.788080000000532 ], [ 110.344580000000832, -7.787870000000392 ], [ 110.344660000000616, -7.78774 ], [ 110.344789999999165, -7.78768999999948 ], [ 110.345079999999101, -7.787700000001053 ], [ 110.345349999999556, -7.787580000000436 ], [ 110.345429999999368, -7.787350000000794 ], [ 110.34536999999905, -7.787140000000643 ], [ 110.345310000000566, -7.786800000000138 ], [ 110.345310000000566, -7.786469999999374 ], [ 110.345349999999556, -7.786190000000994 ], [ 110.34548, -7.78587 ], [ 110.345629999999758, -7.78558 ], [ 110.345890000000466, -7.78529 ], [ 110.345999999999506, -7.785190000000787 ], [ 110.346180000000416, -7.785099999999415 ], [ 110.34631000000077, -7.784980000000634 ], [ 110.34640000000033, -7.784760000000742 ], [ 110.34640000000033, -7.784470000000782 ], [ 110.346359999999521, -7.78407 ], [ 110.346320000000517, -7.783840000000326 ], [ 110.346320000000517, -7.783540000000626 ], [ 110.346380000000835, -7.783299999999419 ], [ 110.346489999999861, -7.78298000000023 ], [ 110.346610000000467, -7.782670000000781 ], [ 110.346729999999269, -7.782429999999568 ], [ 110.346879999999103, -7.78227 ], [ 110.34776000000052, -7.78055999999952 ], [ 110.34785, -7.780419999999415 ], [ 110.347949999999372, -7.780189999999761 ], [ 110.348040000000722, -7.779940000000629 ], [ 110.34805000000047, -7.779720000000724 ], [ 110.348, -7.779500000000827 ], [ 110.34792000000013, -7.77903 ], [ 110.347910000000383, -7.77867 ], [ 110.34786999999956, -7.778350000000781 ], [ 110.34785, -7.778050000001071 ], [ 110.34783000000057, -7.777640000000527 ], [ 110.347820000000823, -7.777400000001125 ], [ 110.347789999999762, -7.776889999999461 ], [ 110.347729999999459, -7.77658 ], [ 110.34778, -7.776270000000564 ], [ 110.34785, -7.776060000000424 ], [ 110.347990000000181, -7.775760000000723 ], [ 110.348249999999069, -7.775219999999815 ], [ 110.348439999999712, -7.774810000001068 ], [ 110.34857, -7.774520000001128 ], [ 110.348770000000471, -7.774050000000272 ], [ 110.348980000000623, -7.77356 ], [ 110.34908, -7.773209999999659 ], [ 110.349120000000724, -7.77298 ], [ 110.349190000000789, -7.772680000000309 ], [ 110.349340000000623, -7.772180000000202 ], [ 110.349430000000169, -7.771730000000664 ], [ 110.349379999999613, -7.77151000000076 ], [ 110.349340000000623, -7.771370000000661 ], [ 110.34909999999941, -7.77104 ], [ 110.348969999999056, -7.77082 ], [ 110.348900000000839, -7.770490000001071 ], [ 110.348980000000623, -7.770179999999807 ], [ 110.349159999999728, -7.77003 ], [ 110.349449999999678, -7.769840000001111 ], [ 110.349739999999613, -7.769590000000152 ], [ 110.350060000000624, -7.76927000000097 ], [ 110.350350000000574, -7.768910000000967 ], [ 110.350609999999463, -7.76859 ], [ 110.351220000000424, -7.769539999999605 ] ] ] } },
{ "type": "Feature", "properties": { "KECAMATAN": "Banguntapan", "DESA": "Baturetno", "Sektor": "Banguntapan" }, "geometry": { "type": "Polygon", "coordinates": [ [ [ 110.422599999999832, -7.803060000000461 ], [ 110.422409999999189, -7.803630000000607 ], [ 110.422259999999326, -7.804130000000715 ], [ 110.422119999999239, -7.804650000000318 ], [ 110.422060000000741, -7.805140000000663 ], [ 110.422000000000438, -7.805580000000475 ], [ 110.421829999999289, -7.805930000000725 ], [ 110.421480000000841, -7.806339999999461 ], [ 110.421290000000198, -7.806850000001121 ], [ 110.421220000000147, -7.807380000000463 ], [ 110.421239999999642, -7.807730000000716 ], [ 110.42134000000074, -7.808269999999817 ], [ 110.42144999999978, -7.808779999999673 ], [ 110.421420000000538, -7.80927999999976 ], [ 110.421430000000285, -7.809750000000617 ], [ 110.42144999999978, -7.81006 ], [ 110.421689999999174, -7.810700000000267 ], [ 110.421930000000387, -7.811219999999873 ], [ 110.4221500000003, -7.811750000001036 ], [ 110.422370000000186, -7.812340000000682 ], [ 110.422399999999428, -7.8128 ], [ 110.42228000000064, -7.813190000001031 ], [ 110.422060000000741, -7.813550000001029 ], [ 110.421850000000603, -7.813930000000533 ], [ 110.421829999999289, -7.814230000000224 ], [ 110.42189999999934, -7.814689999999527 ], [ 110.421969999999376, -7.815150000000637 ], [ 110.421949999999882, -7.81546 ], [ 110.421819999999542, -7.815829999999819 ], [ 110.421679999999427, -7.816170000000324 ], [ 110.421560000000653, -7.816390000000235 ], [ 110.421570000000401, -7.816680000000178 ], [ 110.42170000000074, -7.816890000000337 ], [ 110.421959999999629, -7.817020000000687 ], [ 110.422490000000806, -7.817069999999425 ], [ 110.422909999999277, -7.817310000000634 ], [ 110.423150000000504, -7.817650000001141 ], [ 110.423319999999833, -7.818139999999672 ], [ 110.423230000000288, -7.818460000000686 ], [ 110.423000000000641, -7.818670000000835 ], [ 110.422640000000641, -7.81885 ], [ 110.422539999999543, -7.819069999999836 ], [ 110.42260999999958, -7.819219999999677 ], [ 110.42252, -7.819509999999623 ], [ 110.422350000000691, -7.820170000001145 ], [ 110.422210000000604, -7.820729999999738 ], [ 110.42202, -7.82108 ], [ 110.421850000000603, -7.821490000000537 ], [ 110.4217900000003, -7.821760000000992 ], [ 110.421780000000538, -7.82193000000034 ], [ 110.4217900000003, -7.82223 ], [ 110.421969999999376, -7.822389999999629 ], [ 110.422339999999124, -7.82235000000064 ], [ 110.4227300000002, -7.822490000000736 ], [ 110.423049999999392, -7.822539999999488 ], [ 110.423160000000252, -7.822319999999584 ], [ 110.423189999999479, -7.822019999999893 ], [ 110.423430000000707, -7.821959999999578 ], [ 110.423769999999394, -7.821970000001153 ], [ 110.423969999999798, -7.822010000000147 ], [ 110.424199999999431, -7.822140000000495 ], [ 110.424290000000809, -7.82216 ], [ 110.42432, -7.822280000000588 ], [ 110.42436000000086, -7.82266 ], [ 110.424409999999583, -7.823249999999734 ], [ 110.424300000000557, -7.823450000000151 ], [ 110.423979999999545, -7.82353999999968 ], [ 110.423440000000454, -7.823660000000292 ], [ 110.423199999999227, -7.823870000000444 ], [ 110.422959999999833, -7.82446 ], [ 110.422699999999125, -7.8249400000007 ], [ 110.422430000000503, -7.825269999999638 ], [ 110.422039999999427, -7.825839999999793 ], [ 110.421589999999895, -7.826269999999838 ], [ 110.42124999999939, -7.826629999999839 ], [ 110.42094, -7.827030000000649 ], [ 110.42066999999949, -7.827419999999896 ], [ 110.420519999999627, -7.827779999999898 ], [ 110.420449999999576, -7.828200000000196 ], [ 110.420439999999829, -7.828610000000761 ], [ 110.420490000000385, -7.82907 ], [ 110.420509999999879, -7.829570000000155 ], [ 110.420550000000702, -7.830040000001008 ], [ 110.42058, -7.830430000000251 ], [ 110.420519999999627, -7.830669999999648 ], [ 110.420350000000298, -7.830850000000549 ], [ 110.420130000000384, -7.83102 ], [ 110.419939999999741, -7.831080000000209 ], [ 110.419379999999336, -7.831010000000147 ], [ 110.4191100000007, -7.830959999999592 ], [ 110.418669999999068, -7.830910000000853 ], [ 110.418330000000381, -7.830920000000615 ], [ 110.41800999999937, -7.83086000000031 ], [ 110.41748, -7.830760000001014 ], [ 110.417240000000646, -7.830790000000246 ], [ 110.41712, -7.831050000000963 ], [ 110.41712, -7.831500000000503 ], [ 110.41706999999947, -7.831780000000704 ], [ 110.416909999999888, -7.831930000000566 ], [ 110.416639999999433, -7.831980000001118 ], [ 110.416359999999216, -7.832050000001165 ], [ 110.416189999999872, -7.83217 ], [ 110.416180000000125, -7.832340000001124 ], [ 110.415740000000326, -7.833559999999403 ], [ 110.415730000000579, -7.833670000000257 ], [ 110.415650000000795, -7.83404999999975 ], [ 110.415569999999164, -7.834320000000203 ], [ 110.415429999999063, -7.83462 ], [ 110.415339999999532, -7.834880000000606 ], [ 110.415290000000795, -7.835150000001068 ], [ 110.41522000000073, -7.835359999999408 ], [ 110.414969999999784, -7.835499999999497 ], [ 110.414660000000339, -7.835429999999461 ], [ 110.414280000000829, -7.835349999999659 ], [ 110.413930000000576, -7.835290000001175 ], [ 110.413560000000828, -7.83520999999956 ], [ 110.413179999999528, -7.83512 ], [ 110.41266, -7.834979999999899 ], [ 110.412290000000183, -7.834930000001165 ], [ 110.41201, -7.834860000001123 ], [ 110.411710000000269, -7.834810000000568 ], [ 110.411379999999511, -7.83476 ], [ 110.41122, -7.834660000000711 ], [ 110.41122, -7.834510000000864 ], [ 110.411179999999106, -7.834250000000159 ], [ 110.411109999999056, -7.83397 ], [ 110.410970000000788, -7.833860000000921 ], [ 110.410659999999524, -7.833710000001061 ], [ 110.410410000000383, -7.833600000000203 ], [ 110.410069999999877, -7.833549999999657 ], [ 110.409859999999711, -7.833549999999645 ], [ 110.409649999999559, -7.833570000000967 ], [ 110.409379999999118, -7.833590000000455 ], [ 110.40906, -7.833600000000203 ], [ 110.408729999999153, -7.833629999999458 ], [ 110.408400000000213, -7.833640000001015 ], [ 110.408020000000718, -7.833570000000965 ], [ 110.407649999999151, -7.83361 ], [ 110.407349999999454, -7.833629999999447 ], [ 110.407119999999807, -7.833619999999697 ], [ 110.406999999999215, -7.833590000000457 ], [ 110.40697999999972, -7.833450000000363 ], [ 110.406839999999605, -7.832590000000254 ], [ 110.40682000000011, -7.83245000000016 ], [ 110.406859999999099, -7.832200000001009 ], [ 110.406810000000362, -7.831990000000863 ], [ 110.406709999999265, -7.831679999999593 ], [ 110.406769999999554, -7.83137000000016 ], [ 110.406800000000615, -7.831280000000606 ], [ 110.406919999999417, -7.831200000000807 ], [ 110.407139999999302, -7.83112000000101 ], [ 110.407440000000818, -7.831109999999441 ], [ 110.407670000000465, -7.83102 ], [ 110.407859999999317, -7.830809999999756 ], [ 110.40813999999952, -7.83048000000081 ], [ 110.408349999999658, -7.829959999999387 ], [ 110.408390000000466, -7.829540000000908 ], [ 110.408330000000163, -7.829110000000854 ], [ 110.408380000000719, -7.82864 ], [ 110.408610000000365, -7.828190000000449 ], [ 110.40878999999947, -7.827840000000195 ], [ 110.408970000000366, -7.827349999999837 ], [ 110.40913, -7.826919999999788 ], [ 110.40927, -7.826590000000861 ], [ 110.40949, -7.826370000000948 ], [ 110.409799999999422, -7.826090000000757 ], [ 110.410099999999119, -7.826080000001002 ], [ 110.410359999999827, -7.826090000000746 ], [ 110.410410000000383, -7.825909999999841 ], [ 110.4105, -7.82560000000039 ], [ 110.410579999999712, -7.825259999999895 ], [ 110.4105, -7.824940000000708 ], [ 110.410410000000383, -7.824619999999685 ], [ 110.41043999999961, -7.82438000000029 ], [ 110.410680000000838, -7.824189999999634 ], [ 110.410990000000282, -7.823899999999683 ], [ 110.411179999999106, -7.823590000000239 ], [ 110.411319999999222, -7.823080000000385 ], [ 110.411400000000825, -7.822539999999486 ], [ 110.411539999999121, -7.821959999999579 ], [ 110.411690000000775, -7.821589999999837 ], [ 110.411850000000371, -7.821190000000849 ], [ 110.411910000000688, -7.820850000000335 ], [ 110.412050000000775, -7.820340000000484 ], [ 110.41215, -7.819970000000744 ], [ 110.412210000000385, -7.81964 ], [ 110.412420000000523, -7.819110000000636 ], [ 110.412480000000841, -7.818779999999887 ], [ 110.412420000000523, -7.818520000000998 ], [ 110.412249999999375, -7.8182 ], [ 110.412099999999512, -7.817970000000328 ], [ 110.411809999999562, -7.817639999999579 ], [ 110.411509999999865, -7.817339999999884 ], [ 110.41136, -7.816989999999628 ], [ 110.41136, -7.816610000000128 ], [ 110.411420000000319, -7.816300000000688 ], [ 110.411459999999309, -7.81594000000069 ], [ 110.411400000000825, -7.815580000000691 ], [ 110.411309999999474, -7.815080000000579 ], [ 110.411270000000485, -7.814539999999675 ], [ 110.411249999999171, -7.814140000000688 ], [ 110.411159999999612, -7.813790000000426 ], [ 110.411120000000622, -7.813500000000484 ], [ 110.411179999999106, -7.813260000001091 ], [ 110.411210000000167, -7.812900000001086 ], [ 110.411280000000232, -7.812459999999467 ], [ 110.411379999999511, -7.812360000000184 ], [ 110.411589999999677, -7.81244 ], [ 110.41181999999931, -7.812470000001035 ], [ 110.412099999999512, -7.812500000000282 ], [ 110.412790000000285, -7.81258 ], [ 110.41323, -7.812589999999825 ], [ 110.413529999999781, -7.81244999999972 ], [ 110.413459999999731, -7.812290000000126 ], [ 110.413280000000626, -7.812120000000776 ], [ 110.41309999999973, -7.811920000000375 ], [ 110.413169999999781, -7.811700000000471 ], [ 110.413440000000236, -7.81150999999982 ], [ 110.41352, -7.811340000000468 ], [ 110.41352, -7.811050000000533 ], [ 110.413560000000828, -7.810789999999813 ], [ 110.413640000000626, -7.810369999999514 ], [ 110.413749999999681, -7.810020000001075 ], [ 110.413920000000829, -7.809750000000626 ], [ 110.414199999999212, -7.809320000000567 ], [ 110.414479999999415, -7.808950000000828 ], [ 110.414810000000173, -7.808470000000226 ], [ 110.415240000000225, -7.807919999999561 ], [ 110.415440000000629, -7.80766000000067 ], [ 110.41580000000063, -7.807259999999868 ], [ 110.416100000000327, -7.806950000000411 ], [ 110.416359999999216, -7.806759999999767 ], [ 110.416499999999317, -7.806440000000562 ], [ 110.416600000000443, -7.806130000001119 ], [ 110.41677999999952, -7.805940000000478 ], [ 110.417079999999217, -7.805590000000209 ], [ 110.417489999999788, -7.805259999999463 ], [ 110.417890000000597, -7.805130000000914 ], [ 110.418250000000583, -7.805290000000518 ], [ 110.41842, -7.805430000000617 ], [ 110.418579999999523, -7.805549999999409 ], [ 110.418739999999133, -7.805450000000106 ], [ 110.418980000000332, -7.805179999999662 ], [ 110.419229999999473, -7.804690000001116 ], [ 110.419420000000144, -7.804260000001071 ], [ 110.419659999999539, -7.803620000000875 ], [ 110.41971, -7.803290000000113 ], [ 110.419700000000347, -7.802659999999658 ], [ 110.419610000000787, -7.80198000000046 ], [ 110.41957, -7.801670000001021 ], [ 110.419480000000434, -7.801470000000609 ], [ 110.419369999999589, -7.800869999999396 ], [ 110.419369999999589, -7.800460000000649 ], [ 110.419429999999892, -7.79991 ], [ 110.419480000000434, -7.79951000000101 ], [ 110.419480000000434, -7.79905 ], [ 110.419439999999639, -7.798619999999841 ], [ 110.419429999999892, -7.798430000001009 ], [ 110.419219999999726, -7.798430000001009 ], [ 110.418789999999689, -7.798430000001018 ], [ 110.41826000000033, -7.798440000000756 ], [ 110.417649999999369, -7.798440000000765 ], [ 110.416909999999888, -7.798460000000253 ], [ 110.416289999999179, -7.798450000000506 ], [ 110.415469999999871, -7.798489999999502 ], [ 110.415329999999784, -7.798629999999597 ], [ 110.415399999999835, -7.7989 ], [ 110.415419999999315, -7.799220000001068 ], [ 110.41538000000034, -7.799450000000705 ], [ 110.415310000000289, -7.799740000000656 ], [ 110.415199999999416, -7.800100000000666 ], [ 110.414950000000275, -7.800230000001016 ], [ 110.414570000000779, -7.8002 ], [ 110.41431, -7.80010000000066 ], [ 110.414080000000439, -7.8002 ], [ 110.413790000000489, -7.800289999999491 ], [ 110.413580000000323, -7.800260000000263 ], [ 110.413479999999225, -7.800050000000105 ], [ 110.413290000000373, -7.799760000000153 ], [ 110.41301000000017, -7.799629999999794 ], [ 110.412949999999867, -7.799489999999702 ], [ 110.412920000000639, -7.799220000001059 ], [ 110.412790000000285, -7.799030000000398 ], [ 110.412350000000473, -7.798950000000611 ], [ 110.412130000000573, -7.798930000001119 ], [ 110.412050000000775, -7.79866000000066 ], [ 110.412019999999714, -7.798409999999704 ], [ 110.411840000000623, -7.798390000000206 ], [ 110.411309999999474, -7.798370000000711 ], [ 110.410749999999055, -7.798349999999385 ], [ 110.41026000000052, -7.798320000000158 ], [ 110.409460000000735, -7.798310000000407 ], [ 110.409359999999609, -7.798510000000815 ], [ 110.409299999999305, -7.798740000000455 ], [ 110.409120000000229, -7.798790000001016 ], [ 110.40891999999981, -7.798890000000302 ], [ 110.408939999999305, -7.79913999999944 ], [ 110.408939999999305, -7.799499999999449 ], [ 110.408750000000481, -7.799800000000967 ], [ 110.408390000000466, -7.799820000000451 ], [ 110.408110000000264, -7.79963999999954 ], [ 110.407810000000566, -7.799290000001121 ], [ 110.407740000000516, -7.798860000001056 ], [ 110.407839999999823, -7.798549999999804 ], [ 110.40812, -7.7984 ], [ 110.408330000000163, -7.798140000001058 ], [ 110.408429999999456, -7.79775999999974 ], [ 110.408509999999268, -7.797339999999442 ], [ 110.4087, -7.796990000001004 ], [ 110.408820000000532, -7.7967499999998 ], [ 110.408820000000532, -7.796410000001105 ], [ 110.408799999999218, -7.795959999999739 ], [ 110.408659999999102, -7.795690000001112 ], [ 110.408620000000113, -7.795430000000395 ], [ 110.408579999999304, -7.795080000000144 ], [ 110.408359999999405, -7.794760000000957 ], [ 110.408199999999823, -7.794540000001055 ], [ 110.40826999999986, -7.794229999999789 ], [ 110.408359999999405, -7.793600000001158 ], [ 110.408610000000365, -7.792579999999636 ], [ 110.408740000000719, -7.792100000000858 ], [ 110.408880000000835, -7.791939999999442 ], [ 110.409550000000266, -7.791779999999841 ], [ 110.409890000000772, -7.791600000000747 ], [ 110.40999, -7.79130000000105 ], [ 110.409999999999826, -7.791129999999897 ], [ 110.410359999999827, -7.788960000000131 ], [ 110.410529999999156, -7.787480000001142 ], [ 110.410760000000622, -7.78638999999958 ], [ 110.413179999999528, -7.786140000000434 ], [ 110.413399999999413, -7.78544 ], [ 110.413529999999781, -7.7845 ], [ 110.413360000000424, -7.783890000000883 ], [ 110.413109999999477, -7.783149999999562 ], [ 110.41309, -7.782610000000487 ], [ 110.41323, -7.78256 ], [ 110.416030000000276, -7.78256 ], [ 110.41647, -7.785830000000983 ], [ 110.420879999999642, -7.785519999999727 ], [ 110.4213, -7.786690000001092 ], [ 110.421570000000401, -7.788109999999788 ], [ 110.42150000000035, -7.789390000000184 ], [ 110.4213, -7.790409999999879 ], [ 110.421089999999779, -7.791080000001144 ], [ 110.420969999999187, -7.791359999999534 ], [ 110.420609999999186, -7.79200999999948 ], [ 110.420490000000385, -7.792630000000186 ], [ 110.420449999999576, -7.793130000000297 ], [ 110.420519999999627, -7.793589999999589 ], [ 110.420780000000335, -7.794060000000442 ], [ 110.421039999999223, -7.794340000000644 ], [ 110.421399999999224, -7.794780000000443 ], [ 110.42173, -7.79516 ], [ 110.422220000000351, -7.795550000001012 ], [ 110.422409999999189, -7.795920000000756 ], [ 110.42245, -7.796360000000558 ], [ 110.422619999999327, -7.796979999999439 ], [ 110.422780000000756, -7.797310000000206 ], [ 110.422660000000135, -7.797850000001104 ], [ 110.422560000000843, -7.798360000000948 ], [ 110.422790000000504, -7.79898999999959 ], [ 110.42295, -7.799390000000403 ], [ 110.423049999999392, -7.799900000000245 ], [ 110.423049999999392, -7.800419999999849 ], [ 110.42295, -7.801079999999545 ], [ 110.422889999999782, -7.801799999999547 ], [ 110.422790000000504, -7.802260000000657 ], [ 110.422660000000135, -7.802750000001014 ], [ 110.422599999999832, -7.803060000000461 ] ] ] } },
{ "type": "Feature", "properties": { "KECAMATAN": "Sedayu", "DESA": "Argomulyo", "Sektor": "Sedayu" }, "geometry": { "type": "Polygon", "coordinates": [ [ [ 110.290170000000188, -7.792610000000698 ], [ 110.29054, -7.792890000000903 ], [ 110.290870000000695, -7.79314 ], [ 110.290880000000442, -7.793610000000905 ], [ 110.29039, -7.79429 ], [ 110.29019999999943, -7.794749999999395 ], [ 110.290010000000578, -7.7953700000001 ], [ 110.289769999999365, -7.796010000000297 ], [ 110.28953, -7.796480000001165 ], [ 110.289249999999782, -7.796800000000353 ], [ 110.28896999999958, -7.797140000000865 ], [ 110.28896999999958, -7.797409999999495 ], [ 110.289090000000172, -7.797800000000549 ], [ 110.289049999999364, -7.798189999999797 ], [ 110.28881, -7.798530000000309 ], [ 110.288409999999175, -7.798800000000764 ], [ 110.288070000000488, -7.79905 ], [ 110.28770000000074, -7.799450000000714 ], [ 110.287469999999274, -7.799820000000453 ], [ 110.287420000000537, -7.800149999999389 ], [ 110.28737, -7.800450000000914 ], [ 110.287200000000624, -7.800840000000152 ], [ 110.286930000000169, -7.801180000000658 ], [ 110.286550000000688, -7.801770000000309 ], [ 110.28636, -7.802180000000872 ], [ 110.286539999999121, -7.802490000000315 ], [ 110.286860000000132, -7.802990000000405 ], [ 110.286829999999071, -7.803320000001174 ], [ 110.286669999999461, -7.803680000001167 ], [ 110.286570000000168, -7.803990000000621 ], [ 110.286480000000637, -7.804469999999399 ], [ 110.28629, -7.804560000000772 ], [ 110.285770000000369, -7.804780000000663 ], [ 110.285359999999812, -7.805000000000564 ], [ 110.28504000000062, -7.805210000000722 ], [ 110.284719999999609, -7.805329999999502 ], [ 110.284410000000165, -7.805340000001072 ], [ 110.284040000000431, -7.805319999999758 ], [ 110.283380000000733, -7.805609999999709 ], [ 110.282769999999772, -7.805979999999447 ], [ 110.282370000000768, -7.806189999999611 ], [ 110.281849999999366, -7.806420000001082 ], [ 110.281619999999705, -7.806670000000212 ], [ 110.28158000000073, -7.806960000000169 ], [ 110.281810000000377, -7.807189999999812 ], [ 110.28226, -7.807440000000767 ], [ 110.282699999999721, -7.80776 ], [ 110.28269, -7.808069999999408 ], [ 110.282489999999569, -7.808779999999661 ], [ 110.282390000000277, -7.809209999999706 ], [ 110.282359999999201, -7.809480000000176 ], [ 110.282509999999064, -7.8097 ], [ 110.282709999999469, -7.80974000000087 ], [ 110.28298, -7.809939999999468 ], [ 110.283090000000783, -7.81064 ], [ 110.28310000000053, -7.811190000000632 ], [ 110.283069999999469, -7.811669999999416 ], [ 110.282970000000162, -7.812190000000832 ], [ 110.28286999999905, -7.812679999999363 ], [ 110.28276, -7.813050000000935 ], [ 110.28274000000053, -7.81345 ], [ 110.28276, -7.813730000000131 ], [ 110.282800000000833, -7.814099999999872 ], [ 110.282590000000667, -7.814469999999615 ], [ 110.282370000000768, -7.81481999999988 ], [ 110.282170000000377, -7.815140000000883 ], [ 110.28187000000068, -7.815640000000983 ], [ 110.281530000000174, -7.81618 ], [ 110.281129999999351, -7.816580000000894 ], [ 110.28082, -7.816989999999619 ], [ 110.2806, -7.817330000000136 ], [ 110.2804799999994, -7.81755 ], [ 110.280570000000779, -7.81777 ], [ 110.280790000000664, -7.817760000000184 ], [ 110.281230000000477, -7.817600000000581 ], [ 110.281600000000211, -7.817460000000477 ], [ 110.28187000000068, -7.817160000000781 ], [ 110.282139999999316, -7.816769999999722 ], [ 110.282489999999569, -7.816660000000688 ], [ 110.282849999999556, -7.816839999999776 ], [ 110.283180000000314, -7.816870000000841 ], [ 110.283540000000315, -7.816750000000241 ], [ 110.28391999999981, -7.81676 ], [ 110.284229999999255, -7.81705 ], [ 110.28458999999927, -7.817199999999773 ], [ 110.28492, -7.817440000000988 ], [ 110.28514, -7.817719999999365 ], [ 110.28533000000057, -7.817999999999578 ], [ 110.28552999999917, -7.818359999999585 ], [ 110.285649999999762, -7.818750000000643 ], [ 110.285789999999864, -7.818910000000233 ], [ 110.286140000000131, -7.819130000000127 ], [ 110.286500000000132, -7.819460000000891 ], [ 110.286850000000385, -7.819840000000382 ], [ 110.287050000000789, -7.820210000000134 ], [ 110.287329999999159, -7.82071000000023 ], [ 110.287630000000675, -7.821270000000641 ], [ 110.287780000000538, -7.821550000000852 ], [ 110.288049999999174, -7.821840000000789 ], [ 110.288339999999124, -7.822169999999733 ], [ 110.288599999999832, -7.822410000000944 ], [ 110.288819999999717, -7.822679999999579 ], [ 110.288850000000778, -7.822969999999543 ], [ 110.288699999999125, -7.823259999999483 ], [ 110.288629999999074, -7.823870000000441 ], [ 110.288529999999767, -7.824189999999634 ], [ 110.288370000000185, -7.824520000000393 ], [ 110.288119999999211, -7.824880000000404 ], [ 110.287549999999058, -7.82629000000115 ], [ 110.2873, -7.826789999999438 ], [ 110.28708, -7.8273200000006 ], [ 110.287019999999714, -7.827760000000398 ], [ 110.286899999999108, -7.828460000000906 ], [ 110.286749999999273, -7.829050000000549 ], [ 110.286539999999121, -7.82965 ], [ 110.28643, -7.830029999999446 ], [ 110.286369999999764, -7.830430000000259 ], [ 110.286400000000825, -7.830889999999538 ], [ 110.286469999999071, -7.831280000000608 ], [ 110.286620000000724, -7.831690000001172 ], [ 110.286930000000169, -7.831889999999755 ], [ 110.287589999999867, -7.832020000000104 ], [ 110.287949999999867, -7.832090000000153 ], [ 110.288220000000322, -7.832319999999805 ], [ 110.288290000000387, -7.832469999999649 ], [ 110.288269999999059, -7.83282 ], [ 110.287759999999224, -7.833070000000865 ], [ 110.287360000000234, -7.833469999999851 ], [ 110.286490000000384, -7.834370000000758 ], [ 110.285519999999423, -7.835419999999709 ], [ 110.28535, -7.835330000000157 ], [ 110.285190000000483, -7.835320000000411 ], [ 110.285029999999054, -7.835349999999663 ], [ 110.28475000000067, -7.835220000001117 ], [ 110.28456, -7.835260000000106 ], [ 110.284439999999407, -7.835559999999817 ], [ 110.284509999999457, -7.835950000000863 ], [ 110.284519999999205, -7.836289999999558 ], [ 110.284429999999659, -7.83664999999955 ], [ 110.284139999999709, -7.836680000000617 ], [ 110.283760000000228, -7.836610000000565 ], [ 110.283229999999051, -7.83654000000051 ], [ 110.28283, -7.836480000000215 ], [ 110.282460000000327, -7.83663 ], [ 110.282139999999316, -7.836700000000107 ], [ 110.281859999999114, -7.836639999999816 ], [ 110.28161, -7.836160000001022 ], [ 110.281600000000211, -7.835650000001174 ], [ 110.281440000000615, -7.83541 ], [ 110.28118, -7.835359999999398 ], [ 110.28082, -7.835530000000563 ], [ 110.280290000000576, -7.835629999999855 ], [ 110.279839999999197, -7.835590000000861 ], [ 110.279660000000121, -7.835489999999749 ], [ 110.279119999999196, -7.835250000000364 ], [ 110.278700000000725, -7.835240000000608 ], [ 110.278210000000357, -7.835279999999612 ], [ 110.27794, -7.835180000000312 ], [ 110.27749000000037, -7.834790000001066 ], [ 110.277079999999799, -7.83445000000057 ], [ 110.276760000000607, -7.834090000000559 ], [ 110.276519999999408, -7.832710000000865 ], [ 110.276459999999091, -7.832560000001016 ], [ 110.276260000000519, -7.832340000001121 ], [ 110.275830000000454, -7.831870000000262 ], [ 110.275540000000504, -7.831500000000501 ], [ 110.27549, -7.831130000000762 ], [ 110.275550000000251, -7.83066999999964 ], [ 110.275830000000454, -7.829449999999547 ], [ 110.27599, -7.82878 ], [ 110.276040000000606, -7.828180000000715 ], [ 110.275980000000317, -7.82785 ], [ 110.27580999999914, -7.827620000000291 ], [ 110.275670000000872, -7.827349999999852 ], [ 110.27563, -7.826900000000299 ], [ 110.275610000000569, -7.826690000000141 ], [ 110.27541000000015, -7.826230000000851 ], [ 110.275369999999356, -7.825800000000809 ], [ 110.275349999999861, -7.825450000000548 ], [ 110.2751200000002, -7.825180000000101 ], [ 110.274690000000163, -7.824930000000951 ], [ 110.274419999999708, -7.824580000000693 ], [ 110.274269999999845, -7.82425 ], [ 110.274069999999455, -7.823870000000452 ], [ 110.273699999999707, -7.823479999999377 ], [ 110.272989999999439, -7.823060000000906 ], [ 110.272870000000665, -7.82291000000105 ], [ 110.272800000000615, -7.822550000001057 ], [ 110.272709999999236, -7.821889999999538 ], [ 110.272600000000196, -7.821379999999686 ], [ 110.272380000000297, -7.820930000000144 ], [ 110.27203, -7.820579999999892 ], [ 110.271539999999703, -7.820219999999891 ], [ 110.271150000000446, -7.819859999999878 ], [ 110.271070000000648, -7.81942999999983 ], [ 110.270969999999551, -7.819110000000638 ], [ 110.27059, -7.818820000000685 ], [ 110.270119999999181, -7.818550000000234 ], [ 110.269770000000761, -7.818620000000288 ], [ 110.269319999999382, -7.81885 ], [ 110.268939999999887, -7.8187 ], [ 110.268690000000745, -7.818520000000986 ], [ 110.268330000000745, -7.818230000001035 ], [ 110.268089999999532, -7.817919999999772 ], [ 110.268299999999684, -7.817419999999678 ], [ 110.268449999999547, -7.81717000000054 ], [ 110.268369999999734, -7.816660000000692 ], [ 110.268140000000102, -7.816220000000887 ], [ 110.267680000000794, -7.816070000001035 ], [ 110.26742, -7.81540999999953 ], [ 110.267669999999228, -7.81532 ], [ 110.267869999999647, -7.815230000000436 ], [ 110.268019999999481, -7.81503 ], [ 110.268200000000405, -7.814640000000788 ], [ 110.268400000000796, -7.814109999999618 ], [ 110.268579999999886, -7.813620000001088 ], [ 110.26872, -7.813150000000229 ], [ 110.268959999999382, -7.81251 ], [ 110.2691599999998, -7.812000000000165 ], [ 110.269500000000292, -7.811460000001086 ], [ 110.269679999999397, -7.81101999999946 ], [ 110.2697399999997, -7.810450000001125 ], [ 110.269539999999282, -7.81006 ], [ 110.269229999999837, -7.809450000000933 ], [ 110.269039999999194, -7.809100000000677 ], [ 110.268609999999128, -7.808690000000126 ], [ 110.268449999999547, -7.80826 ], [ 110.268570000000139, -7.80754 ], [ 110.268379999999482, -7.807250000000114 ], [ 110.267900000000708, -7.80718 ], [ 110.26757, -7.807140000001078 ], [ 110.264520000000587, -7.806890000000108 ], [ 110.264069999999236, -7.807520000000565 ], [ 110.263520000000398, -7.806170000000119 ], [ 110.262430000000634, -7.80538 ], [ 110.260790000000242, -7.805210000000712 ], [ 110.259519999999583, -7.804669999999804 ], [ 110.259969999999115, -7.803680000001177 ], [ 110.261319999999586, -7.803130000000517 ], [ 110.263139999999083, -7.802400000000769 ], [ 110.26404, -7.801050000000303 ], [ 110.26512, -7.799510000001024 ], [ 110.266019999999088, -7.79815000000081 ], [ 110.26692, -7.796979999999447 ], [ 110.268340000000492, -7.79534000000085 ], [ 110.268589999999634, -7.794819999999437 ], [ 110.268959999999382, -7.794210000000299 ], [ 110.269259999999079, -7.793680000000946 ], [ 110.269609999999332, -7.793390000000999 ], [ 110.27016, -7.793270000000392 ], [ 110.270510000000243, -7.79318000000085 ], [ 110.270769999999132, -7.79285 ], [ 110.271080000000396, -7.792659999999432 ], [ 110.271549999999451, -7.792550000000388 ], [ 110.272070000000852, -7.792680000000745 ], [ 110.272709999999236, -7.793200000000343 ], [ 110.273100000000312, -7.793410000000507 ], [ 110.273419999999504, -7.793439999999735 ], [ 110.273649999999137, -7.793159999999531 ], [ 110.273929999999339, -7.792649999999694 ], [ 110.274110000000263, -7.79242 ], [ 110.27448, -7.79242 ], [ 110.275019999999103, -7.792630000000188 ], [ 110.27522999999924, -7.792690000000499 ], [ 110.275359999999608, -7.792509999999593 ], [ 110.27556999999976, -7.791869999999381 ], [ 110.275770000000151, -7.79141999999984 ], [ 110.276030000000858, -7.79085999999944 ], [ 110.276439999999596, -7.790040000000142 ], [ 110.276789999999849, -7.78925 ], [ 110.277130000000369, -7.788609999999889 ], [ 110.27758, -7.787850000000885 ], [ 110.27794, -7.787210000000697 ], [ 110.27844, -7.786449999999874 ], [ 110.279070000000473, -7.785570000000286 ], [ 110.27924999999955, -7.785500000000232 ], [ 110.279669999999868, -7.785780000000439 ], [ 110.27995, -7.785900000001033 ], [ 110.2806999999993, -7.785540000001046 ], [ 110.281290000000766, -7.785260000000831 ], [ 110.281670000000261, -7.785000000000128 ], [ 110.282209999999367, -7.784990000000376 ], [ 110.282530000000364, -7.784850000000271 ], [ 110.282909999999859, -7.784920000000338 ], [ 110.28342999999947, -7.785089999999674 ], [ 110.28332000000043, -7.785430000000176 ], [ 110.283079999999217, -7.786050000000886 ], [ 110.283129999999773, -7.786200000000742 ], [ 110.283470000000264, -7.786019999999827 ], [ 110.283859999999507, -7.785690000000889 ], [ 110.28446000000072, -7.785190000000791 ], [ 110.284970000000584, -7.784980000000628 ], [ 110.285470000000672, -7.78497000000088 ], [ 110.285620000000534, -7.784780000000219 ], [ 110.285749999999055, -7.784379999999416 ], [ 110.286140000000131, -7.784060000000233 ], [ 110.286669999999461, -7.784089999999475 ], [ 110.286949999999663, -7.784509999999782 ], [ 110.287280000000422, -7.784550000000585 ], [ 110.287879999999817, -7.784659999999619 ], [ 110.288249999999564, -7.784750000000992 ], [ 110.288629999999074, -7.784840000000537 ], [ 110.28867999999963, -7.784980000000634 ], [ 110.28864000000064, -7.785410000000685 ], [ 110.288609999999579, -7.785739999999628 ], [ 110.288560000000828, -7.786120000000932 ], [ 110.288510000000272, -7.786430000000393 ], [ 110.28845, -7.78659 ], [ 110.288049999999174, -7.786800000000132 ], [ 110.287640000000422, -7.786860000000438 ], [ 110.287309999999664, -7.786940000000236 ], [ 110.286809999999576, -7.787179999999633 ], [ 110.28659999999941, -7.787280000000748 ], [ 110.286620000000724, -7.787440000000344 ], [ 110.286780000000334, -7.787570000000692 ], [ 110.287140000000335, -7.78773000000028 ], [ 110.287860000000322, -7.78796 ], [ 110.288370000000185, -7.788189999999578 ], [ 110.288780000000727, -7.788339999999424 ], [ 110.289059999999111, -7.788490000001102 ], [ 110.289049999999364, -7.788810000000287 ], [ 110.289059999999111, -7.789049999999681 ], [ 110.28893000000059, -7.789329999999878 ], [ 110.288800000000222, -7.789520000000547 ], [ 110.288850000000778, -7.789709999999377 ], [ 110.288829999999464, -7.790090000000697 ], [ 110.288699999999125, -7.790370000000901 ], [ 110.288539999999514, -7.790660000000844 ], [ 110.288150000000272, -7.790709999999578 ], [ 110.287350000000473, -7.790610000000299 ], [ 110.286879999999613, -7.790650000001096 ], [ 110.286509999999879, -7.79058000000104 ], [ 110.286130000000384, -7.790639999999528 ], [ 110.28586, -7.790650000001098 ], [ 110.285840000000434, -7.790929999999483 ], [ 110.285920000000232, -7.79145000000089 ], [ 110.285939999999712, -7.792069999999784 ], [ 110.286340000000521, -7.792450000001106 ], [ 110.287070000000284, -7.79264 ], [ 110.287669999999679, -7.792719999999748 ], [ 110.28799000000069, -7.792499999999836 ], [ 110.28838, -7.79214999999958 ], [ 110.288819999999717, -7.792250000000704 ], [ 110.289570000000793, -7.792400000000542 ], [ 110.28990999999948, -7.79249999999984 ], [ 110.290080000000629, -7.79254000000064 ], [ 110.290170000000188, -7.792610000000698 ] ] ] } },
{ "type": "Feature", "properties": { "KECAMATAN": "Banguntapan", "DESA": "Banguntapan", "Sektor": "Banguntapan" }, "geometry": { "type": "Polygon", "coordinates": [ [ [ 110.410760000000622, -7.78638999999958 ], [ 110.410529999999156, -7.787480000001142 ], [ 110.410359999999827, -7.788960000000131 ], [ 110.409999999999826, -7.791129999999897 ], [ 110.40999, -7.79130000000105 ], [ 110.409890000000772, -7.791600000000747 ], [ 110.409550000000266, -7.791779999999841 ], [ 110.408880000000835, -7.791939999999442 ], [ 110.408740000000719, -7.792100000000858 ], [ 110.408610000000365, -7.792579999999636 ], [ 110.408359999999405, -7.793600000001158 ], [ 110.40826999999986, -7.794229999999789 ], [ 110.408199999999823, -7.794540000001055 ], [ 110.408359999999405, -7.794760000000957 ], [ 110.408579999999304, -7.795080000000144 ], [ 110.408620000000113, -7.795430000000395 ], [ 110.408659999999102, -7.795690000001112 ], [ 110.408799999999218, -7.795959999999739 ], [ 110.408820000000532, -7.796410000001105 ], [ 110.408820000000532, -7.7967499999998 ], [ 110.4087, -7.796990000001004 ], [ 110.408509999999268, -7.797339999999442 ], [ 110.408429999999456, -7.79775999999974 ], [ 110.408330000000163, -7.798140000001058 ], [ 110.40812, -7.7984 ], [ 110.407839999999823, -7.798549999999804 ], [ 110.407740000000516, -7.798860000001056 ], [ 110.407810000000566, -7.799290000001121 ], [ 110.408110000000264, -7.79963999999954 ], [ 110.408390000000466, -7.799820000000451 ], [ 110.408750000000481, -7.799800000000967 ], [ 110.408939999999305, -7.799499999999449 ], [ 110.408939999999305, -7.79913999999944 ], [ 110.40891999999981, -7.798890000000302 ], [ 110.409120000000229, -7.798790000001016 ], [ 110.409299999999305, -7.798740000000455 ], [ 110.409359999999609, -7.798510000000815 ], [ 110.409460000000735, -7.798310000000407 ], [ 110.41026000000052, -7.798320000000158 ], [ 110.410749999999055, -7.798349999999385 ], [ 110.411309999999474, -7.798370000000711 ], [ 110.411840000000623, -7.798390000000206 ], [ 110.412019999999714, -7.798409999999704 ], [ 110.412050000000775, -7.79866000000066 ], [ 110.412130000000573, -7.798930000001119 ], [ 110.412350000000473, -7.798950000000611 ], [ 110.412790000000285, -7.799030000000398 ], [ 110.412920000000639, -7.799220000001059 ], [ 110.412949999999867, -7.799489999999702 ], [ 110.41301000000017, -7.799629999999794 ], [ 110.413290000000373, -7.799760000000153 ], [ 110.413479999999225, -7.800050000000105 ], [ 110.413580000000323, -7.800260000000263 ], [ 110.413790000000489, -7.800289999999491 ], [ 110.414080000000439, -7.8002 ], [ 110.41431, -7.80010000000066 ], [ 110.414570000000779, -7.8002 ], [ 110.414950000000275, -7.800230000001016 ], [ 110.415199999999416, -7.800100000000666 ], [ 110.415310000000289, -7.799740000000656 ], [ 110.41538000000034, -7.799450000000705 ], [ 110.415419999999315, -7.799220000001068 ], [ 110.415399999999835, -7.7989 ], [ 110.415329999999784, -7.798629999999597 ], [ 110.415469999999871, -7.798489999999502 ], [ 110.416289999999179, -7.798450000000506 ], [ 110.416909999999888, -7.798460000000253 ], [ 110.417649999999369, -7.798440000000765 ], [ 110.41826000000033, -7.798440000000756 ], [ 110.418789999999689, -7.798430000001018 ], [ 110.419219999999726, -7.798430000001009 ], [ 110.419429999999892, -7.798430000001009 ], [ 110.419439999999639, -7.798619999999841 ], [ 110.419480000000434, -7.79905 ], [ 110.419480000000434, -7.79951000000101 ], [ 110.419429999999892, -7.79991 ], [ 110.419369999999589, -7.800460000000649 ], [ 110.419369999999589, -7.800869999999396 ], [ 110.419480000000434, -7.801470000000609 ], [ 110.41957, -7.801670000001021 ], [ 110.419610000000787, -7.80198000000046 ], [ 110.419700000000347, -7.802659999999658 ], [ 110.41971, -7.803290000000113 ], [ 110.419659999999539, -7.803620000000875 ], [ 110.419420000000144, -7.804260000001071 ], [ 110.419229999999473, -7.804690000001116 ], [ 110.418980000000332, -7.805179999999662 ], [ 110.418739999999133, -7.805450000000106 ], [ 110.418579999999523, -7.805549999999409 ], [ 110.41842, -7.805430000000617 ], [ 110.418250000000583, -7.805290000000518 ], [ 110.417890000000597, -7.805130000000914 ], [ 110.417489999999788, -7.805259999999463 ], [ 110.417079999999217, -7.805590000000209 ], [ 110.41677999999952, -7.805940000000478 ], [ 110.416600000000443, -7.806130000001119 ], [ 110.416499999999317, -7.806440000000562 ], [ 110.416359999999216, -7.806759999999767 ], [ 110.416100000000327, -7.806950000000411 ], [ 110.41580000000063, -7.807259999999868 ], [ 110.415440000000629, -7.80766000000067 ], [ 110.415240000000225, -7.807919999999561 ], [ 110.414810000000173, -7.808470000000226 ], [ 110.414479999999415, -7.808950000000828 ], [ 110.414199999999212, -7.809320000000567 ], [ 110.413920000000829, -7.809750000000626 ], [ 110.413749999999681, -7.810020000001075 ], [ 110.413640000000626, -7.810369999999514 ], [ 110.413560000000828, -7.810789999999813 ], [ 110.41352, -7.811050000000533 ], [ 110.41352, -7.811340000000468 ], [ 110.413440000000236, -7.81150999999982 ], [ 110.413169999999781, -7.811700000000471 ], [ 110.41309999999973, -7.811920000000375 ], [ 110.413280000000626, -7.812120000000776 ], [ 110.413459999999731, -7.812290000000126 ], [ 110.413529999999781, -7.81244999999972 ], [ 110.41323, -7.812589999999825 ], [ 110.412790000000285, -7.81258 ], [ 110.412099999999512, -7.812500000000282 ], [ 110.41181999999931, -7.812470000001035 ], [ 110.411589999999677, -7.81244 ], [ 110.411379999999511, -7.812360000000184 ], [ 110.411280000000232, -7.812459999999467 ], [ 110.411210000000167, -7.812900000001086 ], [ 110.411179999999106, -7.813260000001091 ], [ 110.411120000000622, -7.813500000000484 ], [ 110.411159999999612, -7.813790000000426 ], [ 110.411249999999171, -7.814140000000688 ], [ 110.411270000000485, -7.814539999999675 ], [ 110.411309999999474, -7.815080000000579 ], [ 110.411400000000825, -7.815580000000691 ], [ 110.411459999999309, -7.81594000000069 ], [ 110.411420000000319, -7.816300000000688 ], [ 110.41136, -7.816610000000128 ], [ 110.41136, -7.816989999999628 ], [ 110.411509999999865, -7.817339999999884 ], [ 110.411809999999562, -7.817639999999579 ], [ 110.412099999999512, -7.817970000000328 ], [ 110.412249999999375, -7.8182 ], [ 110.412420000000523, -7.818520000000998 ], [ 110.412480000000841, -7.818779999999887 ], [ 110.412420000000523, -7.819110000000636 ], [ 110.412210000000385, -7.81964 ], [ 110.41215, -7.819970000000744 ], [ 110.412050000000775, -7.820340000000484 ], [ 110.411910000000688, -7.820850000000335 ], [ 110.411850000000371, -7.821190000000849 ], [ 110.411690000000775, -7.821589999999837 ], [ 110.411539999999121, -7.821959999999579 ], [ 110.411400000000825, -7.822539999999486 ], [ 110.411319999999222, -7.823080000000385 ], [ 110.411179999999106, -7.823590000000239 ], [ 110.410990000000282, -7.823899999999683 ], [ 110.410680000000838, -7.824189999999634 ], [ 110.41043999999961, -7.82438000000029 ], [ 110.410410000000383, -7.824619999999685 ], [ 110.4105, -7.824940000000708 ], [ 110.410579999999712, -7.825259999999895 ], [ 110.4105, -7.82560000000039 ], [ 110.410410000000383, -7.825909999999841 ], [ 110.410359999999827, -7.826090000000746 ], [ 110.410099999999119, -7.826080000001002 ], [ 110.409799999999422, -7.826090000000757 ], [ 110.40949, -7.826370000000948 ], [ 110.40927, -7.826590000000861 ], [ 110.40913, -7.826919999999788 ], [ 110.408970000000366, -7.827349999999837 ], [ 110.40878999999947, -7.827840000000195 ], [ 110.408610000000365, -7.828190000000449 ], [ 110.408380000000719, -7.82864 ], [ 110.408330000000163, -7.829110000000854 ], [ 110.408390000000466, -7.829540000000908 ], [ 110.408349999999658, -7.829959999999387 ], [ 110.40813999999952, -7.83048000000081 ], [ 110.407859999999317, -7.830809999999756 ], [ 110.407670000000465, -7.83102 ], [ 110.407440000000818, -7.831109999999441 ], [ 110.407139999999302, -7.83112000000101 ], [ 110.406919999999417, -7.831200000000807 ], [ 110.406800000000615, -7.831280000000606 ], [ 110.406730000000564, -7.831109999999453 ], [ 110.406650000000781, -7.830910000000869 ], [ 110.40653000000016, -7.830710000000464 ], [ 110.406300000000527, -7.830500000000302 ], [ 110.405919999999199, -7.830270000000652 ], [ 110.405430000000678, -7.8300000000002 ], [ 110.404930000000562, -7.829949999999648 ], [ 110.404889999999753, -7.829750000001069 ], [ 110.404850000000778, -7.829369999999752 ], [ 110.404850000000778, -7.829229999999646 ], [ 110.404839999999211, -7.82907 ], [ 110.404850000000778, -7.828649999999741 ], [ 110.404870000000258, -7.828310000001059 ], [ 110.40488, -7.827970000000559 ], [ 110.404959999999804, -7.827390000000644 ], [ 110.40501000000036, -7.827040000000404 ], [ 110.404940000000309, -7.82680000000101 ], [ 110.404930000000562, -7.826310000000644 ], [ 110.404969999999551, -7.82575000000024 ], [ 110.404909999999248, -7.825010000000746 ], [ 110.404930000000562, -7.824500000000909 ], [ 110.404889999999753, -7.824140000000908 ], [ 110.404839999999211, -7.823539999999679 ], [ 110.404800000000222, -7.823000000000588 ], [ 110.404769999999161, -7.822599999999783 ], [ 110.403809999999766, -7.822580000000299 ], [ 110.403759999999195, -7.822370000000132 ], [ 110.403819999999513, -7.821519999999787 ], [ 110.403449999999751, -7.821430000000245 ], [ 110.403459999999498, -7.821130000000544 ], [ 110.403120000000811, -7.821000000000193 ], [ 110.403229999999866, -7.820439999999787 ], [ 110.403889999999564, -7.820490000000348 ], [ 110.40402, -7.81978 ], [ 110.403000000000205, -7.81960000000099 ], [ 110.40229, -7.81935 ], [ 110.401400000000621, -7.819110000000636 ], [ 110.401939999999712, -7.81738000000068 ], [ 110.402029999999257, -7.816660000000692 ], [ 110.402040000000824, -7.81654 ], [ 110.402040000000824, -7.81597 ], [ 110.402050000000571, -7.815259999999667 ], [ 110.402060000000304, -7.814270000001041 ], [ 110.402099999999294, -7.813459999999663 ], [ 110.402120000000608, -7.8128 ], [ 110.402120000000608, -7.812550000000831 ], [ 110.402130000000355, -7.812000000000171 ], [ 110.402140000000102, -7.811530000001126 ], [ 110.402159999999597, -7.811100000001074 ], [ 110.402179999999092, -7.810719999999769 ], [ 110.40214999999985, -7.809400000000369 ], [ 110.402159999999597, -7.808489999999709 ], [ 110.402179999999092, -7.807390000000223 ], [ 110.402169999999344, -7.806800000000573 ], [ 110.402190000000658, -7.805940000000464 ], [ 110.40222, -7.804840000000967 ], [ 110.402229999999662, -7.80414000000047 ], [ 110.402229999999662, -7.804040000001167 ], [ 110.40230999999946, -7.802330000000715 ], [ 110.401149999999646, -7.802309999999396 ], [ 110.400929999999747, -7.802320000000963 ], [ 110.40049999999971, -7.802299999999659 ], [ 110.400209999999745, -7.80228000000016 ], [ 110.399859999999506, -7.802270000000413 ], [ 110.399750000000466, -7.80226000000066 ], [ 110.398440000000804, -7.802260000000665 ], [ 110.39826, -7.802250000000923 ], [ 110.397530000000145, -7.802210000000112 ], [ 110.39761, -7.801770000000309 ], [ 110.397810000000348, -7.80171 ], [ 110.397979999999706, -7.801740000001057 ], [ 110.398199999999605, -7.801680000000767 ], [ 110.398349999999439, -7.801550000000404 ], [ 110.398440000000804, -7.801359999999745 ], [ 110.398479999999793, -7.801009999999499 ], [ 110.398540000000111, -7.800600000000765 ], [ 110.398520000000616, -7.800170000000715 ], [ 110.398460000000298, -7.799940000001059 ], [ 110.398370000000753, -7.799690000000108 ], [ 110.397960000000211, -7.799150000001015 ], [ 110.397530000000145, -7.798160000000549 ], [ 110.397160000000397, -7.797520000000354 ], [ 110.396489999999133, -7.796090000000107 ], [ 110.396389999999855, -7.795669999999787 ], [ 110.396329999999551, -7.795480000000958 ], [ 110.39621000000075, -7.795040000001149 ], [ 110.396020000000107, -7.794690000000899 ], [ 110.39588, -7.794519999999745 ], [ 110.395819999999702, -7.794350000000398 ], [ 110.395870000000244, -7.793850000000297 ], [ 110.395870000000244, -7.793390000000999 ], [ 110.395829999999449, -7.79308999999948 ], [ 110.395780000000713, -7.792789999999784 ], [ 110.395780000000713, -7.792569999999892 ], [ 110.395889999999739, -7.792209999999893 ], [ 110.39599000000085, -7.792139999999836 ], [ 110.39621000000075, -7.791869999999386 ], [ 110.396220000000497, -7.791719999999531 ], [ 110.39617, -7.791590000000995 ], [ 110.396059999999096, -7.791460000000651 ], [ 110.395969999999537, -7.791370000001103 ], [ 110.395930000000547, -7.791279999999731 ], [ 110.395940000000294, -7.791160000000948 ], [ 110.396010000000345, -7.791020000000839 ], [ 110.39617, -7.790870000000991 ], [ 110.396720000000613, -7.79062 ], [ 110.397080000000614, -7.790360000001141 ], [ 110.39731000000026, -7.790090000000698 ], [ 110.397370000000564, -7.789919999999531 ], [ 110.39739, -7.789779999999435 ], [ 110.397360000000816, -7.789640000001155 ], [ 110.397329999999755, -7.789160000000533 ], [ 110.39718999999964, -7.78861999999963 ], [ 110.397090000000347, -7.788290000000697 ], [ 110.397380000000311, -7.787640000000734 ], [ 110.397370000000564, -7.787150000000389 ], [ 110.397370000000564, -7.78659 ], [ 110.39734999999925, -7.785850000000487 ], [ 110.39906999999944, -7.78585000000048 ], [ 110.399079999999188, -7.784980000000631 ], [ 110.400139999999709, -7.785000000000132 ], [ 110.400110000000467, -7.785550000000794 ], [ 110.399629999999846, -7.785610000001085 ], [ 110.399690000000149, -7.78709 ], [ 110.400180000000518, -7.787130000000893 ], [ 110.400739999999104, -7.787230000000188 ], [ 110.401449999999343, -7.787410000001096 ], [ 110.401900000000708, -7.787660000000231 ], [ 110.40227000000047, -7.787700000001049 ], [ 110.402239999999409, -7.78736000000054 ], [ 110.402280000000218, -7.78695 ], [ 110.40230999999946, -7.786580000000237 ], [ 110.403239999999613, -7.786710000000594 ], [ 110.403519999999816, -7.78578000000044 ], [ 110.404370000000156, -7.785949999999777 ], [ 110.404200000000827, -7.786490000000691 ], [ 110.406150000000665, -7.786749999999584 ], [ 110.406929999999164, -7.784460000001032 ], [ 110.40704, -7.784250000000884 ], [ 110.407740000000516, -7.784460000001037 ], [ 110.406999999999215, -7.78702 ], [ 110.408869999999268, -7.787179999999635 ], [ 110.409690000000381, -7.785850000000485 ], [ 110.409820000000735, -7.78572999999988 ], [ 110.410159999999408, -7.786449999999871 ], [ 110.410760000000622, -7.78638999999958 ] ] ] } },
{ "type": "Feature", "properties": { "KECAMATAN": "Sedayu", "DESA": "Argosari", "Sektor": "Sedayu" }, "geometry": { "type": "Polygon", "coordinates": [ [ [ 110.268340000000492, -7.79534000000085 ], [ 110.26692, -7.796979999999447 ], [ 110.266019999999088, -7.79815000000081 ], [ 110.26512, -7.799510000001024 ], [ 110.26404, -7.801050000000303 ], [ 110.263139999999083, -7.802400000000769 ], [ 110.261319999999586, -7.803130000000517 ], [ 110.259969999999115, -7.803680000001177 ], [ 110.259519999999583, -7.804669999999804 ], [ 110.260790000000242, -7.805210000000712 ], [ 110.262430000000634, -7.80538 ], [ 110.263520000000398, -7.806170000000119 ], [ 110.264069999999236, -7.807520000000565 ], [ 110.26461999999988, -7.808419999999656 ], [ 110.264629999999627, -7.80985999999967 ], [ 110.264370000000739, -7.811480000000568 ], [ 110.264010000000738, -7.813179999999471 ], [ 110.263209999999134, -7.815430000000836 ], [ 110.261490000000734, -7.815899999999883 ], [ 110.260930000000329, -7.814280000000787 ], [ 110.260930000000329, -7.813120000000985 ], [ 110.260739999999686, -7.812309999999614 ], [ 110.26037, -7.811410000000533 ], [ 110.25981999999928, -7.810429999999823 ], [ 110.259270000000427, -7.809440000001183 ], [ 110.258719999999769, -7.808540000000266 ], [ 110.25790000000049, -7.808110000000211 ], [ 110.255810000000537, -7.807940000000876 ], [ 110.254549999999625, -7.80920999999971 ], [ 110.253469999999609, -7.810560000000167 ], [ 110.252930000000532, -7.811369999999717 ], [ 110.251930000000314, -7.812379999999671 ], [ 110.250939999999858, -7.813550000001032 ], [ 110.250309999999402, -7.814630000001039 ], [ 110.249320000000765, -7.815720000000783 ], [ 110.248869999999414, -7.817160000000782 ], [ 110.24942, -7.81813999999968 ], [ 110.250599999999352, -7.818410000000132 ], [ 110.251969999999318, -7.81856999999973 ], [ 110.252249999999506, -7.819470000000647 ], [ 110.252249999999506, -7.820460000001096 ], [ 110.25161999999905, -7.82145999999948 ], [ 110.250620000000666, -7.821910000000846 ], [ 110.249540000000678, -7.822640000000595 ], [ 110.248910000000222, -7.823450000000147 ], [ 110.248550000000222, -7.824539999999892 ], [ 110.247919999999752, -7.82553000000035 ], [ 110.246660000000659, -7.826789999999438 ], [ 110.245660000000456, -7.827970000000559 ], [ 110.243940000000265, -7.829149999999845 ], [ 110.2433, -7.827810000000949 ], [ 110.242840000000754, -7.826279999999598 ], [ 110.242650000000111, -7.82475 ], [ 110.242550000000804, -7.823230000000239 ], [ 110.24309, -7.821879999999784 ], [ 110.243259999999239, -7.820530000001145 ], [ 110.242620000000855, -7.819810000001151 ], [ 110.241350000000196, -7.819820000000894 ], [ 110.2408099999993, -7.821350000000447 ], [ 110.240100000000851, -7.823150000000454 ], [ 110.2392899999995, -7.824600000000201 ], [ 110.238750000000394, -7.826489999999742 ], [ 110.238030000000407, -7.827480000000206 ], [ 110.237220000000846, -7.828659999999491 ], [ 110.236140000000859, -7.829739999999503 ], [ 110.235329999999479, -7.830560000000601 ], [ 110.234329999999289, -7.831099999999697 ], [ 110.232879999999525, -7.831389999999645 ], [ 110.231700000000231, -7.831039999999398 ], [ 110.230260000000243, -7.830449999999749 ], [ 110.230489999999875, -7.830200000000604 ], [ 110.231410000000281, -7.828760000000602 ], [ 110.23195999999912, -7.82756 ], [ 110.232819999999236, -7.825500000001106 ], [ 110.23365, -7.823650000000554 ], [ 110.23365, -7.82293000000055 ], [ 110.23365, -7.821679999999385 ], [ 110.233519999999729, -7.820470000000848 ], [ 110.23344, -7.819610000000734 ], [ 110.233570000000284, -7.818880000000987 ], [ 110.233860000000234, -7.818170000000747 ], [ 110.233920000000538, -7.818020000000894 ], [ 110.23413000000069, -7.816989999999622 ], [ 110.233829999999173, -7.81604 ], [ 110.233700000000653, -7.81559000000043 ], [ 110.2338, -7.81532999999972 ], [ 110.2352300000002, -7.81474 ], [ 110.23704, -7.812200000000584 ], [ 110.237849999999483, -7.811120000000566 ], [ 110.238750000000394, -7.810130000000115 ], [ 110.239840000000143, -7.809219999999466 ], [ 110.24064999999969, -7.808220000001067 ], [ 110.24145999999925, -7.807500000001071 ], [ 110.242459999999454, -7.806689999999708 ], [ 110.243809999999897, -7.805689999999511 ], [ 110.245259999999661, -7.804870000000204 ], [ 110.246440000000774, -7.804679999999547 ], [ 110.247799999999145, -7.804400000001174 ], [ 110.24915999999935, -7.804120000000971 ], [ 110.25079, -7.803299999999866 ], [ 110.252060000000682, -7.802120000000563 ], [ 110.253230000000229, -7.801310000001016 ], [ 110.254039999999762, -7.800310000000806 ], [ 110.254399999999762, -7.799230000000818 ], [ 110.254670000000218, -7.797880000000345 ], [ 110.255119999999778, -7.797070000000806 ], [ 110.255649999999108, -7.795980000001055 ], [ 110.256289999999311, -7.795350000000609 ], [ 110.257100000000676, -7.795340000000851 ], [ 110.258009999999516, -7.795790000000406 ], [ 110.258560000000188, -7.796140000000661 ], [ 110.258379999999264, -7.79696 ], [ 110.258120000000375, -7.797580000000663 ], [ 110.258030000000829, -7.79876 ], [ 110.259210000000138, -7.79883 ], [ 110.259939999999872, -7.798199999999551 ], [ 110.261019999999888, -7.797300000000455 ], [ 110.262099999999876, -7.79638 ], [ 110.263189999999639, -7.79566 ], [ 110.263919999999374, -7.795469999999395 ], [ 110.264639999999375, -7.795200000000754 ], [ 110.265180000000285, -7.794830000001001 ], [ 110.265810000000741, -7.79393 ], [ 110.266260000000301, -7.792939999999636 ], [ 110.26699, -7.792579999999631 ], [ 110.26835000000024, -7.793369999999687 ], [ 110.268340000000492, -7.79534000000085 ] ] ] } },
{ "type": "Feature", "properties": { "KECAMATAN": "Kasihan", "DESA": "Tamantirto", "Sektor": "Kasihan" }, "geometry": { "type": "Polygon", "coordinates": [ [ [ 110.330780000000189, -7.805689999999503 ], [ 110.33090000000081, -7.805870000000414 ], [ 110.33090000000081, -7.806000000000775 ], [ 110.330819999999193, -7.806189999999613 ], [ 110.330620000000607, -7.806430000000824 ], [ 110.330490000000239, -7.806650000000711 ], [ 110.33037999999938, -7.807199999999566 ], [ 110.330400000000694, -7.807409999999713 ], [ 110.330420000000188, -7.80769 ], [ 110.3305, -7.807989999999612 ], [ 110.330679999999077, -7.80826 ], [ 110.330850000000254, -7.80845000000072 ], [ 110.331, -7.808660000000879 ], [ 110.33115, -7.808849999999707 ], [ 110.331229999999749, -7.808960000000577 ], [ 110.331399999999078, -7.80927 ], [ 110.331570000000255, -7.809709999999821 ], [ 110.331780000000407, -7.810079999999561 ], [ 110.331920000000494, -7.810390000000824 ], [ 110.332019999999787, -7.810649999999718 ], [ 110.332070000000357, -7.810880000001188 ], [ 110.332050000000848, -7.811120000000574 ], [ 110.331969999999231, -7.81129 ], [ 110.331739999999584, -7.81171000000023 ], [ 110.331710000000342, -7.811809999999512 ], [ 110.331700000000595, -7.811990000000427 ], [ 110.331700000000595, -7.812229999999827 ], [ 110.331739999999584, -7.812519999999763 ], [ 110.3318799999997, -7.812770000000723 ], [ 110.33213000000066, -7.813019999999878 ], [ 110.332430000000357, -7.81316 ], [ 110.332689999999246, -7.813130000000727 ], [ 110.332969999999435, -7.813029999999622 ], [ 110.33323999999989, -7.81287 ], [ 110.333570000000648, -7.812529999999521 ], [ 110.333730000000259, -7.812449999999712 ], [ 110.334000000000714, -7.812500000000283 ], [ 110.334230000000346, -7.812659999999867 ], [ 110.33446999999974, -7.812819999999466 ], [ 110.33468, -7.813179999999461 ], [ 110.334810000000246, -7.813510000000234 ], [ 110.334940000000614, -7.813870000000237 ], [ 110.334960000000109, -7.814070000000625 ], [ 110.334849999999236, -7.814389999999818 ], [ 110.334660000000412, -7.8146 ], [ 110.33446, -7.814790000000638 ], [ 110.334230000000346, -7.815049999999514 ], [ 110.334059999999184, -7.81532 ], [ 110.334020000000208, -7.815510000000627 ], [ 110.334039999999703, -7.815769999999524 ], [ 110.334090000000245, -7.81601000000073 ], [ 110.334210000000851, -7.816290000000935 ], [ 110.33453, -7.816909999999835 ], [ 110.334720000000701, -7.817230000000832 ], [ 110.334870000000564, -7.817370000000943 ], [ 110.335139999999186, -7.81746000000048 ], [ 110.335489999999453, -7.817489999999726 ], [ 110.335849999999454, -7.817699999999873 ], [ 110.336079999999086, -7.817989999999836 ], [ 110.336219999999201, -7.818300000001098 ], [ 110.336300000000804, -7.818499999999677 ], [ 110.336310000000552, -7.818719999999582 ], [ 110.33626, -7.819139999999874 ], [ 110.336240000000501, -7.819470000000635 ], [ 110.336149999999151, -7.819729999999531 ], [ 110.335999999999288, -7.819910000000444 ], [ 110.335750000000147, -7.820009999999738 ], [ 110.33554, -7.82007 ], [ 110.335170000000261, -7.820130000000331 ], [ 110.334870000000564, -7.82014 ], [ 110.334600000000108, -7.82014 ], [ 110.334380000000195, -7.820170000001145 ], [ 110.334279999999097, -7.820260000000699 ], [ 110.334140000000801, -7.820449999999532 ], [ 110.334080000000498, -7.820589999999632 ], [ 110.333969999999653, -7.820840000000591 ], [ 110.333899999999588, -7.82104000000099 ], [ 110.333790000000548, -7.821180000001099 ], [ 110.33359999999989, -7.821309999999638 ], [ 110.33331, -7.821360000000182 ], [ 110.33310999999955, -7.821459999999487 ], [ 110.333029999999752, -7.821589999999839 ], [ 110.33295, -7.821920000000593 ], [ 110.332940000000193, -7.822150000000239 ], [ 110.33295, -7.822570000000547 ], [ 110.333029999999752, -7.822860000000501 ], [ 110.333150000000344, -7.823090000000138 ], [ 110.333300000000193, -7.823300000000287 ], [ 110.333609999999638, -7.8235000000007 ], [ 110.333759999999486, -7.823459999999884 ], [ 110.334010000000461, -7.823329999999529 ], [ 110.334199999999285, -7.82302 ], [ 110.334329999999653, -7.822730000000147 ], [ 110.33446999999974, -7.82245 ], [ 110.334730000000448, -7.822260000001101 ], [ 110.335039999999893, -7.822140000000501 ], [ 110.335329999999843, -7.822060000000699 ], [ 110.335559999999504, -7.822039999999382 ], [ 110.335839999999706, -7.822179999999473 ], [ 110.336149999999151, -7.822440000000186 ], [ 110.3364, -7.822679999999581 ], [ 110.336540000000213, -7.822940000000294 ], [ 110.336649999999239, -7.823329999999532 ], [ 110.336709999999542, -7.823560000001009 ], [ 110.33669, -7.823850000000957 ], [ 110.336600000000502, -7.82403 ], [ 110.336460000000415, -7.82437000000055 ], [ 110.336409999999859, -7.824629999999445 ], [ 110.336339999999794, -7.825119999999789 ], [ 110.336339999999794, -7.825409999999732 ], [ 110.336450000000667, -7.825639999999382 ], [ 110.336600000000502, -7.825779999999493 ], [ 110.336789999999354, -7.825870000000849 ], [ 110.336989999999744, -7.826010000000954 ], [ 110.337170000000654, -7.82612 ], [ 110.337289999999442, -7.826170000000554 ], [ 110.337540000000402, -7.826139999999485 ], [ 110.33777999999981, -7.82605 ], [ 110.338019999999204, -7.825989999999639 ], [ 110.338379999999205, -7.826040000000198 ], [ 110.33857999999961, -7.826209999999542 ], [ 110.33878, -7.826470000000247 ], [ 110.338929999999863, -7.826810000000754 ], [ 110.339050000000455, -7.827120000000197 ], [ 110.339089999999445, -7.827349999999849 ], [ 110.339050000000455, -7.827610000000543 ], [ 110.339029999999141, -7.827770000000145 ], [ 110.338929999999863, -7.828040000000596 ], [ 110.338869999999545, -7.828369999999548 ], [ 110.338739999999191, -7.828750000000857 ], [ 110.338599999999104, -7.828960000001009 ], [ 110.338550000000353, -7.829100000001107 ], [ 110.338540000000606, -7.829210000000155 ], [ 110.338540000000606, -7.829340000000504 ], [ 110.338589999999357, -7.82958 ], [ 110.338610000000671, -7.829669999999449 ], [ 110.338680000000721, -7.829860000000104 ], [ 110.338770000000252, -7.830120000000808 ], [ 110.338830000000556, -7.830350000000453 ], [ 110.338879999999293, -7.830690000000961 ], [ 110.338929999999863, -7.830990000000661 ], [ 110.33893999999961, -7.831340000000912 ], [ 110.338959999999105, -7.831529999999753 ], [ 110.339009999999661, -7.831669999999849 ], [ 110.339040000000708, -7.831910000001054 ], [ 110.338750000000758, -7.832020000000104 ], [ 110.338610000000671, -7.832080000000409 ], [ 110.33849, -7.832140000000713 ], [ 110.338340000000215, -7.832179999999706 ], [ 110.338229999999342, -7.832220000000508 ], [ 110.338050000000266, -7.832249999999761 ], [ 110.337890000000655, -7.832259999999497 ], [ 110.337729999999254, -7.832290000000562 ], [ 110.337519999999088, -7.832300000000305 ], [ 110.337279999999694, -7.832329999999553 ], [ 110.33698, -7.832370000000365 ], [ 110.336750000000364, -7.832399999999595 ], [ 110.336460000000415, -7.832399999999591 ], [ 110.336160000000717, -7.83246 ], [ 110.335890000000262, -7.83256000000101 ], [ 110.335619999999793, -7.832650000000564 ], [ 110.335419999999388, -7.832679999999811 ], [ 110.335279999999301, -7.832630000001062 ], [ 110.335129999999438, -7.832500000000715 ], [ 110.3349199999993, -7.832329999999557 ], [ 110.334709999999134, -7.832259999999505 ], [ 110.33446, -7.832290000000557 ], [ 110.334210000000851, -7.832360000000611 ], [ 110.333870000000346, -7.832500000000704 ], [ 110.333640000000713, -7.832640000000819 ], [ 110.333370000000258, -7.8326 ], [ 110.33323999999989, -7.832700000001111 ], [ 110.333119999999298, -7.832829999999658 ], [ 110.332979999999182, -7.83303 ], [ 110.332790000000358, -7.833230000000456 ], [ 110.332609999999434, -7.833339999999501 ], [ 110.332249999999433, -7.833420000001113 ], [ 110.331910000000747, -7.833500000000909 ], [ 110.331539999999194, -7.833520000000405 ], [ 110.33122, -7.833490000001169 ], [ 110.330910000000557, -7.833460000000114 ], [ 110.330599999999293, -7.833370000000569 ], [ 110.330359999999885, -7.83339 ], [ 110.330190000000542, -7.833469999999847 ], [ 110.330120000000491, -7.833570000000965 ], [ 110.330009999999646, -7.83375 ], [ 110.329869999999531, -7.83389000000016 ], [ 110.32966999999914, -7.83404 ], [ 110.329429999999732, -7.834170000000372 ], [ 110.329030000000756, -7.8343399999997 ], [ 110.328719999999493, -7.834409999999761 ], [ 110.328349999999745, -7.834489999999557 ], [ 110.32798999999973, -7.834590000000662 ], [ 110.327559999999679, -7.83469 ], [ 110.327250000000234, -7.83473000000077 ], [ 110.326349999999323, -7.834900000000108 ], [ 110.326259999999792, -7.834999999999413 ], [ 110.32618, -7.835150000001068 ], [ 110.32618, -7.835359999999397 ], [ 110.32618, -7.835499999999497 ], [ 110.32606999999912, -7.835610000000358 ], [ 110.325979999999589, -7.835600000000613 ], [ 110.32582, -7.835540000000318 ], [ 110.325639999999083, -7.83548 ], [ 110.325479999999473, -7.835429999999457 ], [ 110.325329999999639, -7.835359999999408 ], [ 110.325179999999776, -7.835310000000675 ], [ 110.325000000000699, -7.835279999999602 ], [ 110.324889999999826, -7.835320000000415 ], [ 110.324829999999523, -7.835390000000455 ], [ 110.324679999999688, -7.835510000001078 ], [ 110.324590000000128, -7.835580000001127 ], [ 110.324479999999269, -7.83565000000117 ], [ 110.324339999999182, -7.835650000001168 ], [ 110.324210000000633, -7.835650000001166 ], [ 110.32396999999942, -7.835629999999862 ], [ 110.323790000000344, -7.835670000000674 ], [ 110.323640000000481, -7.83577 ], [ 110.323500000000394, -7.83590000000032 ], [ 110.32331999999947, -7.83606 ], [ 110.323119999999079, -7.83627 ], [ 110.322969999999216, -7.83642 ], [ 110.322850000000443, -7.83656999999976 ], [ 110.322620000000782, -7.836730000001181 ], [ 110.322309999999518, -7.836770000000157 ], [ 110.321990000000326, -7.836789999999659 ], [ 110.321620000000593, -7.83678 ], [ 110.321330000000643, -7.836719999999605 ], [ 110.321079999999668, -7.836649999999561 ], [ 110.320879999999264, -7.836579999999501 ], [ 110.32069000000044, -7.83649 ], [ 110.320499999999768, -7.83642 ], [ 110.320340000000186, -7.836370000001167 ], [ 110.320159999999262, -7.836289999999551 ], [ 110.318370000000826, -7.837390000000871 ], [ 110.318079999999057, -7.837219999999709 ], [ 110.3179, -7.83699 ], [ 110.317880000000486, -7.836660000001117 ], [ 110.318079999999057, -7.83648000000022 ], [ 110.318219999999172, -7.836330000000366 ], [ 110.318279999999461, -7.83606 ], [ 110.318289999999209, -7.835800000001019 ], [ 110.318300000000775, -7.835580000001118 ], [ 110.318339999999765, -7.835209999999559 ], [ 110.318450000000638, -7.834059999999498 ], [ 110.318639999999462, -7.833020000000306 ], [ 110.318670000000523, -7.832870000000459 ], [ 110.318719999999274, -7.832630000001057 ], [ 110.318789999999325, -7.83238 ], [ 110.318869999999109, -7.832130000000969 ], [ 110.318919999999665, -7.831980000001116 ], [ 110.318919999999665, -7.831749999999659 ], [ 110.318939999999159, -7.831469999999438 ], [ 110.318989999999715, -7.831190000001058 ], [ 110.319069999999527, -7.83102 ], [ 110.319100000000589, -7.830720000000208 ], [ 110.31891, -7.830659999999896 ], [ 110.318709999999527, -7.830599999999591 ], [ 110.318540000000169, -7.830529999999555 ], [ 110.318390000000321, -7.830430000000264 ], [ 110.318269999999714, -7.830280000000403 ], [ 110.318149999999122, -7.830040000001007 ], [ 110.318049999999815, -7.829760000000814 ], [ 110.317919999999461, -7.829519999999588 ], [ 110.31783, -7.829340000000512 ], [ 110.317779999999374, -7.829079999999801 ], [ 110.317730000000623, -7.828740000001105 ], [ 110.317600000000283, -7.8285 ], [ 110.317429999999106, -7.828310000001062 ], [ 110.317349999999308, -7.827939999999501 ], [ 110.317399999999864, -7.827680000000609 ], [ 110.31754, -7.82749 ], [ 110.317559999999474, -7.827190000000241 ], [ 110.317580000000788, -7.826830000000248 ], [ 110.317650000000825, -7.82674000000071 ], [ 110.317709999999309, -7.826639999999583 ], [ 110.31774000000037, -7.826370000000947 ], [ 110.317779999999374, -7.82605 ], [ 110.31783, -7.8259 ], [ 110.318059999999562, -7.825779999999495 ], [ 110.318160000000688, -7.825570000001153 ], [ 110.318090000000623, -7.825479999999799 ], [ 110.317859999999172, -7.825430000001056 ], [ 110.317689999999814, -7.825370000000744 ], [ 110.317619999999764, -7.825170000000343 ], [ 110.317619999999764, -7.825000000001002 ], [ 110.317629999999511, -7.824870000000646 ], [ 110.317699999999562, -7.824570000000951 ], [ 110.317769999999612, -7.824290000000744 ], [ 110.317870000000738, -7.823940000000491 ], [ 110.318090000000623, -7.823520000000183 ], [ 110.318170000000435, -7.82323000000025 ], [ 110.318100000000385, -7.82298000000111 ], [ 110.317919999999461, -7.822969999999533 ], [ 110.317290000000838, -7.82324 ], [ 110.317039999999864, -7.823290000000538 ], [ 110.316759999999661, -7.823270000001059 ], [ 110.316539999999776, -7.823160000000186 ], [ 110.316549999999523, -7.82298000000111 ], [ 110.316559999999271, -7.822889999999739 ], [ 110.316580000000585, -7.822730000000141 ], [ 110.3166, -7.822500000000502 ], [ 110.316629999999321, -7.822220000000285 ], [ 110.316699999999358, -7.82187 ], [ 110.316769999999408, -7.821389999999428 ], [ 110.316769999999408, -7.82122 ], [ 110.316759999999661, -7.820920000000387 ], [ 110.316779999999156, -7.820700000000492 ], [ 110.316810000000217, -7.8205 ], [ 110.316860000000787, -7.820170000001139 ], [ 110.316880000000282, -7.819820000000886 ], [ 110.316839999999459, -7.819600000000997 ], [ 110.31680000000047, -7.819460000000899 ], [ 110.3166, -7.819450000001154 ], [ 110.316210000000822, -7.819429999999826 ], [ 110.315860000000569, -7.819369999999521 ], [ 110.315609999999623, -7.81924000000099 ], [ 110.315339999999168, -7.819079999999571 ], [ 110.315010000000228, -7.818900000000491 ], [ 110.3148, -7.818779999999879 ], [ 110.314650000000213, -7.81870999999983 ], [ 110.314529999999607, -7.818680000000594 ], [ 110.314350000000516, -7.818649999999518 ], [ 110.313980000000768, -7.81853000000074 ], [ 110.313799999999873, -7.818380000000892 ], [ 110.313679999999252, -7.818219999999473 ], [ 110.31365, -7.817960000000578 ], [ 110.313749999999317, -7.81781000000074 ], [ 110.313920000000465, -7.817680000000379 ], [ 110.314169999999621, -7.817650000001142 ], [ 110.314379999999773, -7.81756999999952 ], [ 110.314490000000632, -7.81741 ], [ 110.314529999999607, -7.817139999999469 ], [ 110.314609999999405, -7.816930000001133 ], [ 110.314720000000278, -7.81676 ], [ 110.314930000000416, -7.816549999999835 ], [ 110.315060000000784, -7.816360000000995 ], [ 110.315179999999557, -7.816059999999467 ], [ 110.315210000000619, -7.815710000001037 ], [ 110.315150000000315, -7.815450000000334 ], [ 110.31509, -7.815160000000379 ], [ 110.315049999999218, -7.814940000000484 ], [ 110.314839999999052, -7.814549999999415 ], [ 110.314790000000329, -7.814469999999619 ], [ 110.314710000000531, -7.814290000000531 ], [ 110.314560000000668, -7.814000000000579 ], [ 110.314539999999354, -7.813730000000123 ], [ 110.314599999999658, -7.8133 ], [ 110.314599999999658, -7.813039999999375 ], [ 110.314529999999607, -7.81269000000094 ], [ 110.314469999999318, -7.81237 ], [ 110.314399999999267, -7.811980000000688 ], [ 110.314410000000834, -7.811640000000182 ], [ 110.314529999999607, -7.811180000000881 ], [ 110.314630000000719, -7.810939999999658 ], [ 110.314710000000531, -7.810649999999718 ], [ 110.314770000000834, -7.810270000000216 ], [ 110.314889999999608, -7.809869999999412 ], [ 110.314909999999102, -7.809600000000774 ], [ 110.314809999999824, -7.809240000000769 ], [ 110.314819999999557, -7.80884 ], [ 110.314969999999406, -7.808470000000224 ], [ 110.315150000000315, -7.808300000000872 ], [ 110.315350000000734, -7.808080000000971 ], [ 110.31561999999937, -7.807860000001073 ], [ 110.315909999999306, -7.80776 ], [ 110.316129999999205, -7.807600000000369 ], [ 110.316119999999458, -7.807390000000223 ], [ 110.315919999999068, -7.807080000000774 ], [ 110.315889999999811, -7.806890000000124 ], [ 110.316000000000685, -7.806650000000729 ], [ 110.31617, -7.806290000000725 ], [ 110.316300000000382, -7.805899999999654 ], [ 110.316310000000129, -7.805480000001171 ], [ 110.316329999999624, -7.805370000000313 ], [ 110.316549999999523, -7.805350000000811 ], [ 110.316769999999408, -7.805360000000566 ], [ 110.317049999999611, -7.80538 ], [ 110.317339999999561, -7.805440000000364 ], [ 110.317580000000788, -7.80570000000107 ], [ 110.317890000000233, -7.805829999999606 ], [ 110.318209999999425, -7.805840000001179 ], [ 110.31847999999988, -7.805819999999858 ], [ 110.318839999999881, -7.805689999999509 ], [ 110.319040000000285, -7.805580000000464 ], [ 110.319310000000726, -7.805679999999763 ], [ 110.319540000000373, -7.805940000000461 ], [ 110.319670000000741, -7.805850000000916 ], [ 110.319820000000576, -7.805630000001021 ], [ 110.319929999999616, -7.805329999999508 ], [ 110.319929999999616, -7.805029999999816 ], [ 110.319970000000438, -7.804760000001172 ], [ 110.3202, -7.80459 ], [ 110.320470000000526, -7.804640000000574 ], [ 110.320770000000223, -7.804650000000312 ], [ 110.321009999999632, -7.804469999999402 ], [ 110.320959999999076, -7.804249999999497 ], [ 110.320879999999264, -7.803930000000312 ], [ 110.320910000000339, -7.80365999999986 ], [ 110.32107, -7.803490000000517 ], [ 110.321319999999076, -7.803550000000825 ], [ 110.321449999999416, -7.803669999999599 ], [ 110.32157, -7.803749999999403 ], [ 110.321869999999734, -7.803790000000207 ], [ 110.32205000000063, -7.80373 ], [ 110.322099999999367, -7.803529999999513 ], [ 110.32234000000058, -7.803320000001168 ], [ 110.322560000000493, -7.803519999999761 ], [ 110.32273999999957, -7.803680000001169 ], [ 110.32301, -7.803790000000204 ], [ 110.32315000000014, -7.803889999999499 ], [ 110.323200000000682, -7.804169999999704 ], [ 110.323449999999838, -7.804620000001075 ], [ 110.323650000000228, -7.8048299999994 ], [ 110.323979999999167, -7.805000000000559 ], [ 110.32425999999937, -7.805060000000863 ], [ 110.32454999999932, -7.805080000000359 ], [ 110.324850000000836, -7.80514000000066 ], [ 110.325259999999588, -7.805060000000871 ], [ 110.325440000000484, -7.805010000000309 ], [ 110.32570999999912, -7.804940000000261 ], [ 110.325979999999589, -7.805050000001121 ], [ 110.326240000000297, -7.805140000000668 ], [ 110.326489999999438, -7.805099999999861 ], [ 110.326699999999576, -7.805080000000361 ], [ 110.326820000000197, -7.804910000001017 ], [ 110.3269, -7.804630000000816 ], [ 110.326940000000789, -7.804360000000357 ], [ 110.327020000000587, -7.804120000000967 ], [ 110.327240000000486, -7.804029999999598 ], [ 110.327610000000234, -7.804060000000658 ], [ 110.327900000000184, -7.804080000000162 ], [ 110.32834, -7.804070000000411 ], [ 110.328649999999442, -7.804070000000408 ], [ 110.32882000000059, -7.804190000001023 ], [ 110.329009999999442, -7.804550000001018 ], [ 110.329100000000793, -7.80481999999965 ], [ 110.32908999999924, -7.80502 ], [ 110.329139999999782, -7.805259999999455 ], [ 110.329289999999645, -7.805370000000314 ], [ 110.32966999999914, -7.8053299999995 ], [ 110.330009999999646, -7.805329999999504 ], [ 110.330319999999091, -7.805549999999409 ], [ 110.330519999999495, -7.80574 ], [ 110.330719999999886, -7.805780000000864 ], [ 110.330780000000189, -7.805689999999503 ] ] ] } },
{ "type": "Feature", "properties": { "KECAMATAN": "Sedayu", "DESA": "Argorejo", "Sektor": "Sedayu" }, "geometry": { "type": "Polygon", "coordinates": [ [ [ 110.276760000000607, -7.834090000000559 ], [ 110.27664, -7.834419999999493 ], [ 110.276420000000101, -7.835090000000758 ], [ 110.276309999999256, -7.83551000000106 ], [ 110.27599, -7.835730000000974 ], [ 110.275750000000656, -7.835660000000916 ], [ 110.275369999999356, -7.835730000000972 ], [ 110.27486999999924, -7.836040000000413 ], [ 110.274240000000603, -7.83628999999955 ], [ 110.273999999999404, -7.836370000001176 ], [ 110.273719999999201, -7.836649999999556 ], [ 110.273419999999504, -7.837240000001021 ], [ 110.273289999999136, -7.837810000001166 ], [ 110.273189999999857, -7.83813000000037 ], [ 110.272580000000715, -7.838480000000614 ], [ 110.27232, -7.838439999999812 ], [ 110.272059999999286, -7.83822999999966 ], [ 110.271699999999285, -7.838239999999409 ], [ 110.271409999999335, -7.838320000001016 ], [ 110.271140000000699, -7.838190000000676 ], [ 110.270889999999739, -7.837900000000727 ], [ 110.270599999999803, -7.83764 ], [ 110.270249999999535, -7.837460000000919 ], [ 110.269990000000661, -7.837359999999807 ], [ 110.269679999999397, -7.837229999999456 ], [ 110.269350000000458, -7.836950000001068 ], [ 110.26893000000014, -7.836890000000766 ], [ 110.268560000000392, -7.836929999999759 ], [ 110.268280000000189, -7.836890000000764 ], [ 110.268050000000542, -7.836869999999461 ], [ 110.267719999999784, -7.836910000000257 ], [ 110.267529999999141, -7.83704000000061 ], [ 110.267369999999531, -7.837310000001072 ], [ 110.266050000000149, -7.83663 ], [ 110.264960000000386, -7.836820000000717 ], [ 110.26351000000065, -7.837110000000671 ], [ 110.262059999999067, -7.837020000001126 ], [ 110.260969999999332, -7.836760000000424 ], [ 110.25979, -7.836410000000162 ], [ 110.25897000000073, -7.836499999999706 ], [ 110.258250000000743, -7.83714 ], [ 110.257429999999616, -7.838050000000565 ], [ 110.25679999999916, -7.838589999999664 ], [ 110.25626, -7.839040000001023 ], [ 110.255440000000789, -7.83914000000032 ], [ 110.254800000000586, -7.838509999999861 ], [ 110.253989999999206, -7.838519999999616 ], [ 110.25317, -7.838890000001179 ], [ 110.252259999999254, -7.838980000000726 ], [ 110.250990000000414, -7.83872 ], [ 110.250350000000211, -7.838100000001122 ], [ 110.24899, -7.837390000000873 ], [ 110.24789000000051, -7.836310000000862 ], [ 110.246520000000558, -7.834890000000359 ], [ 110.245600000000152, -7.833370000000556 ], [ 110.245049999999495, -7.831840000001012 ], [ 110.244590000000215, -7.830589999999856 ], [ 110.243940000000265, -7.829149999999845 ], [ 110.245660000000456, -7.827970000000559 ], [ 110.246660000000659, -7.826789999999438 ], [ 110.247919999999752, -7.82553000000035 ], [ 110.248550000000222, -7.824539999999892 ], [ 110.248910000000222, -7.823450000000147 ], [ 110.249540000000678, -7.822640000000595 ], [ 110.250620000000666, -7.821910000000846 ], [ 110.25161999999905, -7.82145999999948 ], [ 110.252249999999506, -7.820460000001096 ], [ 110.252249999999506, -7.819470000000647 ], [ 110.251969999999318, -7.81856999999973 ], [ 110.250599999999352, -7.818410000000132 ], [ 110.24942, -7.81813999999968 ], [ 110.248869999999414, -7.817160000000782 ], [ 110.249320000000765, -7.815720000000783 ], [ 110.250309999999402, -7.814630000001039 ], [ 110.250939999999858, -7.813550000001032 ], [ 110.251930000000314, -7.812379999999671 ], [ 110.252930000000532, -7.811369999999717 ], [ 110.253469999999609, -7.810560000000167 ], [ 110.254549999999625, -7.80920999999971 ], [ 110.255810000000537, -7.807940000000876 ], [ 110.25790000000049, -7.808110000000211 ], [ 110.258719999999769, -7.808540000000266 ], [ 110.259270000000427, -7.809440000001183 ], [ 110.25981999999928, -7.810429999999823 ], [ 110.26037, -7.811410000000533 ], [ 110.260739999999686, -7.812309999999614 ], [ 110.260930000000329, -7.813120000000985 ], [ 110.260930000000329, -7.814280000000787 ], [ 110.261490000000734, -7.815899999999883 ], [ 110.263209999999134, -7.815430000000836 ], [ 110.264010000000738, -7.813179999999471 ], [ 110.264370000000739, -7.811480000000568 ], [ 110.264629999999627, -7.80985999999967 ], [ 110.26461999999988, -7.808419999999656 ], [ 110.264069999999236, -7.807520000000565 ], [ 110.264520000000587, -7.806890000000108 ], [ 110.26757, -7.807140000001078 ], [ 110.267900000000708, -7.80718 ], [ 110.268379999999482, -7.807250000000114 ], [ 110.268570000000139, -7.80754 ], [ 110.268449999999547, -7.80826 ], [ 110.268609999999128, -7.808690000000126 ], [ 110.269039999999194, -7.809100000000677 ], [ 110.269229999999837, -7.809450000000933 ], [ 110.269539999999282, -7.81006 ], [ 110.2697399999997, -7.810450000001125 ], [ 110.269679999999397, -7.81101999999946 ], [ 110.269500000000292, -7.811460000001086 ], [ 110.2691599999998, -7.812000000000165 ], [ 110.268959999999382, -7.81251 ], [ 110.26872, -7.813150000000229 ], [ 110.268579999999886, -7.813620000001088 ], [ 110.268400000000796, -7.814109999999618 ], [ 110.268200000000405, -7.814640000000788 ], [ 110.268019999999481, -7.81503 ], [ 110.267869999999647, -7.815230000000436 ], [ 110.267669999999228, -7.81532 ], [ 110.26742, -7.81540999999953 ], [ 110.267680000000794, -7.816070000001035 ], [ 110.268140000000102, -7.816220000000887 ], [ 110.268369999999734, -7.816660000000692 ], [ 110.268449999999547, -7.81717000000054 ], [ 110.268299999999684, -7.817419999999678 ], [ 110.268089999999532, -7.817919999999772 ], [ 110.268330000000745, -7.818230000001035 ], [ 110.268690000000745, -7.818520000000986 ], [ 110.268939999999887, -7.8187 ], [ 110.269319999999382, -7.81885 ], [ 110.269770000000761, -7.818620000000288 ], [ 110.270119999999181, -7.818550000000234 ], [ 110.27059, -7.818820000000685 ], [ 110.270969999999551, -7.819110000000638 ], [ 110.271070000000648, -7.81942999999983 ], [ 110.271150000000446, -7.819859999999878 ], [ 110.271539999999703, -7.820219999999891 ], [ 110.27203, -7.820579999999892 ], [ 110.272380000000297, -7.820930000000144 ], [ 110.272600000000196, -7.821379999999686 ], [ 110.272709999999236, -7.821889999999538 ], [ 110.272800000000615, -7.822550000001057 ], [ 110.272870000000665, -7.82291000000105 ], [ 110.272989999999439, -7.823060000000906 ], [ 110.273699999999707, -7.823479999999377 ], [ 110.274069999999455, -7.823870000000452 ], [ 110.274269999999845, -7.82425 ], [ 110.274419999999708, -7.824580000000693 ], [ 110.274690000000163, -7.824930000000951 ], [ 110.2751200000002, -7.825180000000101 ], [ 110.275349999999861, -7.825450000000548 ], [ 110.275369999999356, -7.825800000000809 ], [ 110.27541000000015, -7.826230000000851 ], [ 110.275610000000569, -7.826690000000141 ], [ 110.27563, -7.826900000000299 ], [ 110.275670000000872, -7.827349999999852 ], [ 110.27580999999914, -7.827620000000291 ], [ 110.275980000000317, -7.82785 ], [ 110.276040000000606, -7.828180000000715 ], [ 110.27599, -7.82878 ], [ 110.275830000000454, -7.829449999999547 ], [ 110.275550000000251, -7.83066999999964 ], [ 110.27549, -7.831130000000762 ], [ 110.275540000000504, -7.831500000000501 ], [ 110.275830000000454, -7.831870000000262 ], [ 110.276260000000519, -7.832340000001121 ], [ 110.276459999999091, -7.832560000001016 ], [ 110.276519999999408, -7.832710000000865 ], [ 110.276760000000607, -7.834090000000559 ] ] ] } },
{ "type": "Feature", "properties": { "KECAMATAN": "Kasihan", "DESA": "Tirtonirmolo", "Sektor": "Kasihan" }, "geometry": { "type": "Polygon", "coordinates": [ [ [ 110.351060000000842, -7.818460000000698 ], [ 110.351000000000525, -7.819480000000391 ], [ 110.350870000000171, -7.820239999999373 ], [ 110.35083999999911, -7.820400000000801 ], [ 110.350769999999073, -7.820980000000696 ], [ 110.350800000000135, -7.82137999999969 ], [ 110.350870000000171, -7.821640000000389 ], [ 110.351029999999781, -7.821959999999589 ], [ 110.351109999999579, -7.822050000000955 ], [ 110.351249999999666, -7.822150000000241 ], [ 110.351469999999566, -7.822350000000648 ], [ 110.352119999999516, -7.822920000000805 ], [ 110.352419999999213, -7.82331 ], [ 110.35253, -7.823619999999486 ], [ 110.352489999999264, -7.823720000000602 ], [ 110.352399999999719, -7.823780000000904 ], [ 110.352310000000188, -7.823780000000904 ], [ 110.35204999999948, -7.823780000000907 ], [ 110.351889999999869, -7.823819999999889 ], [ 110.351730000000288, -7.823920000001005 ], [ 110.351580000000425, -7.824150000000645 ], [ 110.351459999999818, -7.824440000000599 ], [ 110.351370000000287, -7.824800000000593 ], [ 110.35138, -7.82511 ], [ 110.351440000000338, -7.825360000000999 ], [ 110.351520000000122, -7.825479999999797 ], [ 110.35167, -7.825629999999646 ], [ 110.351819999999819, -7.825940000000897 ], [ 110.351699999999227, -7.826180000000289 ], [ 110.351609999999667, -7.826559999999795 ], [ 110.351549999999364, -7.827059999999893 ], [ 110.351529999999869, -7.827649999999542 ], [ 110.351590000000172, -7.82792 ], [ 110.351590000000172, -7.82811000000065 ], [ 110.35174, -7.828289999999738 ], [ 110.351989999999176, -7.828750000000866 ], [ 110.352199999999314, -7.829030000001056 ], [ 110.352269999999379, -7.829280000000195 ], [ 110.352160000000325, -7.829620000000701 ], [ 110.351930000000678, -7.830140000000307 ], [ 110.351839999999314, -7.830449999999751 ], [ 110.351889999999869, -7.830710000000464 ], [ 110.351919999999112, -7.831039999999401 ], [ 110.352000000000743, -7.831459999999704 ], [ 110.352080000000527, -7.831800000000204 ], [ 110.352129999999264, -7.831990000000868 ], [ 110.35243000000078, -7.832490000000972 ], [ 110.352150000000577, -7.83282 ], [ 110.351420000000843, -7.833140000000912 ], [ 110.35059, -7.833530000000167 ], [ 110.350389999999578, -7.833559999999405 ], [ 110.350210000000473, -7.833780000001114 ], [ 110.350080000000133, -7.833960000000214 ], [ 110.349910000000776, -7.834160000000613 ], [ 110.349780000000436, -7.834339999999703 ], [ 110.349640000000321, -7.834530000000353 ], [ 110.349539999999223, -7.834650000000963 ], [ 110.349539999999223, -7.834839999999801 ], [ 110.349689999999057, -7.835090000000768 ], [ 110.34987, -7.835320000000419 ], [ 110.350029999999563, -7.83552000000082 ], [ 110.350099999999628, -7.8357 ], [ 110.350150000000184, -7.83606 ], [ 110.350150000000184, -7.836170000000764 ], [ 110.350150000000184, -7.836520000001027 ], [ 110.35016, -7.836779999999899 ], [ 110.350150000000184, -7.837060000000106 ], [ 110.350109999999376, -7.837330000000573 ], [ 110.349980000000826, -7.837509999999663 ], [ 110.349850000000487, -7.837799999999614 ], [ 110.349759999999122, -7.837890000000965 ], [ 110.34951, -7.838040000000824 ], [ 110.349260000000839, -7.838130000000369 ], [ 110.34902999999936, -7.838210000000162 ], [ 110.348749999999157, -7.838309999999454 ], [ 110.34844999999946, -7.838509999999858 ], [ 110.34836, -7.838589999999664 ], [ 110.348289999999878, -7.838900000000922 ], [ 110.34828000000013, -7.839099999999511 ], [ 110.348330000000686, -7.839379999999712 ], [ 110.348480000000521, -7.839749999999465 ], [ 110.348579999999828, -7.840070000000465 ], [ 110.348630000000384, -7.840319999999623 ], [ 110.34857, -7.840490000000767 ], [ 110.348400000000723, -7.840690000001182 ], [ 110.348099999999206, -7.840829999999462 ], [ 110.34778, -7.841039999999615 ], [ 110.347610000000685, -7.841130000000978 ], [ 110.347460000000822, -7.84131 ], [ 110.347359999999725, -7.84153999999972 ], [ 110.34728, -7.841880000000216 ], [ 110.347260000000418, -7.84218 ], [ 110.347239999999104, -7.842460000000117 ], [ 110.347169999999053, -7.842640000001028 ], [ 110.346929999999659, -7.842940000000727 ], [ 110.346820000000619, -7.843119999999812 ], [ 110.346690000000279, -7.843320000000234 ], [ 110.346480000000128, -7.843610000000169 ], [ 110.346439999999319, -7.843849999999571 ], [ 110.34641, -7.844059999999724 ], [ 110.34641, -7.84419 ], [ 110.34640000000033, -7.844450000000779 ], [ 110.34640000000033, -7.844709999999666 ], [ 110.346390000000582, -7.844900000000321 ], [ 110.346330000000265, -7.845139999999717 ], [ 110.346250000000467, -7.845390000000688 ], [ 110.346079999999318, -7.845639999999823 ], [ 110.345960000000517, -7.84585 ], [ 110.345919999999708, -7.846060000000125 ], [ 110.34582000000043, -7.846320000000829 ], [ 110.345779999999621, -7.846530000000993 ], [ 110.345789999999369, -7.846719999999826 ], [ 110.345939999999203, -7.846920000000223 ], [ 110.345660000000819, -7.847 ], [ 110.345559999999708, -7.847140000000127 ], [ 110.345489999999671, -7.847280000000223 ], [ 110.34553000000048, -7.847509999999883 ], [ 110.345600000000516, -7.847669999999475 ], [ 110.345600000000516, -7.847920000000441 ], [ 110.345559999999708, -7.84808 ], [ 110.34548, -7.848280000000432 ], [ 110.345419999999621, -7.848400000001048 ], [ 110.34526, -7.84844 ], [ 110.345110000000176, -7.848389999999477 ], [ 110.345049999999858, -7.848260000000944 ], [ 110.34497, -7.848060000000545 ], [ 110.344789999999165, -7.848130000000591 ], [ 110.34461, -7.84828000000043 ], [ 110.34454, -7.84841000000079 ], [ 110.344450000000464, -7.848560000000632 ], [ 110.3444, -7.848669999999684 ], [ 110.344359999999099, -7.848850000000588 ], [ 110.34432000000011, -7.848969999999369 ], [ 110.344329999999857, -7.849099999999726 ], [ 110.344339999999605, -7.849280000000633 ], [ 110.344370000000666, -7.849410000000987 ], [ 110.34432000000011, -7.84956000000084 ], [ 110.344170000000261, -7.849689999999378 ], [ 110.34403000000016, -7.849689999999369 ], [ 110.343919999999315, -7.849689999999374 ], [ 110.343800000000513, -7.849599999999827 ], [ 110.343600000000123, -7.849480000001048 ], [ 110.343479999999502, -7.849500000000547 ], [ 110.343370000000476, -7.849580000000338 ], [ 110.34324999999987, -7.849700000000936 ], [ 110.343070000000765, -7.84957000000058 ], [ 110.342839999999299, -7.849389999999675 ], [ 110.342660000000222, -7.849270000000889 ], [ 110.342539999999602, -7.849200000000849 ], [ 110.342399999999515, -7.849150000000286 ], [ 110.342350000000778, -7.849029999999679 ], [ 110.342370000000273, -7.848910000000889 ], [ 110.342409999999262, -7.848809999999773 ], [ 110.342420000000828, -7.848630000000685 ], [ 110.342389999999767, -7.848480000000847 ], [ 110.342319999999717, -7.848309999999669 ], [ 110.342210000000662, -7.848200000000643 ], [ 110.342049999999261, -7.84815 ], [ 110.341839999999095, -7.848159999999825 ], [ 110.341700000000827, -7.848260000000942 ], [ 110.341539999999398, -7.84833000000099 ], [ 110.341290000000257, -7.848360000000236 ], [ 110.340990000000559, -7.84837 ], [ 110.340599999999498, -7.848410000000788 ], [ 110.340399999999093, -7.848309999999679 ], [ 110.340319999999295, -7.848070000000282 ], [ 110.340200000000522, -7.847930000000183 ], [ 110.340070000000154, -7.847820000001138 ], [ 110.339889999999258, -7.84769000000079 ], [ 110.33972, -7.847620000000738 ], [ 110.339509999999748, -7.84758 ], [ 110.339309999999358, -7.847480000000627 ], [ 110.339079999999697, -7.847410000000575 ], [ 110.338920000000115, -7.847420000000326 ], [ 110.338799999999495, -7.84743 ], [ 110.338599999999104, -7.847680000001044 ], [ 110.338460000000808, -7.84780999999957 ], [ 110.338250000000656, -7.84808 ], [ 110.338170000000858, -7.848200000000645 ], [ 110.337970000000468, -7.84852999999958 ], [ 110.337830000000352, -7.848690000000999 ], [ 110.3376200000002, -7.848920000000642 ], [ 110.33727, -7.849190000001088 ], [ 110.337159999999102, -7.849280000000639 ], [ 110.337100000000618, -7.84938 ], [ 110.337110000000365, -7.849599999999823 ], [ 110.337149999999355, -7.849829999999476 ], [ 110.337159999999102, -7.850020000000135 ], [ 110.336880000000704, -7.850020000000139 ], [ 110.336610000000249, -7.850029999999888 ], [ 110.336349999999541, -7.850029999999891 ], [ 110.336139999999403, -7.850060000000934 ], [ 110.3359, -7.850109999999681 ], [ 110.335769999999641, -7.849850000000786 ], [ 110.335859999999201, -7.849660000000138 ], [ 110.335940000000804, -7.849399999999433 ], [ 110.336010000000854, -7.84921000000058 ], [ 110.336010000000854, -7.849080000000236 ], [ 110.335929999999237, -7.849039999999429 ], [ 110.33562999999954, -7.849060000000736 ], [ 110.335450000000449, -7.849080000000232 ], [ 110.335170000000261, -7.849130000000782 ], [ 110.334839999999488, -7.849150000000281 ], [ 110.334629999999351, -7.849109999999482 ], [ 110.334520000000296, -7.848959999999633 ], [ 110.334419999999184, -7.848720000000236 ], [ 110.334349999999148, -7.84843000000029 ], [ 110.33426999999935, -7.848050000000783 ], [ 110.334310000000158, -7.847860000000138 ], [ 110.334549999999552, -7.847729999999765 ], [ 110.334810000000246, -7.847710000000284 ], [ 110.335059999999388, -7.84765 ], [ 110.335160000000499, -7.847570000000173 ], [ 110.335300000000615, -7.847470000000889 ], [ 110.335409999999641, -7.847470000000881 ], [ 110.335810000000464, -7.847439999999825 ], [ 110.336069999999339, -7.847369999999783 ], [ 110.336339999999794, -7.84722 ], [ 110.336670000000552, -7.846980000000527 ], [ 110.33691, -7.846750000000895 ], [ 110.337100000000618, -7.846509999999681 ], [ 110.337390000000568, -7.846170000000977 ], [ 110.337610000000453, -7.845840000000228 ], [ 110.33784, -7.845429999999668 ], [ 110.33806999999976, -7.845069999999671 ], [ 110.338270000000151, -7.84477 ], [ 110.338530000000858, -7.844330000000179 ], [ 110.338690000000469, -7.844020000000723 ], [ 110.33885, -7.843730000000779 ], [ 110.339040000000708, -7.8434 ], [ 110.339169999999243, -7.843180000000116 ], [ 110.33936, -7.842860000000931 ], [ 110.339579999999813, -7.842549999999665 ], [ 110.340000000000103, -7.84182 ], [ 110.340039999999092, -7.841360000000623 ], [ 110.340029999999345, -7.841119999999407 ], [ 110.33993, -7.840790000000466 ], [ 110.339819999999207, -7.840389999999668 ], [ 110.339729999999648, -7.839910000000874 ], [ 110.339659999999597, -7.839500000000326 ], [ 110.339679999999092, -7.839220000000123 ], [ 110.33972, -7.838850000000377 ], [ 110.339809999999446, -7.838439999999806 ], [ 110.339879999999511, -7.838040000000819 ], [ 110.33993, -7.83770000000032 ], [ 110.340019999999598, -7.837289999999767 ], [ 110.340130000000457, -7.836890000000774 ], [ 110.340210000000269, -7.83656 ], [ 110.3402999999998, -7.836230000001068 ], [ 110.340340000000609, -7.835999999999601 ], [ 110.340399999999093, -7.835709999999662 ], [ 110.340449999999663, -7.835370000000965 ], [ 110.340500000000219, -7.835069999999456 ], [ 110.340519999999714, -7.83483 ], [ 110.340560000000522, -7.83452000000061 ], [ 110.34058, -7.834310000000466 ], [ 110.34058, -7.834059999999504 ], [ 110.340519999999714, -7.8339 ], [ 110.340449999999663, -7.833740000000306 ], [ 110.340379999999598, -7.83361 ], [ 110.340260000000825, -7.833469999999853 ], [ 110.340140000000218, -7.833339999999496 ], [ 110.340000000000103, -7.833160000000412 ], [ 110.33993, -7.833060000001112 ], [ 110.339729999999648, -7.83289 ], [ 110.339550000000571, -7.832710000000869 ], [ 110.339389999999142, -7.832660000000309 ], [ 110.339289999999863, -7.832520000000214 ], [ 110.339180000000809, -7.832329999999549 ], [ 110.339089999999445, -7.832109999999658 ], [ 110.339040000000708, -7.831910000001054 ], [ 110.339009999999661, -7.831669999999849 ], [ 110.338959999999105, -7.831529999999753 ], [ 110.33893999999961, -7.831340000000912 ], [ 110.338929999999863, -7.830990000000661 ], [ 110.338879999999293, -7.830690000000961 ], [ 110.338830000000556, -7.830350000000453 ], [ 110.338770000000252, -7.830120000000808 ], [ 110.338680000000721, -7.829860000000104 ], [ 110.338610000000671, -7.829669999999449 ], [ 110.338589999999357, -7.82958 ], [ 110.338540000000606, -7.829340000000504 ], [ 110.338540000000606, -7.829210000000155 ], [ 110.338550000000353, -7.829100000001107 ], [ 110.338599999999104, -7.828960000001009 ], [ 110.338739999999191, -7.828750000000857 ], [ 110.338869999999545, -7.828369999999548 ], [ 110.338929999999863, -7.828040000000596 ], [ 110.339029999999141, -7.827770000000145 ], [ 110.339050000000455, -7.827610000000543 ], [ 110.339089999999445, -7.827349999999849 ], [ 110.339050000000455, -7.827120000000197 ], [ 110.338929999999863, -7.826810000000754 ], [ 110.33878, -7.826470000000247 ], [ 110.33857999999961, -7.826209999999542 ], [ 110.338379999999205, -7.826040000000198 ], [ 110.338019999999204, -7.825989999999639 ], [ 110.33777999999981, -7.82605 ], [ 110.337540000000402, -7.826139999999485 ], [ 110.337289999999442, -7.826170000000554 ], [ 110.337170000000654, -7.82612 ], [ 110.336989999999744, -7.826010000000954 ], [ 110.336789999999354, -7.825870000000849 ], [ 110.336600000000502, -7.825779999999493 ], [ 110.336450000000667, -7.825639999999382 ], [ 110.336339999999794, -7.825409999999732 ], [ 110.336339999999794, -7.825119999999789 ], [ 110.336409999999859, -7.824629999999445 ], [ 110.336460000000415, -7.82437000000055 ], [ 110.336600000000502, -7.82403 ], [ 110.33669, -7.823850000000957 ], [ 110.336709999999542, -7.823560000001009 ], [ 110.336649999999239, -7.823329999999532 ], [ 110.336540000000213, -7.822940000000294 ], [ 110.3364, -7.822679999999581 ], [ 110.336149999999151, -7.822440000000186 ], [ 110.335839999999706, -7.822179999999473 ], [ 110.335559999999504, -7.822039999999382 ], [ 110.335329999999843, -7.822060000000699 ], [ 110.335039999999893, -7.822140000000501 ], [ 110.334730000000448, -7.822260000001101 ], [ 110.33446999999974, -7.82245 ], [ 110.334329999999653, -7.822730000000147 ], [ 110.334199999999285, -7.82302 ], [ 110.334010000000461, -7.823329999999529 ], [ 110.333759999999486, -7.823459999999884 ], [ 110.333609999999638, -7.8235000000007 ], [ 110.333300000000193, -7.823300000000287 ], [ 110.333150000000344, -7.823090000000138 ], [ 110.333029999999752, -7.822860000000501 ], [ 110.33295, -7.822570000000547 ], [ 110.332940000000193, -7.822150000000239 ], [ 110.33295, -7.821920000000593 ], [ 110.333029999999752, -7.821589999999839 ], [ 110.33310999999955, -7.821459999999487 ], [ 110.33331, -7.821360000000182 ], [ 110.33359999999989, -7.821309999999638 ], [ 110.333790000000548, -7.821180000001099 ], [ 110.333899999999588, -7.82104000000099 ], [ 110.333969999999653, -7.820840000000591 ], [ 110.334080000000498, -7.820589999999632 ], [ 110.334140000000801, -7.820449999999532 ], [ 110.334279999999097, -7.820260000000699 ], [ 110.334380000000195, -7.820170000001145 ], [ 110.334600000000108, -7.82014 ], [ 110.334870000000564, -7.82014 ], [ 110.335170000000261, -7.820130000000331 ], [ 110.33554, -7.82007 ], [ 110.335750000000147, -7.820009999999738 ], [ 110.335999999999288, -7.819910000000444 ], [ 110.336149999999151, -7.819729999999531 ], [ 110.336240000000501, -7.819470000000635 ], [ 110.33626, -7.819139999999874 ], [ 110.336310000000552, -7.818719999999582 ], [ 110.336300000000804, -7.818499999999677 ], [ 110.336219999999201, -7.818300000001098 ], [ 110.336079999999086, -7.817989999999836 ], [ 110.335849999999454, -7.817699999999873 ], [ 110.335489999999453, -7.817489999999726 ], [ 110.335139999999186, -7.81746000000048 ], [ 110.334870000000564, -7.817370000000943 ], [ 110.334720000000701, -7.817230000000832 ], [ 110.33453, -7.816909999999835 ], [ 110.334210000000851, -7.816290000000935 ], [ 110.334090000000245, -7.81601000000073 ], [ 110.334039999999703, -7.815769999999524 ], [ 110.334020000000208, -7.815510000000627 ], [ 110.334059999999184, -7.81532 ], [ 110.334230000000346, -7.815049999999514 ], [ 110.33446, -7.814790000000638 ], [ 110.334660000000412, -7.8146 ], [ 110.334849999999236, -7.814389999999818 ], [ 110.334960000000109, -7.814070000000625 ], [ 110.334940000000614, -7.813870000000237 ], [ 110.334810000000246, -7.813510000000234 ], [ 110.33468, -7.813179999999461 ], [ 110.33446999999974, -7.812819999999466 ], [ 110.334230000000346, -7.812659999999867 ], [ 110.334000000000714, -7.812500000000283 ], [ 110.33417999999979, -7.81222 ], [ 110.334339999999401, -7.812029999999419 ], [ 110.334580000000614, -7.811869999999822 ], [ 110.334870000000564, -7.811869999999817 ], [ 110.335230000000564, -7.811949999999615 ], [ 110.335590000000565, -7.812029999999409 ], [ 110.335839999999706, -7.812099999999459 ], [ 110.335979999999793, -7.81215 ], [ 110.336139999999403, -7.812130000000519 ], [ 110.336349999999541, -7.812040000000979 ], [ 110.33669, -7.812159999999771 ], [ 110.336989999999744, -7.812309999999623 ], [ 110.3372600000002, -7.812360000000168 ], [ 110.337470000000366, -7.812449999999716 ], [ 110.33799999999971, -7.812650000000129 ], [ 110.338180000000605, -7.812770000000738 ], [ 110.338470000000555, -7.81302999999962 ], [ 110.338760000000505, -7.813239999999779 ], [ 110.339110000000758, -7.813510000000234 ], [ 110.339319999999105, -7.81366 ], [ 110.339490000000254, -7.813770000000925 ], [ 110.339770000000456, -7.813940000000275 ], [ 110.340050000000659, -7.814099999999869 ], [ 110.340260000000825, -7.814119999999374 ], [ 110.340280000000305, -7.81388 ], [ 110.340229999999764, -7.813469999999421 ], [ 110.340210000000269, -7.813169999999727 ], [ 110.340270000000572, -7.81294 ], [ 110.340500000000219, -7.81287 ], [ 110.340739999999599, -7.812990000000623 ], [ 110.341000000000307, -7.813080000000181 ], [ 110.341619999999196, -7.813260000001089 ], [ 110.341749999999564, -7.813290000000323 ], [ 110.341809999999867, -7.813420000000684 ], [ 110.34180000000012, -7.813739999999867 ], [ 110.341770000000878, -7.814140000000674 ], [ 110.341739999999817, -7.814420000000893 ], [ 110.341700000000827, -7.81470000000109 ], [ 110.341700000000827, -7.814899999999678 ], [ 110.341759999999312, -7.815010000000535 ], [ 110.342029999999767, -7.81525 ], [ 110.342280000000713, -7.815399999999772 ], [ 110.34245, -7.815479999999572 ], [ 110.34258000000041, -7.81552000000039 ], [ 110.342969999999667, -7.815720000000789 ], [ 110.343109999999754, -7.81582 ], [ 110.3431999999993, -7.815960000000185 ], [ 110.343259999999617, -7.816150000000839 ], [ 110.343440000000513, -7.816370000000731 ], [ 110.343619999999618, -7.816489999999525 ], [ 110.3437799999992, -7.816650000000944 ], [ 110.34382, -7.816930000001147 ], [ 110.343950000000376, -7.817300000000888 ], [ 110.344129999999453, -7.817540000000289 ], [ 110.34432000000011, -7.817660000000891 ], [ 110.344460000000211, -7.817690000000131 ], [ 110.344619999999807, -7.817880000000794 ], [ 110.344670000000363, -7.818160000000987 ], [ 110.344670000000363, -7.818279999999781 ], [ 110.344649999999049, -7.81853000000074 ], [ 110.344520000000529, -7.818830000000441 ], [ 110.344329999999857, -7.818960000000789 ], [ 110.344049999999655, -7.818999999999777 ], [ 110.343870000000578, -7.819090000001144 ], [ 110.343800000000513, -7.819260000000486 ], [ 110.34382, -7.819380000001101 ], [ 110.343839999999503, -7.819649999999735 ], [ 110.343829999999755, -7.81987999999937 ], [ 110.34389, -7.820040000000791 ], [ 110.3441399999992, -7.820149999999835 ], [ 110.3444, -7.82023999999937 ], [ 110.344619999999807, -7.820219999999884 ], [ 110.34483, -7.820040000000797 ], [ 110.345030000000364, -7.819659999999479 ], [ 110.345059999999606, -7.81921 ], [ 110.344989999999555, -7.818859999999683 ], [ 110.344929999999252, -7.818639999999782 ], [ 110.344940000000818, -7.818359999999587 ], [ 110.344999999999303, -7.818079999999368 ], [ 110.34512, -7.817800000000994 ], [ 110.34519, -7.817600000000583 ], [ 110.345499999999419, -7.817629999999823 ], [ 110.345849999999672, -7.817789999999427 ], [ 110.346100000000632, -7.817880000000794 ], [ 110.34631000000077, -7.817950000000846 ], [ 110.346429999999572, -7.817849999999732 ], [ 110.346540000000417, -7.817510000001035 ], [ 110.346639999999709, -7.817160000000784 ], [ 110.346799999999305, -7.816950000000627 ], [ 110.347200000000115, -7.81705 ], [ 110.347509999999559, -7.817150000001034 ], [ 110.347659999999422, -7.817129999999721 ], [ 110.347820000000823, -7.816979999999879 ], [ 110.347900000000635, -7.816750000000238 ], [ 110.347959999999119, -7.816430000001037 ], [ 110.34802999999917, -7.816150000000842 ], [ 110.348079999999712, -7.816020000000488 ], [ 110.34821, -7.815919999999371 ], [ 110.348420000000218, -7.816000000000995 ], [ 110.348589999999575, -7.816140000001081 ], [ 110.348710000000167, -7.81618 ], [ 110.349169999999475, -7.81632000000018 ], [ 110.349480000000739, -7.816349999999416 ], [ 110.34958, -7.816360000000992 ], [ 110.349809999999678, -7.816370000000729 ], [ 110.34994, -7.816419999999471 ], [ 110.350130000000689, -7.816489999999521 ], [ 110.350340000000827, -7.816549999999829 ], [ 110.350440000000134, -7.816629999999625 ], [ 110.350500000000437, -7.816740000000483 ], [ 110.350510000000185, -7.81688000000058 ], [ 110.350440000000134, -7.817129999999723 ], [ 110.350340000000827, -7.817400000000188 ], [ 110.350270000000776, -7.817660000000897 ], [ 110.35023, -7.817890000000544 ], [ 110.35023, -7.818090000000939 ], [ 110.35025999999921, -7.8182 ], [ 110.350319999999513, -7.81827 ], [ 110.350440000000134, -7.818320000000589 ], [ 110.351060000000842, -7.818460000000698 ] ] ] } },
{ "type": "Feature", "properties": { "KECAMATAN": "Kasihan", "DESA": "Bangunjiwo", "Sektor": "Kasihan" }, "geometry": { "type": "Polygon", "coordinates": [ [ [ 110.316539999999776, -7.823160000000186 ], [ 110.316759999999661, -7.823270000001059 ], [ 110.317039999999864, -7.823290000000538 ], [ 110.317290000000838, -7.82324 ], [ 110.317919999999461, -7.822969999999533 ], [ 110.318100000000385, -7.82298000000111 ], [ 110.318170000000435, -7.82323000000025 ], [ 110.318090000000623, -7.823520000000183 ], [ 110.317870000000738, -7.823940000000491 ], [ 110.317769999999612, -7.824290000000744 ], [ 110.317699999999562, -7.824570000000951 ], [ 110.317629999999511, -7.824870000000646 ], [ 110.317619999999764, -7.825000000001002 ], [ 110.317619999999764, -7.825170000000343 ], [ 110.317689999999814, -7.825370000000744 ], [ 110.317859999999172, -7.825430000001056 ], [ 110.318090000000623, -7.825479999999799 ], [ 110.318160000000688, -7.825570000001153 ], [ 110.318059999999562, -7.825779999999495 ], [ 110.31783, -7.8259 ], [ 110.317779999999374, -7.82605 ], [ 110.31774000000037, -7.826370000000947 ], [ 110.317709999999309, -7.826639999999583 ], [ 110.317650000000825, -7.82674000000071 ], [ 110.317580000000788, -7.826830000000248 ], [ 110.317559999999474, -7.827190000000241 ], [ 110.31754, -7.82749 ], [ 110.317399999999864, -7.827680000000609 ], [ 110.317349999999308, -7.827939999999501 ], [ 110.317429999999106, -7.828310000001062 ], [ 110.317600000000283, -7.8285 ], [ 110.317730000000623, -7.828740000001105 ], [ 110.317779999999374, -7.829079999999801 ], [ 110.31783, -7.829340000000512 ], [ 110.317919999999461, -7.829519999999588 ], [ 110.318049999999815, -7.829760000000814 ], [ 110.318149999999122, -7.830040000001007 ], [ 110.318269999999714, -7.830280000000403 ], [ 110.318390000000321, -7.830430000000264 ], [ 110.318540000000169, -7.830529999999555 ], [ 110.318709999999527, -7.830599999999591 ], [ 110.31891, -7.830659999999896 ], [ 110.319100000000589, -7.830720000000208 ], [ 110.319069999999527, -7.83102 ], [ 110.318989999999715, -7.831190000001058 ], [ 110.318939999999159, -7.831469999999438 ], [ 110.318919999999665, -7.831749999999659 ], [ 110.318919999999665, -7.831980000001116 ], [ 110.318869999999109, -7.832130000000969 ], [ 110.318789999999325, -7.83238 ], [ 110.318719999999274, -7.832630000001057 ], [ 110.318670000000523, -7.832870000000459 ], [ 110.318639999999462, -7.833020000000306 ], [ 110.318450000000638, -7.834059999999498 ], [ 110.318339999999765, -7.835209999999559 ], [ 110.318300000000775, -7.835580000001118 ], [ 110.318289999999209, -7.835800000001019 ], [ 110.318279999999461, -7.83606 ], [ 110.318219999999172, -7.836330000000366 ], [ 110.318079999999057, -7.83648000000022 ], [ 110.317880000000486, -7.836660000001117 ], [ 110.3179, -7.83699 ], [ 110.318079999999057, -7.837219999999709 ], [ 110.318370000000826, -7.837390000000871 ], [ 110.320159999999262, -7.836289999999551 ], [ 110.320340000000186, -7.836370000001167 ], [ 110.320499999999768, -7.83642 ], [ 110.32069000000044, -7.83649 ], [ 110.320879999999264, -7.836579999999501 ], [ 110.321079999999668, -7.836649999999561 ], [ 110.321330000000643, -7.836719999999605 ], [ 110.321620000000593, -7.83678 ], [ 110.321990000000326, -7.836789999999659 ], [ 110.322309999999518, -7.836770000000157 ], [ 110.322620000000782, -7.836730000001181 ], [ 110.322850000000443, -7.83656999999976 ], [ 110.322969999999216, -7.83642 ], [ 110.323119999999079, -7.83627 ], [ 110.32331999999947, -7.83606 ], [ 110.323500000000394, -7.83590000000032 ], [ 110.323640000000481, -7.83577 ], [ 110.323790000000344, -7.835670000000674 ], [ 110.32396999999942, -7.835629999999862 ], [ 110.324210000000633, -7.835650000001166 ], [ 110.324339999999182, -7.835650000001168 ], [ 110.324479999999269, -7.83565000000117 ], [ 110.324590000000128, -7.835580000001127 ], [ 110.324679999999688, -7.835510000001078 ], [ 110.324829999999523, -7.835390000000455 ], [ 110.324889999999826, -7.835320000000415 ], [ 110.325000000000699, -7.835279999999602 ], [ 110.325179999999776, -7.835310000000675 ], [ 110.325329999999639, -7.835359999999408 ], [ 110.325479999999473, -7.835429999999457 ], [ 110.325639999999083, -7.83548 ], [ 110.32582, -7.835540000000318 ], [ 110.325979999999589, -7.835600000000613 ], [ 110.32606999999912, -7.835610000000358 ], [ 110.32618, -7.835499999999497 ], [ 110.32618, -7.835359999999397 ], [ 110.32618, -7.835150000001068 ], [ 110.326259999999792, -7.834999999999413 ], [ 110.326349999999323, -7.834900000000108 ], [ 110.327250000000234, -7.83473000000077 ], [ 110.327559999999679, -7.83469 ], [ 110.32798999999973, -7.834590000000662 ], [ 110.328349999999745, -7.834489999999557 ], [ 110.328719999999493, -7.834409999999761 ], [ 110.329030000000756, -7.8343399999997 ], [ 110.329429999999732, -7.834170000000372 ], [ 110.32966999999914, -7.83404 ], [ 110.329869999999531, -7.83389000000016 ], [ 110.330009999999646, -7.83375 ], [ 110.330120000000491, -7.833570000000965 ], [ 110.330190000000542, -7.833469999999847 ], [ 110.330359999999885, -7.83339 ], [ 110.330599999999293, -7.833370000000569 ], [ 110.330910000000557, -7.833460000000114 ], [ 110.33122, -7.833490000001169 ], [ 110.331539999999194, -7.833520000000405 ], [ 110.331910000000747, -7.833500000000909 ], [ 110.332249999999433, -7.833420000001113 ], [ 110.332609999999434, -7.833339999999501 ], [ 110.332790000000358, -7.833230000000456 ], [ 110.332979999999182, -7.83303 ], [ 110.333119999999298, -7.832829999999658 ], [ 110.33323999999989, -7.832700000001111 ], [ 110.333370000000258, -7.8326 ], [ 110.333640000000713, -7.832640000000819 ], [ 110.333870000000346, -7.832500000000704 ], [ 110.334210000000851, -7.832360000000611 ], [ 110.33446, -7.832290000000557 ], [ 110.334709999999134, -7.832259999999505 ], [ 110.3349199999993, -7.832329999999557 ], [ 110.335129999999438, -7.832500000000715 ], [ 110.335279999999301, -7.832630000001062 ], [ 110.335419999999388, -7.832679999999811 ], [ 110.335619999999793, -7.832650000000564 ], [ 110.335890000000262, -7.83256000000101 ], [ 110.336160000000717, -7.83246 ], [ 110.336460000000415, -7.832399999999591 ], [ 110.336750000000364, -7.832399999999595 ], [ 110.33698, -7.832370000000365 ], [ 110.337279999999694, -7.832329999999553 ], [ 110.337519999999088, -7.832300000000305 ], [ 110.337729999999254, -7.832290000000562 ], [ 110.337890000000655, -7.832259999999497 ], [ 110.338050000000266, -7.832249999999761 ], [ 110.338229999999342, -7.832220000000508 ], [ 110.338340000000215, -7.832179999999706 ], [ 110.33849, -7.832140000000713 ], [ 110.338610000000671, -7.832080000000409 ], [ 110.338750000000758, -7.832020000000104 ], [ 110.339040000000708, -7.831910000001054 ], [ 110.339089999999445, -7.832109999999658 ], [ 110.339180000000809, -7.832329999999549 ], [ 110.339289999999863, -7.832520000000214 ], [ 110.339389999999142, -7.832660000000309 ], [ 110.339550000000571, -7.832710000000869 ], [ 110.339729999999648, -7.83289 ], [ 110.33993, -7.833060000001112 ], [ 110.340000000000103, -7.833160000000412 ], [ 110.340140000000218, -7.833339999999496 ], [ 110.340260000000825, -7.833469999999853 ], [ 110.340379999999598, -7.83361 ], [ 110.340449999999663, -7.833740000000306 ], [ 110.340519999999714, -7.8339 ], [ 110.34058, -7.834059999999504 ], [ 110.34058, -7.834310000000466 ], [ 110.340560000000522, -7.83452000000061 ], [ 110.340519999999714, -7.83483 ], [ 110.340500000000219, -7.835069999999456 ], [ 110.340449999999663, -7.835370000000965 ], [ 110.340399999999093, -7.835709999999662 ], [ 110.340340000000609, -7.835999999999601 ], [ 110.3402999999998, -7.836230000001068 ], [ 110.340210000000269, -7.83656 ], [ 110.340130000000457, -7.836890000000774 ], [ 110.340019999999598, -7.837289999999767 ], [ 110.33993, -7.83770000000032 ], [ 110.339879999999511, -7.838040000000819 ], [ 110.339809999999446, -7.838439999999806 ], [ 110.33972, -7.838850000000377 ], [ 110.339679999999092, -7.839220000000123 ], [ 110.339659999999597, -7.839500000000326 ], [ 110.339729999999648, -7.839910000000874 ], [ 110.339819999999207, -7.840389999999668 ], [ 110.33993, -7.840790000000466 ], [ 110.340029999999345, -7.841119999999407 ], [ 110.340039999999092, -7.841360000000623 ], [ 110.340000000000103, -7.84182 ], [ 110.339579999999813, -7.842549999999665 ], [ 110.33936, -7.842860000000931 ], [ 110.339169999999243, -7.843180000000116 ], [ 110.339040000000708, -7.8434 ], [ 110.33885, -7.843730000000779 ], [ 110.338690000000469, -7.844020000000723 ], [ 110.338530000000858, -7.844330000000179 ], [ 110.338270000000151, -7.84477 ], [ 110.33806999999976, -7.845069999999671 ], [ 110.33784, -7.845429999999668 ], [ 110.337610000000453, -7.845840000000228 ], [ 110.337390000000568, -7.846170000000977 ], [ 110.337100000000618, -7.846509999999681 ], [ 110.33691, -7.846750000000895 ], [ 110.336670000000552, -7.846980000000527 ], [ 110.336339999999794, -7.84722 ], [ 110.336069999999339, -7.847369999999783 ], [ 110.335810000000464, -7.847439999999825 ], [ 110.335409999999641, -7.847470000000881 ], [ 110.335300000000615, -7.847470000000889 ], [ 110.334909999999553, -7.847200000000434 ], [ 110.334720000000701, -7.847120000000632 ], [ 110.334430000000751, -7.846980000000528 ], [ 110.334119999999487, -7.846850000000171 ], [ 110.33381999999979, -7.846690000000585 ], [ 110.333479999999284, -7.846550000000478 ], [ 110.333280000000698, -7.846449999999371 ], [ 110.332959999999687, -7.84631000000109 ], [ 110.332640000000495, -7.84628 ], [ 110.332210000000444, -7.846270000000277 ], [ 110.33201, -7.846240000001037 ], [ 110.331729999999837, -7.846270000000283 ], [ 110.331539999999194, -7.84635 ], [ 110.331459999999396, -7.846390000000891 ], [ 110.331410000000645, -7.846579999999722 ], [ 110.33144, -7.84686 ], [ 110.331529999999447, -7.847280000000237 ], [ 110.331640000000291, -7.847620000000743 ], [ 110.331829999999144, -7.847959999999426 ], [ 110.331990000000545, -7.848280000000433 ], [ 110.332000000000292, -7.84849000000058 ], [ 110.332000000000292, -7.848739999999733 ], [ 110.331920000000494, -7.849099999999726 ], [ 110.331759999999093, -7.849340000000937 ], [ 110.331420000000392, -7.849510000000287 ], [ 110.331070000000139, -7.849640000000639 ], [ 110.330630000000355, -7.849790000000482 ], [ 110.330359999999885, -7.849860000000541 ], [ 110.33014, -7.849959999999835 ], [ 110.32995999999909, -7.850010000000389 ], [ 110.329840000000289, -7.849940000000343 ], [ 110.329770000000238, -7.849770000000986 ], [ 110.329739999999177, -7.84952 ], [ 110.329739999999177, -7.849300000000135 ], [ 110.329659999999393, -7.84894999999987 ], [ 110.329579999999595, -7.848550000000892 ], [ 110.32949, -7.8483 ], [ 110.329289999999645, -7.847900000000934 ], [ 110.329190000000338, -7.847599999999415 ], [ 110.32914999999953, -7.847210000000184 ], [ 110.329180000000591, -7.847040000000837 ], [ 110.32913, -7.846700000000332 ], [ 110.329030000000756, -7.846550000000476 ], [ 110.328890000000641, -7.846470000000678 ], [ 110.328659999999189, -7.846530000000986 ], [ 110.328519999999074, -7.846649999999785 ], [ 110.328349999999745, -7.846780000000119 ], [ 110.328190000000134, -7.846789999999871 ], [ 110.32791, -7.846740000001141 ], [ 110.327610000000234, -7.846649999999778 ], [ 110.3274600000004, -7.84657999999972 ], [ 110.327149999999136, -7.846429999999877 ], [ 110.326919999999475, -7.846289999999772 ], [ 110.326689999999829, -7.84611000000069 ], [ 110.32632, -7.84599 ], [ 110.325930000000852, -7.845890000000778 ], [ 110.325730000000434, -7.845939999999516 ], [ 110.325609999999841, -7.845999999999824 ], [ 110.325409999999422, -7.846170000000989 ], [ 110.325259999999588, -7.846320000000832 ], [ 110.325189999999523, -7.846390000000891 ], [ 110.325059999999169, -7.84672999999958 ], [ 110.324919999999082, -7.846840000000427 ], [ 110.323959999999673, -7.846670000001082 ], [ 110.322910000000732, -7.846659999999526 ], [ 110.322009999999821, -7.84664 ], [ 110.321889999999229, -7.846680000000839 ], [ 110.321749999999113, -7.846690000000576 ], [ 110.321669999999315, -7.846760000000637 ], [ 110.321679999999063, -7.846869999999667 ], [ 110.321679999999063, -7.847120000000644 ], [ 110.321700000000376, -7.84730999999948 ], [ 110.321749999999113, -7.848449999999779 ], [ 110.321830000000745, -7.848949999999872 ], [ 110.321990000000326, -7.84945 ], [ 110.322270000000529, -7.849490000000792 ], [ 110.32258, -7.849529999999779 ], [ 110.322809999999635, -7.849609999999569 ], [ 110.323000000000278, -7.84966999999988 ], [ 110.323130000000646, -7.849749999999674 ], [ 110.32323, -7.849870000000287 ], [ 110.32331999999947, -7.850010000000389 ], [ 110.323430000000343, -7.850179999999727 ], [ 110.323519999999874, -7.850300000000336 ], [ 110.323580000000177, -7.850399999999634 ], [ 110.323619999999167, -7.850510000000483 ], [ 110.323650000000228, -7.85067 ], [ 110.323630000000733, -7.85083999999943 ], [ 110.323640000000481, -7.851020000000336 ], [ 110.323700000000798, -7.851150000000692 ], [ 110.323870000000127, -7.851269999999479 ], [ 110.324070000000546, -7.85132 ], [ 110.32425999999937, -7.851280000001045 ], [ 110.32444000000028, -7.851189999999675 ], [ 110.324580000000381, -7.851080000000635 ], [ 110.324689999999435, -7.850870000000482 ], [ 110.324679999999688, -7.850609999999789 ], [ 110.324590000000128, -7.850210000000795 ], [ 110.324529999999825, -7.849910000001101 ], [ 110.32451000000033, -7.84955000000109 ], [ 110.324609999999637, -7.849210000000596 ], [ 110.324829999999523, -7.848980000000936 ], [ 110.325119999999472, -7.848809999999776 ], [ 110.325580000000599, -7.848700000000729 ], [ 110.326160000000485, -7.848640000000429 ], [ 110.326499999999186, -7.848710000000478 ], [ 110.32683, -7.848860000000329 ], [ 110.327100000000399, -7.849029999999684 ], [ 110.3274, -7.849190000001096 ], [ 110.32775000000035, -7.849440000000239 ], [ 110.328059999999795, -7.84971000000068 ], [ 110.328219999999376, -7.849870000000283 ], [ 110.328219999999376, -7.850280000000844 ], [ 110.328190000000134, -7.850380000000134 ], [ 110.32814999999934, -7.850609999999777 ], [ 110.328129999999845, -7.850850000000993 ], [ 110.328180000000387, -7.851269999999476 ], [ 110.328330000000236, -7.851530000000183 ], [ 110.328470000000351, -7.851759999999839 ], [ 110.328600000000691, -7.851979999999737 ], [ 110.328659999999189, -7.85211 ], [ 110.3287, -7.852380000000534 ], [ 110.328719999999493, -7.852660000000739 ], [ 110.328680000000503, -7.853010000001002 ], [ 110.328579999999377, -7.853279999999639 ], [ 110.328460000000604, -7.853580000001159 ], [ 110.328419999999795, -7.853929999999591 ], [ 110.328460000000604, -7.854300000001145 ], [ 110.32843999999929, -7.85463 ], [ 110.32827, -7.854729999999381 ], [ 110.328129999999845, -7.854789999999696 ], [ 110.328110000000351, -7.85492 ], [ 110.328129999999845, -7.855310000001104 ], [ 110.328090000000856, -7.855560000000247 ], [ 110.328069999999542, -7.855869999999685 ], [ 110.328059999999795, -7.856040000000852 ], [ 110.32798999999973, -7.856250000001005 ], [ 110.327810000000653, -7.85672 ], [ 110.327579999999173, -7.857089999999793 ], [ 110.327320000000284, -7.857270000000692 ], [ 110.32697, -7.857309999999686 ], [ 110.326709999999323, -7.857379999999732 ], [ 110.32647, -7.857480000000846 ], [ 110.326269999999539, -7.857669999999687 ], [ 110.326160000000485, -7.857809999999794 ], [ 110.326090000000434, -7.858000000000448 ], [ 110.325969999999842, -7.858249999999591 ], [ 110.325919999999286, -7.858399999999445 ], [ 110.325839999999474, -7.858630000000912 ], [ 110.325670000000144, -7.858840000001053 ], [ 110.32553, -7.858950000000103 ], [ 110.325310000000144, -7.859119999999441 ], [ 110.325020000000194, -7.859340000001159 ], [ 110.32467, -7.860230000000495 ], [ 110.32451000000033, -7.86044000000066 ], [ 110.324329999999435, -7.860629999999494 ], [ 110.32402, -7.860849999999395 ], [ 110.323850000000633, -7.861129999999602 ], [ 110.32360999999942, -7.861500000001158 ], [ 110.323350000000531, -7.861360000001063 ], [ 110.323140000000393, -7.861140000001161 ], [ 110.322809999999635, -7.860880000000457 ], [ 110.322469999999129, -7.86069999999954 ], [ 110.322109999999114, -7.860469999999894 ], [ 110.321809999999417, -7.860300000000546 ], [ 110.32143, -7.860129999999387 ], [ 110.320910000000339, -7.859930000000804 ], [ 110.32056, -7.859829999999696 ], [ 110.320089999999212, -7.859780000000958 ], [ 110.31955000000012, -7.859710000000906 ], [ 110.31912, -7.85967 ], [ 110.318789999999325, -7.85953 ], [ 110.318530000000436, -7.859380000000146 ], [ 110.31833, -7.859179999999736 ], [ 110.318139999999374, -7.858889999999791 ], [ 110.31783, -7.85845 ], [ 110.317580000000788, -7.858000000000453 ], [ 110.317409999999612, -7.857519999999837 ], [ 110.317390000000117, -7.857050000000801 ], [ 110.317390000000117, -7.856610000001004 ], [ 110.317419999999359, -7.85607 ], [ 110.31745000000042, -7.855780000000145 ], [ 110.317429999999106, -7.855369999999591 ], [ 110.317399999999864, -7.855030000000893 ], [ 110.317349999999308, -7.854900000000541 ], [ 110.317199999999474, -7.854910000000292 ], [ 110.316940000000585, -7.854929999999791 ], [ 110.316660000000383, -7.854880000001044 ], [ 110.316230000000331, -7.854670000000906 ], [ 110.315479999999255, -7.854359999999627 ], [ 110.31516999999981, -7.854289999999581 ], [ 110.314930000000416, -7.854219999999538 ], [ 110.314640000000466, -7.85410000000075 ], [ 110.31401, -7.854020000000945 ], [ 110.313700000000566, -7.854030000000704 ], [ 110.313309999999504, -7.853989999999891 ], [ 110.31293, -7.854009999999381 ], [ 110.31257, -7.853929999999592 ], [ 110.312330000000628, -7.853919999999837 ], [ 110.31196000000088, -7.853830000000297 ], [ 110.31156, -7.853789999999488 ], [ 110.311390000000728, -7.8537 ], [ 110.310929999999601, -7.853580000001147 ], [ 110.310610000000409, -7.85348999999979 ], [ 110.310240000000661, -7.853429999999487 ], [ 110.30998, -7.853380000000744 ], [ 110.309709999999512, -7.853289999999385 ], [ 110.30942999999931, -7.853230000000897 ], [ 110.309219999999158, -7.853240000000639 ], [ 110.30913999999936, -7.853240000000641 ], [ 110.30883, -7.853160000000855 ], [ 110.30855999999946, -7.85312 ], [ 110.308220000000773, -7.853110000000289 ], [ 110.307899999999762, -7.853069999999486 ], [ 110.307489999999191, -7.852989999999695 ], [ 110.30703999999966, -7.852950000000688 ], [ 110.30652, -7.852950000000701 ], [ 110.305990000000719, -7.85295000000069 ], [ 110.305430000000314, -7.852989999999688 ], [ 110.304879999999642, -7.85305 ], [ 110.304400000000854, -7.853100000000539 ], [ 110.30386, -7.85319 ], [ 110.30335, -7.853370000000994 ], [ 110.303050000000397, -7.853450000000794 ], [ 110.30269000000041, -7.853540000000348 ], [ 110.302340000000157, -7.853540000000335 ], [ 110.30177, -7.853450000000794 ], [ 110.301670000000712, -7.853440000001054 ], [ 110.301349999999701, -7.853349999999689 ], [ 110.301110000000307, -7.853180000000345 ], [ 110.300730000000812, -7.85294000000094 ], [ 110.300349999999483, -7.85283 ], [ 110.299989999999482, -7.852709999999481 ], [ 110.299510000000708, -7.852790000001098 ], [ 110.299189999999697, -7.852970000000184 ], [ 110.298689999999581, -7.85319 ], [ 110.298210000000793, -7.853289999999387 ], [ 110.297930000000605, -7.85341 ], [ 110.2977300000002, -7.853649999999384 ], [ 110.297580000000337, -7.853929999999583 ], [ 110.297350000000705, -7.854149999999479 ], [ 110.297029999999694, -7.854390000000695 ], [ 110.296879999999831, -7.85460000000085 ], [ 110.296640000000437, -7.854910000000292 ], [ 110.296280000000436, -7.855289999999791 ], [ 110.295959999999425, -7.855530000000996 ], [ 110.29565, -7.855780000000153 ], [ 110.29515999999964, -7.85607 ], [ 110.294770000000383, -7.85622999999969 ], [ 110.294250000000801, -7.856490000000401 ], [ 110.293569999999789, -7.856879999999644 ], [ 110.29298999999989, -7.857239999999644 ], [ 110.292289999999369, -7.85752999999959 ], [ 110.291740000000544, -7.857770000000802 ], [ 110.291310000000479, -7.857809999999799 ], [ 110.290870000000695, -7.85773 ], [ 110.290269999999481, -7.857500000000346 ], [ 110.289699999999314, -7.85737999999974 ], [ 110.289339999999328, -7.85729000000019 ], [ 110.288850000000778, -7.85701 ], [ 110.288399999999427, -7.856690000000794 ], [ 110.287930000000372, -7.856540000000946 ], [ 110.28765000000017, -7.856519999999643 ], [ 110.287070000000284, -7.85630999999948 ], [ 110.286620000000724, -7.856330000000805 ], [ 110.286299999999713, -7.85623999999944 ], [ 110.285939999999712, -7.856120000000648 ], [ 110.28533000000057, -7.855980000000554 ], [ 110.28504000000062, -7.855740000001149 ], [ 110.28475000000067, -7.8555 ], [ 110.284569999999775, -7.855159999999431 ], [ 110.28446000000072, -7.854869999999472 ], [ 110.284379999999118, -7.854410000000189 ], [ 110.284320000000633, -7.854110000000496 ], [ 110.284320000000633, -7.85378999999949 ], [ 110.284309999999067, -7.853499999999542 ], [ 110.284340000000128, -7.853150000001103 ], [ 110.284439999999407, -7.852750000000284 ], [ 110.284550000000266, -7.852510000000899 ], [ 110.28478999999966, -7.852460000000338 ], [ 110.285110000000671, -7.852409999999789 ], [ 110.28552999999917, -7.852370000000801 ], [ 110.285840000000434, -7.852300000000745 ], [ 110.286159999999626, -7.852129999999583 ], [ 110.28659999999941, -7.852000000001046 ], [ 110.2873, -7.851780000001154 ], [ 110.28744, -7.851820000000145 ], [ 110.28770000000074, -7.851699999999521 ], [ 110.28809, -7.851699999999536 ], [ 110.288629999999074, -7.851710000001101 ], [ 110.288940000000338, -7.85161 ], [ 110.28922000000054, -7.851559999999424 ], [ 110.28946, -7.851600000000234 ], [ 110.289679999999819, -7.851640000001046 ], [ 110.289989999999264, -7.851650000000788 ], [ 110.290240000000239, -7.851629999999481 ], [ 110.290499999999128, -7.851710000001093 ], [ 110.290769999999583, -7.851759999999828 ], [ 110.291610000000176, -7.852049999999785 ], [ 110.291810000000595, -7.852010000000799 ], [ 110.29183, -7.851860000000939 ], [ 110.291730000000797, -7.85161 ], [ 110.29162, -7.851230000000487 ], [ 110.291610000000176, -7.850930000000786 ], [ 110.291680000000227, -7.850630000001087 ], [ 110.291680000000227, -7.850270000001106 ], [ 110.29162, -7.849959999999821 ], [ 110.291429999999281, -7.849749999999684 ], [ 110.291279999999418, -7.849459999999731 ], [ 110.290709999999265, -7.849099999999722 ], [ 110.290469999999885, -7.848940000000129 ], [ 110.290279999999228, -7.84858999999987 ], [ 110.290049999999567, -7.848309999999685 ], [ 110.28974999999987, -7.848169999999569 ], [ 110.289300000000338, -7.84837999999972 ], [ 110.288759999999414, -7.848449999999782 ], [ 110.288280000000626, -7.848180000001145 ], [ 110.288049999999174, -7.84794 ], [ 110.287780000000538, -7.847630000000482 ], [ 110.287480000000841, -7.847309999999472 ], [ 110.28715, -7.847019999999521 ], [ 110.286760000000839, -7.846869999999677 ], [ 110.286459999999323, -7.846939999999729 ], [ 110.28601999999951, -7.84720000000044 ], [ 110.285669999999257, -7.84736 ], [ 110.285429999999863, -7.847630000000485 ], [ 110.285120000000418, -7.84779999999982 ], [ 110.284690000000381, -7.847869999999872 ], [ 110.2842, -7.84780999999958 ], [ 110.28384, -7.84758 ], [ 110.283569999999557, -7.847369999999774 ], [ 110.283310000000668, -7.847270000000484 ], [ 110.282880000000617, -7.847320000001033 ], [ 110.282540000000111, -7.84723999999942 ], [ 110.282300000000717, -7.847 ], [ 110.281960000000211, -7.84693 ], [ 110.281709999999251, -7.846949999999477 ], [ 110.281100000000109, -7.846820000000935 ], [ 110.280899999999718, -7.846809999999368 ], [ 110.280839999999415, -7.846620000000524 ], [ 110.280880000000224, -7.846270000000271 ], [ 110.280899999999718, -7.845960000000834 ], [ 110.280950000000274, -7.845610000000583 ], [ 110.28098999999925, -7.845310000000881 ], [ 110.281150000000679, -7.845139999999727 ], [ 110.281559999999416, -7.844830000000281 ], [ 110.281789999999063, -7.84454000000033 ], [ 110.281979999999706, -7.844240000000621 ], [ 110.282129999999569, -7.843870000000885 ], [ 110.282149999999064, -7.843580000000935 ], [ 110.282119999999821, -7.843189999999865 ], [ 110.282080000000832, -7.842860000000929 ], [ 110.282149999999064, -7.842549999999672 ], [ 110.2822199999991, -7.842210000000978 ], [ 110.282409999999771, -7.841829999999673 ], [ 110.282670000000465, -7.841539999999712 ], [ 110.283229999999051, -7.841140000000728 ], [ 110.283359999999419, -7.84081 ], [ 110.283509999999254, -7.840440000000227 ], [ 110.28381000000077, -7.840010000000158 ], [ 110.284019999999117, -7.839610000001172 ], [ 110.2842, -7.839250000001175 ], [ 110.28429999999932, -7.838930000000172 ], [ 110.28442, -7.838589999999664 ], [ 110.284480000000215, -7.838229999999656 ], [ 110.284540000000518, -7.837980000000513 ], [ 110.284799999999407, -7.837770000000367 ], [ 110.28514, -7.83760000000102 ], [ 110.285420000000116, -7.837359999999809 ], [ 110.285449999999358, -7.837149999999662 ], [ 110.285389999999055, -7.836900000000512 ], [ 110.285260000000534, -7.836569999999766 ], [ 110.285270000000281, -7.836289999999551 ], [ 110.28536999999956, -7.83591 ], [ 110.285410000000368, -7.835520000000817 ], [ 110.285519999999423, -7.835419999999709 ], [ 110.286490000000384, -7.834370000000758 ], [ 110.287360000000234, -7.833469999999851 ], [ 110.287759999999224, -7.833070000000865 ], [ 110.288269999999059, -7.83282 ], [ 110.28896999999958, -7.833020000000301 ], [ 110.290209999999178, -7.833590000000471 ], [ 110.291010000000782, -7.833829999999846 ], [ 110.292009999999181, -7.833989999999455 ], [ 110.293050000000193, -7.833960000000211 ], [ 110.293820000000736, -7.833989999999446 ], [ 110.294560000000246, -7.83375999999981 ], [ 110.294760000000636, -7.83325 ], [ 110.294789999999878, -7.83295000000026 ], [ 110.29486999999969, -7.832650000000554 ], [ 110.294900000000752, -7.832220000000515 ], [ 110.295029999999272, -7.83185000000076 ], [ 110.295420000000334, -7.831690000001167 ], [ 110.295869999999894, -7.83195 ], [ 110.29644, -7.832259999999509 ], [ 110.29702, -7.83224 ], [ 110.297769999999176, -7.832210000000758 ], [ 110.298380000000137, -7.8321199999994 ], [ 110.298520000000238, -7.832000000000618 ], [ 110.298689999999581, -7.831340000000917 ], [ 110.299170000000203, -7.830620000000914 ], [ 110.299590000000507, -7.83001 ], [ 110.299839999999648, -7.829610000000963 ], [ 110.300180000000154, -7.829219999999895 ], [ 110.300300000000746, -7.828900000000707 ], [ 110.300119999999851, -7.828649999999749 ], [ 110.299779999999345, -7.828560000000199 ], [ 110.29932, -7.828649999999754 ], [ 110.298769999999379, -7.828760000000602 ], [ 110.29834999999909, -7.82864 ], [ 110.29817, -7.828429999999853 ], [ 110.29789999999953, -7.827910000000245 ], [ 110.298039999999645, -7.827349999999839 ], [ 110.298419999999126, -7.827160000001011 ], [ 110.298989999999279, -7.827250000000546 ], [ 110.299429999999077, -7.827439999999387 ], [ 110.299880000000456, -7.827480000000194 ], [ 110.300279999999432, -7.827250000000554 ], [ 110.300549999999888, -7.827030000000655 ], [ 110.300859999999332, -7.826989999999848 ], [ 110.301419999999752, -7.82728999999954 ], [ 110.301709999999701, -7.827460000000702 ], [ 110.302279999999854, -7.82746000000071 ], [ 110.302659999999349, -7.82727999999979 ], [ 110.302840000000245, -7.826989999999847 ], [ 110.302840000000245, -7.826639999999591 ], [ 110.302830000000498, -7.826180000000305 ], [ 110.30291000000031, -7.825960000000403 ], [ 110.3031100000007, -7.825790000001061 ], [ 110.303320000000866, -7.826090000000748 ], [ 110.30340000000065, -7.826629999999847 ], [ 110.303700000000347, -7.827110000000459 ], [ 110.304169999999402, -7.827470000000444 ], [ 110.304519999999656, -7.827789999999649 ], [ 110.305060000000566, -7.828240000001016 ], [ 110.305560000000654, -7.828330000000549 ], [ 110.30638, -7.828240000000998 ], [ 110.306640000000669, -7.828069999999849 ], [ 110.306749999999695, -7.827680000000607 ], [ 110.306679999999659, -7.826520000000811 ], [ 110.306580000000352, -7.826020000000698 ], [ 110.30667, -7.825100000000298 ], [ 110.306819999999746, -7.823969999999737 ], [ 110.306819999999746, -7.823329999999538 ], [ 110.306930000000619, -7.822650000000343 ], [ 110.307140000000757, -7.822179999999477 ], [ 110.307409999999393, -7.821610000001142 ], [ 110.307699999999343, -7.821130000000537 ], [ 110.30797999999956, -7.820659999999674 ], [ 110.30847, -7.820030000001038 ], [ 110.30875999999985, -7.819680000000799 ], [ 110.309110000000118, -7.819100000000886 ], [ 110.309160000000674, -7.81899 ], [ 110.309240000000457, -7.818840000000181 ], [ 110.3094, -7.818680000000579 ], [ 110.309639999999447, -7.818450000000934 ], [ 110.30976, -7.818250000000543 ], [ 110.309859999999347, -7.81803000000063 ], [ 110.310100000000574, -7.817779999999673 ], [ 110.310359999999463, -7.817680000000377 ], [ 110.310649999999413, -7.817580000001095 ], [ 110.310929999999601, -7.817520000000785 ], [ 110.311229999999298, -7.81741 ], [ 110.311540000000562, -7.817250000000334 ], [ 110.311809999999198, -7.817290000001142 ], [ 110.31196000000088, -7.817359999999374 ], [ 110.312110000000715, -7.81755 ], [ 110.31228, -7.81784 ], [ 110.31243, -7.818040000000383 ], [ 110.312630000000325, -7.818359999999569 ], [ 110.31279, -7.8187 ], [ 110.312850000000225, -7.818890000000748 ], [ 110.313019999999554, -7.81913000000013 ], [ 110.313130000000427, -7.819320000000788 ], [ 110.313169999999417, -7.819620000000489 ], [ 110.313079999999857, -7.820100000001091 ], [ 110.312840000000477, -7.820610000000943 ], [ 110.312649999999806, -7.820869999999833 ], [ 110.312509999999719, -7.821070000000241 ], [ 110.312340000000361, -7.821340000000699 ], [ 110.312270000000325, -7.821529999999529 ], [ 110.31228999999982, -7.821720000000195 ], [ 110.312749999999099, -7.822120000000994 ], [ 110.313019999999554, -7.822200000000791 ], [ 110.313260000000781, -7.822260000001098 ], [ 110.313560000000479, -7.822379999999882 ], [ 110.31380999999962, -7.822440000000184 ], [ 110.314140000000378, -7.82245999999969 ], [ 110.314490000000632, -7.82252 ], [ 110.31487999999986, -7.822650000000337 ], [ 110.315130000000821, -7.822860000000493 ], [ 110.315230000000113, -7.823070000000642 ], [ 110.315430000000532, -7.823150000000442 ], [ 110.315529999999811, -7.82311999999939 ], [ 110.315580000000367, -7.822980000001096 ], [ 110.315650000000431, -7.822889999999739 ], [ 110.31574999999971, -7.822860000000487 ], [ 110.315989999999118, -7.822959999999791 ], [ 110.316249999999826, -7.823119999999379 ], [ 110.316539999999776, -7.823160000000186 ] ] ] } },
{ "type": "Feature", "properties": { "KECAMATAN": "Piyungan", "DESA": "Srimulyo", "Sektor": "Piyungan" }, "geometry": { "type": "Polygon", "coordinates": [ [ [ 110.468549999999553, -7.825909999999841 ], [ 110.468829999999755, -7.826170000000556 ], [ 110.469100000000225, -7.82634 ], [ 110.46942999999915, -7.826440000000996 ], [ 110.469590000000565, -7.826610000000351 ], [ 110.469689999999872, -7.826779999999691 ], [ 110.469719999999114, -7.82706999999964 ], [ 110.469699999999619, -7.827300000001116 ], [ 110.469629999999569, -7.827569999999746 ], [ 110.469580000000818, -7.827820000000705 ], [ 110.469559999999504, -7.827950000001065 ], [ 110.469510000000767, -7.828519999999399 ], [ 110.469479999999706, -7.828719999999802 ], [ 110.469479999999706, -7.82886 ], [ 110.469450000000464, -7.829079999999792 ], [ 110.469460000000211, -7.829260000000708 ], [ 110.46942999999915, -7.829400000000804 ], [ 110.4694, -7.829530000001159 ], [ 110.469380000000427, -7.82982000000112 ], [ 110.469359999999114, -7.83001 ], [ 110.469310000000377, -7.830200000000604 ], [ 110.469259999999807, -7.830449999999757 ], [ 110.469259999999807, -7.830589999999845 ], [ 110.469349999999366, -7.830949999999855 ], [ 110.469510000000767, -7.831080000000213 ], [ 110.469639999999316, -7.831130000000759 ], [ 110.469810000000464, -7.831050000000969 ], [ 110.469880000000515, -7.830940000000105 ], [ 110.469919999999519, -7.830830000001055 ], [ 110.46995000000058, -7.830640000000407 ], [ 110.470009999999064, -7.830560000000608 ], [ 110.470180000000212, -7.830529999999545 ], [ 110.47031000000058, -7.830550000000852 ], [ 110.470489999999657, -7.830529999999546 ], [ 110.470569999999469, -7.830299999999896 ], [ 110.470680000000314, -7.829949999999644 ], [ 110.470740000000617, -7.82986999999985 ], [ 110.47092999999947, -7.829840000000603 ], [ 110.471040000000315, -7.829910000000656 ], [ 110.471079999999304, -7.83000000000021 ], [ 110.47105999999981, -7.830190000000854 ], [ 110.470999999999506, -7.830470000001068 ], [ 110.470970000000278, -7.830610000001171 ], [ 110.470950000000784, -7.830710000000458 ], [ 110.47089000000048, -7.831060000000715 ], [ 110.470919999999722, -7.83129000000036 ], [ 110.47091, -7.831469999999456 ], [ 110.470880000000733, -7.831790000000452 ], [ 110.470629999999773, -7.833060000001122 ], [ 110.47091, -7.834129999999549 ], [ 110.471729999999255, -7.834940000000923 ], [ 110.473550000000571, -7.835650000001166 ], [ 110.47465, -7.836359999999609 ], [ 110.475650000000272, -7.837509999999659 ], [ 110.476570000000692, -7.838500000000117 ], [ 110.477660000000427, -7.839210000000377 ], [ 110.479390000000379, -7.840370000000172 ], [ 110.48076000000033, -7.841080000000417 ], [ 110.482219999999828, -7.842420000001133 ], [ 110.483130000000486, -7.842590000000479 ], [ 110.48214, -7.843489999999566 ], [ 110.480509999999384, -7.844680000000434 ], [ 110.479699999999823, -7.846200000000231 ], [ 110.478709999999381, -7.84729999999972 ], [ 110.477629999999365, -7.848830000001084 ], [ 110.476029999999767, -7.849819999999727 ], [ 110.47566, -7.850090000000177 ], [ 110.47552, -7.850210000000797 ], [ 110.475350000000574, -7.850370000000384 ], [ 110.47523, -7.850590000000283 ], [ 110.475019999999816, -7.850969999999774 ], [ 110.474780000000422, -7.851629999999478 ], [ 110.474669999999577, -7.851829999999876 ], [ 110.474589999999779, -7.852000000001041 ], [ 110.474480000000725, -7.852119999999828 ], [ 110.474309999999576, -7.85233 ], [ 110.474159999999713, -7.852489999999587 ], [ 110.474019999999626, -7.852750000000281 ], [ 110.473840000000521, -7.853139999999528 ], [ 110.47372, -7.853359999999439 ], [ 110.473589999999561, -7.853660000000953 ], [ 110.47351999999951, -7.854100000000744 ], [ 110.473470000000773, -7.854300000001149 ], [ 110.473379999999423, -7.854540000000541 ], [ 110.47302999999917, -7.855670000001103 ], [ 110.47293999999961, -7.855879999999437 ], [ 110.472959999999105, -7.856140000000146 ], [ 110.472980000000419, -7.856519999999631 ], [ 110.472879999999307, -7.857360000000244 ], [ 110.472910000000368, -7.858780000000755 ], [ 110.472889999999055, -7.859049999999383 ], [ 110.472830000000585, -7.859230000000298 ], [ 110.47273999999922, -7.859500000000763 ], [ 110.472599999999105, -7.859679999999851 ], [ 110.472439999999523, -7.85982 ], [ 110.471719999999507, -7.859870000000508 ], [ 110.47150999999937, -7.859920000001066 ], [ 110.471299999999204, -7.860039999999847 ], [ 110.471040000000315, -7.860220000000753 ], [ 110.470830000000163, -7.860399999999848 ], [ 110.470660000000834, -7.860559999999442 ], [ 110.470489999999657, -7.860759999999849 ], [ 110.47034999999957, -7.861000000001059 ], [ 110.470219999999216, -7.86122000000096 ], [ 110.470100000000414, -7.861639999999449 ], [ 110.470059999999606, -7.861849999999598 ], [ 110.469940000000832, -7.862150000001109 ], [ 110.469820000000212, -7.862390000000516 ], [ 110.469559999999504, -7.8627 ], [ 110.469339999999619, -7.862880000000854 ], [ 110.469170000000261, -7.86306 ], [ 110.468979999999618, -7.86327999999985 ], [ 110.46882, -7.863509999999499 ], [ 110.468549999999553, -7.864149999999701 ], [ 110.468370000000476, -7.86443 ], [ 110.468230000000361, -7.864700000000365 ], [ 110.467989999999148, -7.86515 ], [ 110.467780000000829, -7.865799999999854 ], [ 110.467570000000663, -7.866529999999603 ], [ 110.467319999999702, -7.867329999999399 ], [ 110.467319999999702, -7.86824 ], [ 110.467049999999247, -7.868329999999601 ], [ 110.466850000000676, -7.868380000000163 ], [ 110.46664000000051, -7.868469999999711 ], [ 110.466379999999802, -7.868510000000523 ], [ 110.46594, -7.86853999999976 ], [ 110.465700000000624, -7.868479999999457 ], [ 110.465210000000255, -7.86817 ], [ 110.465089999999648, -7.868140000000774 ], [ 110.464910000000557, -7.86817 ], [ 110.464710000000167, -7.8681 ], [ 110.464620000000608, -7.868039999999656 ], [ 110.464529999999243, -7.867959999999859 ], [ 110.464420000000217, -7.867840000001067 ], [ 110.46425000000086, -7.86774999999971 ], [ 110.463999999999899, -7.867700000000975 ], [ 110.463809999999256, -7.867720000000463 ], [ 110.463379999999191, -7.867720000000471 ], [ 110.463040000000504, -7.86767 ], [ 110.46277999999981, -7.867620000001175 ], [ 110.462320000000503, -7.867420000000775 ], [ 110.461830000000148, -7.867270000000921 ], [ 110.461610000000263, -7.867169999999811 ], [ 110.461240000000515, -7.867169999999801 ], [ 110.460849999999439, -7.867029999999705 ], [ 110.460670000000363, -7.866900000001176 ], [ 110.4605200000005, -7.866819999999554 ], [ 110.460359999999099, -7.866760000001064 ], [ 110.46018, -7.866770000000814 ], [ 110.460059999999402, -7.866830000001125 ], [ 110.459860000000802, -7.867130000000823 ], [ 110.459609999999842, -7.867550000001112 ], [ 110.459339999999386, -7.867990000000912 ], [ 110.458979999999386, -7.868440000000459 ], [ 110.458570000000648, -7.86883999999945 ], [ 110.457099999999585, -7.870279999999458 ], [ 110.456809999999635, -7.870540000000157 ], [ 110.456640000000306, -7.870680000000274 ], [ 110.456480000000695, -7.870639999999463 ], [ 110.45626000000081, -7.870730000000824 ], [ 110.45621000000024, -7.870839999999861 ], [ 110.45614000000019, -7.870999999999468 ], [ 110.456029999999345, -7.871180000000372 ], [ 110.455869999999734, -7.871310000000728 ], [ 110.455690000000658, -7.87140000000027 ], [ 110.455529999999229, -7.871510000001123 ], [ 110.455389999999142, -7.87177 ], [ 110.455340000000405, -7.871940000001186 ], [ 110.45528, -7.87213 ], [ 110.454820000000808, -7.873120000000464 ], [ 110.454330000000439, -7.873550000000518 ], [ 110.453949999999125, -7.873770000000418 ], [ 110.453429999999528, -7.873920000000282 ], [ 110.45305999999978, -7.874159999999659 ], [ 110.452740000000588, -7.87429 ], [ 110.452479999999881, -7.874430000000112 ], [ 110.452209999999425, -7.87465 ], [ 110.451759999999879, -7.87501 ], [ 110.451230000000535, -7.875430000000319 ], [ 110.450989999999337, -7.875650000000223 ], [ 110.450689999999639, -7.875790000000318 ], [ 110.450290000000635, -7.875770000000831 ], [ 110.449959999999876, -7.875770000000837 ], [ 110.449790000000547, -7.875850000000627 ], [ 110.449580000000381, -7.875640000000478 ], [ 110.449329999999421, -7.875330000001031 ], [ 110.449130000000849, -7.875099999999572 ], [ 110.448879999999889, -7.874840000000681 ], [ 110.448459999999571, -7.874309999999511 ], [ 110.448280000000494, -7.874169999999409 ], [ 110.448119999999065, -7.873980000000575 ], [ 110.447959999999483, -7.87369000000063 ], [ 110.447930000000241, -7.873439999999671 ], [ 110.447630000000544, -7.872900000000575 ], [ 110.44751, -7.87285 ], [ 110.447130000000428, -7.872690000000429 ], [ 110.446949999999532, -7.872600000000885 ], [ 110.446260000000578, -7.872279999999868 ], [ 110.44589000000083, -7.872040000000471 ], [ 110.44571, -7.871880000000878 ], [ 110.445569999999819, -7.871740000000777 ], [ 110.445540000000577, -7.871620000000167 ], [ 110.44535, -7.87148 ], [ 110.44499, -7.871289999999411 ], [ 110.44482000000059, -7.871209999999618 ], [ 110.444709999999716, -7.871209999999619 ], [ 110.44463, -7.87115000000112 ], [ 110.444579999999377, -7.871040000000267 ], [ 110.444489999999831, -7.870929999999404 ], [ 110.44427, -7.870709999999512 ], [ 110.444110000000322, -7.870639999999463 ], [ 110.443750000000321, -7.870520000000668 ], [ 110.443380000000573, -7.870300000000775 ], [ 110.443240000000486, -7.870250000000217 ], [ 110.44306999999931, -7.870220000000967 ], [ 110.442940000000789, -7.870170000000421 ], [ 110.442839999999663, -7.870110000000122 ], [ 110.44274000000037, -7.87001000000082 ], [ 110.442639999999273, -7.869870000000724 ], [ 110.442600000000283, -7.869720000000873 ], [ 110.442189999999712, -7.868730000000424 ], [ 110.441059999999169, -7.865920000000459 ], [ 110.440699999999154, -7.865180000000967 ], [ 110.440559999999053, -7.86497000000082 ], [ 110.440730000000229, -7.864410000000411 ], [ 110.44080000000028, -7.864180000000769 ], [ 110.440870000000317, -7.86385 ], [ 110.440899999999559, -7.863439999999454 ], [ 110.440860000000583, -7.862719999999449 ], [ 110.440870000000317, -7.862489999999804 ], [ 110.44103, -7.862129999999793 ], [ 110.441070000000735, -7.861950000000709 ], [ 110.441140000000786, -7.861730000000802 ], [ 110.441269999999307, -7.861520000000653 ], [ 110.44139, -7.861419999999552 ], [ 110.441629999999307, -7.86132000000026 ], [ 110.442209999999207, -7.861020000000554 ], [ 110.442390000000131, -7.860960000000255 ], [ 110.442569999999208, -7.860880000000456 ], [ 110.44319, -7.860839999999637 ], [ 110.443310000000537, -7.860839999999653 ], [ 110.443479999999866, -7.860769999999603 ], [ 110.443649999999224, -7.860650000000814 ], [ 110.443740000000574, -7.860549999999701 ], [ 110.443869999999123, -7.860469999999889 ], [ 110.444190000000134, -7.860350000001104 ], [ 110.444369999999211, -7.860300000000554 ], [ 110.444489999999831, -7.860339999999545 ], [ 110.444550000000135, -7.86046000000015 ], [ 110.444600000000676, -7.860559999999444 ], [ 110.444569999999629, -7.8609500000005 ], [ 110.444519999999073, -7.861090000000612 ], [ 110.444569999999629, -7.861269999999694 ], [ 110.444649999999413, -7.861390000000297 ], [ 110.445079999999479, -7.861129999999588 ], [ 110.445209999999832, -7.861080000000864 ], [ 110.44535, -7.861070000001104 ], [ 110.445279999999869, -7.861220000000957 ], [ 110.445219999999566, -7.861360000001057 ], [ 110.445250000000627, -7.86147 ], [ 110.445480000000288, -7.861300000000752 ], [ 110.446149999999719, -7.860450000000408 ], [ 110.446690000000643, -7.859829999999698 ], [ 110.446819999999164, -7.8596700000001 ], [ 110.446939999999785, -7.859580000000551 ], [ 110.44712000000068, -7.859549999999495 ], [ 110.447560000000493, -7.859399999999637 ], [ 110.44794, -7.859000000000647 ], [ 110.448000000000292, -7.858899999999541 ], [ 110.44837, -7.857749999999498 ], [ 110.448430000000329, -7.85751 ], [ 110.448529999999636, -7.857340000000752 ], [ 110.44867999999947, -7.857239999999631 ], [ 110.448829999999333, -7.857130000000604 ], [ 110.449039999999471, -7.857110000001107 ], [ 110.449210000000647, -7.857040000001056 ], [ 110.449329999999421, -7.856949999999693 ], [ 110.449759999999486, -7.856100000001146 ], [ 110.450119999999487, -7.855690000000599 ], [ 110.45024, -7.855519999999427 ], [ 110.450419999999184, -7.855400000000656 ], [ 110.450559999999271, -7.855299999999533 ], [ 110.450699999999387, -7.855149999999691 ], [ 110.450689999999639, -7.85499 ], [ 110.450570000000837, -7.854600000000856 ], [ 110.450609999999827, -7.85442 ], [ 110.450670000000144, -7.854310000000901 ], [ 110.451059999999387, -7.853250000000397 ], [ 110.451139999999171, -7.853100000000532 ], [ 110.451269999999525, -7.853010000000992 ], [ 110.451429999999121, -7.852960000000451 ], [ 110.451800000000688, -7.852870000000898 ], [ 110.451950000000551, -7.852849999999582 ], [ 110.452180000000183, -7.852699999999733 ], [ 110.45233, -7.852610000000193 ], [ 110.452450000000638, -7.852460000000338 ], [ 110.452600000000501, -7.85230000000075 ], [ 110.45269999999978, -7.85214000000115 ], [ 110.452820000000386, -7.851510000000696 ], [ 110.452919999999693, -7.851350000001097 ], [ 110.452950000000754, -7.851140000000939 ], [ 110.452890000000451, -7.851039999999824 ], [ 110.452740000000588, -7.8506 ], [ 110.452649999999238, -7.85031 ], [ 110.452629999999743, -7.85017 ], [ 110.452680000000285, -7.850039999999627 ], [ 110.452660000000805, -7.849389999999683 ], [ 110.452670000000538, -7.849050000000986 ], [ 110.452709999999527, -7.848739999999728 ], [ 110.452799999999073, -7.848410000000786 ], [ 110.452810000000639, -7.848210000000376 ], [ 110.45276, -7.848070000000289 ], [ 110.45256999999944, -7.847990000000481 ], [ 110.451859999999172, -7.847690000000784 ], [ 110.45132, -7.847400000000833 ], [ 110.451150000000737, -7.847260000000735 ], [ 110.450979999999589, -7.84711000000088 ], [ 110.450849999999221, -7.846900000000737 ], [ 110.450679999999892, -7.846589999999463 ], [ 110.450590000000332, -7.846449999999376 ], [ 110.450450000000245, -7.84640000000063 ], [ 110.450199999999271, -7.846460000000942 ], [ 110.44973000000023, -7.846589999999471 ], [ 110.449469999999536, -7.84657999999972 ], [ 110.448889999999636, -7.846509999999672 ], [ 110.44818999999913, -7.846600000001045 ], [ 110.447469999999115, -7.846670000001088 ], [ 110.447, -7.846340000000332 ], [ 110.446799999999669, -7.846289999999775 ], [ 110.44654000000078, -7.846299999999529 ], [ 110.446319999999076, -7.846330000000584 ], [ 110.445669999999112, -7.846390000000881 ], [ 110.445390000000742, -7.846400000000628 ], [ 110.445190000000338, -7.846429999999877 ], [ 110.444729999999211, -7.846369999999578 ], [ 110.444390000000524, -7.846310000001082 ], [ 110.444129999999817, -7.846240000001039 ], [ 110.443999999999463, -7.846130000000178 ], [ 110.443849999999628, -7.846020000001131 ], [ 110.443699999999765, -7.845929999999776 ], [ 110.443509999999108, -7.845740000000937 ], [ 110.443419999999563, -7.845569999999769 ], [ 110.443269999999728, -7.845310000000889 ], [ 110.443160000000674, -7.845069999999676 ], [ 110.443269999999728, -7.844779999999727 ], [ 110.443390000000321, -7.844620000000116 ], [ 110.44400999999921, -7.843890000000374 ], [ 110.444470000000337, -7.843090000000573 ], [ 110.44484, -7.842399999999811 ], [ 110.445030000000727, -7.841969999999761 ], [ 110.445299999999364, -7.84154999999947 ], [ 110.445519999999263, -7.841210000000777 ], [ 110.445680000000678, -7.841080000000415 ], [ 110.445879999999264, -7.84089999999952 ], [ 110.446060000000188, -7.840800000000228 ], [ 110.446270000000325, -7.84066000000012 ], [ 110.446459999999163, -7.840609999999561 ], [ 110.446690000000643, -7.840609999999569 ], [ 110.446910000000528, -7.840630000000884 ], [ 110.447759999999064, -7.840660000000123 ], [ 110.448420000000581, -7.840630000000879 ], [ 110.448720000000279, -7.840580000000327 ], [ 110.44895, -7.840500000000523 ], [ 110.449109999999536, -7.840420000000733 ], [ 110.449280000000684, -7.84031999999961 ], [ 110.44945, -7.840150000000268 ], [ 110.449559999999067, -7.840000000000425 ], [ 110.449640000000684, -7.839889999999565 ], [ 110.449710000000735, -7.83973 ], [ 110.4497800000008, -7.839550000000874 ], [ 110.450039999999689, -7.83902999999945 ], [ 110.450129999999234, -7.838860000000108 ], [ 110.450259999999574, -7.838620000000727 ], [ 110.45046, -7.838410000000577 ], [ 110.450689999999639, -7.838210000000168 ], [ 110.450979999999589, -7.838040000000829 ], [ 110.451259999999778, -7.837810000001174 ], [ 110.451479999999677, -7.83757 ], [ 110.45162999999954, -7.83735 ], [ 110.451730000000651, -7.837030000000871 ], [ 110.45169999999959, -7.836719999999604 ], [ 110.451639999999287, -7.836460000000725 ], [ 110.451429999999121, -7.835240000000616 ], [ 110.45140999999964, -7.834960000000404 ], [ 110.45147, -7.834740000000513 ], [ 110.451580000000789, -7.834500000001112 ], [ 110.451789999999122, -7.834140000001111 ], [ 110.451870000000739, -7.833940000000709 ], [ 110.451880000000486, -7.833689999999746 ], [ 110.451940000000803, -7.83260999999975 ], [ 110.451960000000298, -7.832430000000666 ], [ 110.451979999999793, -7.832060000000907 ], [ 110.452079999999071, -7.830980000000907 ], [ 110.452160000000688, -7.83044 ], [ 110.452219999999187, -7.83001999999969 ], [ 110.452559999999693, -7.82828 ], [ 110.452579999999188, -7.828110000000662 ], [ 110.452590000000754, -7.827999999999793 ], [ 110.452600000000501, -7.827859999999693 ], [ 110.452610000000249, -7.827760000000406 ], [ 110.452649999999238, -7.827579999999482 ], [ 110.45269, -7.82742 ], [ 110.452719999999275, -7.82727 ], [ 110.452730000000841, -7.827120000000205 ], [ 110.452719999999275, -7.826800000001001 ], [ 110.452750000000336, -7.826100000000493 ], [ 110.45276999999983, -7.825320000000191 ], [ 110.452789999999325, -7.825119999999797 ], [ 110.45276, -7.824829999999841 ], [ 110.452719999999275, -7.824640000000995 ], [ 110.452649999999238, -7.82440999999954 ], [ 110.452680000000285, -7.8241 ], [ 110.452540000000198, -7.82353 ], [ 110.452649999999238, -7.823290000000539 ], [ 110.452709999999527, -7.822910000001056 ], [ 110.45276999999983, -7.822539999999482 ], [ 110.452730000000841, -7.82223 ], [ 110.452719999999275, -7.821970000001153 ], [ 110.452719999999275, -7.82169000000095 ], [ 110.452740000000588, -7.821389999999437 ], [ 110.452830000000134, -7.821120000000802 ], [ 110.45291, -7.820809999999529 ], [ 110.45298, -7.820560000000382 ], [ 110.453040000000286, -7.820350000000242 ], [ 110.453240000000704, -7.82018000000089 ], [ 110.453569999999644, -7.820060000000287 ], [ 110.454110000000554, -7.81993 ], [ 110.454239999999075, -7.82 ], [ 110.454330000000439, -7.820120000000594 ], [ 110.454309999999126, -7.820260000000688 ], [ 110.454239999999075, -7.820350000000241 ], [ 110.454110000000554, -7.820509999999842 ], [ 110.454019999999176, -7.820680000000991 ], [ 110.45392999999963, -7.820830000000845 ], [ 110.453919999999883, -7.820930000000128 ], [ 110.453949999999125, -7.821060000000486 ], [ 110.454079999999493, -7.821120000000804 ], [ 110.454250000000641, -7.82112000000079 ], [ 110.454410000000252, -7.821000000000188 ], [ 110.454509999999544, -7.820939999999889 ], [ 110.454639999999884, -7.82086 ], [ 110.454890000000844, -7.820850000000345 ], [ 110.455250000000845, -7.82065 ], [ 110.4555, -7.820729999999733 ], [ 110.45585000000024, -7.820820000001099 ], [ 110.456029999999345, -7.820939999999891 ], [ 110.456280000000305, -7.820930000000131 ], [ 110.456529999999432, -7.820879999999574 ], [ 110.456710000000342, -7.820879999999575 ], [ 110.456920000000508, -7.82086 ], [ 110.457109999999332, -7.821000000000187 ], [ 110.4572399999997, -7.821140000000294 ], [ 110.45752999999965, -7.821180000001096 ], [ 110.458109999999536, -7.821099999999483 ], [ 110.45824, -7.820959999999375 ], [ 110.458269999999132, -7.820700000000492 ], [ 110.458350000000749, -7.820449999999523 ], [ 110.458529999999854, -7.820229999999633 ], [ 110.458769999999248, -7.82014 ], [ 110.458950000000144, -7.820050000000541 ], [ 110.459249999999841, -7.819939999999682 ], [ 110.459609999999842, -7.820009999999736 ], [ 110.459849999999236, -7.819990000000238 ], [ 110.460049999999654, -7.82007 ], [ 110.460290000000867, -7.820130000000343 ], [ 110.460479999999691, -7.820120000000586 ], [ 110.46061, -7.820320000001002 ], [ 110.460629999999554, -7.820480000000596 ], [ 110.460569999999237, -7.82072 ], [ 110.460479999999691, -7.820879999999574 ], [ 110.4607199999991, -7.821239999999584 ], [ 110.461049999999844, -7.821480000000787 ], [ 110.461320000000313, -7.821850000000539 ], [ 110.4614, -7.822019999999883 ], [ 110.461370000000855, -7.822239999999785 ], [ 110.46126, -7.822410000000958 ], [ 110.461129999999642, -7.82259999999978 ], [ 110.460979999999807, -7.822800000000187 ], [ 110.460870000000753, -7.823090000000142 ], [ 110.460989999999555, -7.823399999999583 ], [ 110.46120999999944, -7.823420000000895 ], [ 110.461339999999808, -7.823259999999481 ], [ 110.461520000000704, -7.823029999999838 ], [ 110.461699999999794, -7.822910000001054 ], [ 110.462100000000603, -7.822669999999828 ], [ 110.462289999999442, -7.82252 ], [ 110.462250000000466, -7.822360000000398 ], [ 110.462149999999355, -7.821739999999684 ], [ 110.46205, -7.821340000000701 ], [ 110.462009999999239, -7.821210000000346 ], [ 110.461960000000516, -7.82099000000045 ], [ 110.461999999999492, -7.820910000000645 ], [ 110.462180000000416, -7.820910000000645 ], [ 110.462480000000113, -7.820970000000952 ], [ 110.462690000000251, -7.820990000000442 ], [ 110.462900000000417, -7.820970000000944 ], [ 110.463100000000821, -7.820949999999641 ], [ 110.46383000000057, -7.821040000001004 ], [ 110.464270000000354, -7.82108 ], [ 110.464319999999105, -7.821270000000636 ], [ 110.464330000000672, -7.821480000000803 ], [ 110.464330000000672, -7.821819999999472 ], [ 110.464749999999157, -7.821930000000337 ], [ 110.46522, -7.821930000000332 ], [ 110.465399999999093, -7.822010000000139 ], [ 110.46548000000071, -7.822220000000294 ], [ 110.465500000000205, -7.822739999999895 ], [ 110.465599999999512, -7.823230000000242 ], [ 110.465790000000155, -7.823560000000998 ], [ 110.466109999999347, -7.823899999999683 ], [ 110.466580000000221, -7.824130000001154 ], [ 110.46710999999955, -7.824259999999684 ], [ 110.467370000000258, -7.824329999999738 ], [ 110.467459999999818, -7.824500000000903 ], [ 110.467440000000323, -7.82479000000085 ], [ 110.467370000000258, -7.825100000000298 ], [ 110.467179999999615, -7.825709999999438 ], [ 110.46709, -7.826110000000244 ], [ 110.46700000000051, -7.826690000000151 ], [ 110.467010000000258, -7.826820000000502 ], [ 110.467230000000171, -7.82691 ], [ 110.467459999999818, -7.827010000001159 ], [ 110.467780000000829, -7.827069999999637 ], [ 110.46796, -7.827040000000406 ], [ 110.468039999999704, -7.826730000000956 ], [ 110.468080000000526, -7.826450000000753 ], [ 110.468150000000577, -7.8261999999998 ], [ 110.468329999999654, -7.825950000000651 ], [ 110.468549999999553, -7.825909999999841 ] ] ] } },
{ "type": "Feature", "properties": { "KECAMATAN": "Sedayu", "DESA": "Argodadi", "Sektor": "Sedayu" }, "geometry": { "type": "Polygon", "coordinates": [ [ [ 110.243940000000265, -7.829149999999845 ], [ 110.244590000000215, -7.830589999999856 ], [ 110.245049999999495, -7.831840000001012 ], [ 110.245600000000152, -7.833370000000556 ], [ 110.246520000000558, -7.834890000000359 ], [ 110.24789000000051, -7.836310000000862 ], [ 110.24899, -7.837390000000873 ], [ 110.250350000000211, -7.838100000001122 ], [ 110.250990000000414, -7.83872 ], [ 110.252259999999254, -7.838980000000726 ], [ 110.25317, -7.838890000001179 ], [ 110.253989999999206, -7.838519999999616 ], [ 110.254800000000586, -7.838509999999861 ], [ 110.255440000000789, -7.83914000000032 ], [ 110.25626, -7.839040000001023 ], [ 110.25679999999916, -7.838589999999664 ], [ 110.257429999999616, -7.838050000000565 ], [ 110.258250000000743, -7.83714 ], [ 110.25897000000073, -7.836499999999706 ], [ 110.25979, -7.836410000000162 ], [ 110.260969999999332, -7.836760000000424 ], [ 110.262059999999067, -7.837020000001126 ], [ 110.26351000000065, -7.837110000000671 ], [ 110.264960000000386, -7.836820000000717 ], [ 110.266050000000149, -7.83663 ], [ 110.267369999999531, -7.837310000001072 ], [ 110.266890000000757, -7.839239999999609 ], [ 110.266159999999175, -7.84023 ], [ 110.26526, -7.841410000001178 ], [ 110.265450000000754, -7.843119999999813 ], [ 110.265279999999578, -7.84455 ], [ 110.265020000000703, -7.84599 ], [ 110.264300000000688, -7.847260000000734 ], [ 110.263670000000232, -7.848609999999375 ], [ 110.262769999999321, -7.85040999999937 ], [ 110.262510000000432, -7.85168 ], [ 110.261959999999789, -7.8524 ], [ 110.260790000000242, -7.853129999999784 ], [ 110.25979, -7.853849999999793 ], [ 110.259350000000225, -7.855030000000903 ], [ 110.25907999999977, -7.856190000000705 ], [ 110.258900000000693, -7.85737 ], [ 110.259099999999279, -7.859070000000697 ], [ 110.258830000000643, -7.860150000000703 ], [ 110.258200000000187, -7.86061 ], [ 110.257110000000424, -7.861160000000654 ], [ 110.256390000000437, -7.861610000000205 ], [ 110.256030000000436, -7.862600000000652 ], [ 110.25612, -7.863590000001114 ], [ 110.25650999999921, -7.865790000000117 ], [ 110.256059999999678, -7.865410000000614 ], [ 110.254929999999106, -7.864710000000111 ], [ 110.253269999999219, -7.864020000001172 ], [ 110.251609999999303, -7.863050000000198 ], [ 110.2503899999992, -7.86227 ], [ 110.24784, -7.860409999999594 ], [ 110.246370000000709, -7.85982 ], [ 110.244979999999444, -7.858840000001065 ], [ 110.243700000000871, -7.85802 ], [ 110.242239999999541, -7.856970000000997 ], [ 110.24143, -7.856280000000247 ], [ 110.240379999999234, -7.855410000000402 ], [ 110.240100000000851, -7.855170000001004 ], [ 110.238820000000445, -7.854009999999388 ], [ 110.236960000000138, -7.852790000001106 ], [ 110.236090000000289, -7.851339999999525 ], [ 110.235570000000706, -7.850290000000586 ], [ 110.234809999999882, -7.849080000000228 ], [ 110.233879999999729, -7.847560000000427 ], [ 110.232780000000247, -7.845999999999816 ], [ 110.232079999999726, -7.845110000000483 ], [ 110.231069999999775, -7.844180000000317 ], [ 110.230209999999673, -7.843800000000826 ], [ 110.22940000000014, -7.843570000001191 ], [ 110.227399999999719, -7.843080000000829 ], [ 110.225940000000236, -7.842420000001136 ], [ 110.2248, -7.841410000001182 ], [ 110.22370000000042, -7.840749999999666 ], [ 110.222809999999271, -7.84017999999952 ], [ 110.222400000000519, -7.839610000001173 ], [ 110.221550000000178, -7.838120000000612 ], [ 110.22098, -7.836929999999752 ], [ 110.22105, -7.83633000000037 ], [ 110.221069999999557, -7.836209999999757 ], [ 110.221310000000784, -7.835639999999604 ], [ 110.221760000000316, -7.835150000001062 ], [ 110.222900000000635, -7.83470999999946 ], [ 110.224529999999461, -7.834310000000469 ], [ 110.225749999999564, -7.834059999999503 ], [ 110.226529999999883, -7.833780000001114 ], [ 110.227220000000642, -7.833329999999744 ], [ 110.229049999999887, -7.831749999999657 ], [ 110.230260000000243, -7.830449999999749 ], [ 110.231700000000231, -7.831039999999398 ], [ 110.232879999999525, -7.831389999999645 ], [ 110.234329999999289, -7.831099999999697 ], [ 110.235329999999479, -7.830560000000601 ], [ 110.236140000000859, -7.829739999999503 ], [ 110.237220000000846, -7.828659999999491 ], [ 110.238030000000407, -7.827480000000206 ], [ 110.238750000000394, -7.826489999999742 ], [ 110.2392899999995, -7.824600000000201 ], [ 110.240100000000851, -7.823150000000454 ], [ 110.2408099999993, -7.821350000000447 ], [ 110.241350000000196, -7.819820000000894 ], [ 110.242620000000855, -7.819810000001151 ], [ 110.243259999999239, -7.820530000001145 ], [ 110.24309, -7.821879999999784 ], [ 110.242550000000804, -7.823230000000239 ], [ 110.242650000000111, -7.82475 ], [ 110.242840000000754, -7.826279999999598 ], [ 110.2433, -7.827810000000949 ], [ 110.243940000000265, -7.829149999999845 ] ] ] } },
{ "type": "Feature", "properties": { "KECAMATAN": "Piyungan", "DESA": "Srimartani", "Sektor": "Piyungan" }, "geometry": { "type": "Polygon", "coordinates": [ [ [ 110.511909999999233, -7.823899999999687 ], [ 110.512619999999472, -7.824020000000297 ], [ 110.51298999999922, -7.824549999999642 ], [ 110.512899999999675, -7.825370000000741 ], [ 110.512819999999891, -7.826530000000559 ], [ 110.512459999999891, -7.827530000000748 ], [ 110.51274, -7.828420000000103 ], [ 110.513740000000297, -7.82940000000081 ], [ 110.514559999999577, -7.829760000000803 ], [ 110.515919999999795, -7.829570000000147 ], [ 110.517200000000201, -7.8295600000004 ], [ 110.518830000000847, -7.830089999999748 ], [ 110.520099999999687, -7.829630000000453 ], [ 110.521469999999653, -7.830599999999592 ], [ 110.5214799999994, -7.831410000000968 ], [ 110.521300000000295, -7.832490000000962 ], [ 110.520759999999385, -7.83322000000071 ], [ 110.520500000000496, -7.834839999999797 ], [ 110.519589999999852, -7.835290000001173 ], [ 110.518319999999179, -7.835750000000464 ], [ 110.516690000000338, -7.836310000000878 ], [ 110.515059999999693, -7.83649 ], [ 110.51188, -7.83697000000056 ], [ 110.51007000000024, -7.837340000000323 ], [ 110.507980000000273, -7.837630000000257 ], [ 110.506890000000539, -7.837630000000264 ], [ 110.505069999999222, -7.837120000000418 ], [ 110.503710000000822, -7.837490000000171 ], [ 110.50281, -7.837939999999708 ], [ 110.501270000000616, -7.838309999999462 ], [ 110.499719999999769, -7.838320000001029 ], [ 110.49799999999955, -7.83807 ], [ 110.495999999999157, -7.837810000001181 ], [ 110.495000000000758, -7.838449999999566 ], [ 110.494000000000554, -7.83872 ], [ 110.49245999999944, -7.837920000000217 ], [ 110.490820000000866, -7.837400000000621 ], [ 110.489550000000207, -7.837229999999461 ], [ 110.488460000000444, -7.838140000000117 ], [ 110.48783, -7.839220000000117 ], [ 110.486839999999532, -7.84013000000077 ], [ 110.485479999999342, -7.840500000000532 ], [ 110.484210000000502, -7.841130000000975 ], [ 110.483130000000486, -7.842590000000479 ], [ 110.482219999999828, -7.842420000001133 ], [ 110.48076000000033, -7.841080000000417 ], [ 110.479390000000379, -7.840370000000172 ], [ 110.477660000000427, -7.839210000000377 ], [ 110.476570000000692, -7.838500000000117 ], [ 110.475650000000272, -7.837509999999659 ], [ 110.47465, -7.836359999999609 ], [ 110.473550000000571, -7.835650000001166 ], [ 110.471729999999255, -7.834940000000923 ], [ 110.47091, -7.834129999999549 ], [ 110.470629999999773, -7.833060000001122 ], [ 110.470880000000733, -7.831790000000452 ], [ 110.47091, -7.831469999999456 ], [ 110.470919999999722, -7.83129000000036 ], [ 110.47089000000048, -7.831060000000715 ], [ 110.470950000000784, -7.830710000000458 ], [ 110.470970000000278, -7.830610000001171 ], [ 110.470999999999506, -7.830470000001068 ], [ 110.47105999999981, -7.830190000000854 ], [ 110.471079999999304, -7.83000000000021 ], [ 110.471040000000315, -7.829910000000656 ], [ 110.47092999999947, -7.829840000000603 ], [ 110.470740000000617, -7.82986999999985 ], [ 110.470680000000314, -7.829949999999644 ], [ 110.470569999999469, -7.830299999999896 ], [ 110.470489999999657, -7.830529999999546 ], [ 110.47031000000058, -7.830550000000852 ], [ 110.470180000000212, -7.830529999999545 ], [ 110.470009999999064, -7.830560000000608 ], [ 110.46995000000058, -7.830640000000407 ], [ 110.469919999999519, -7.830830000001055 ], [ 110.469880000000515, -7.830940000000105 ], [ 110.469810000000464, -7.831050000000969 ], [ 110.469639999999316, -7.831130000000759 ], [ 110.469510000000767, -7.831080000000213 ], [ 110.469349999999366, -7.830949999999855 ], [ 110.469259999999807, -7.830589999999845 ], [ 110.469259999999807, -7.830449999999757 ], [ 110.469310000000377, -7.830200000000604 ], [ 110.469359999999114, -7.83001 ], [ 110.469380000000427, -7.82982000000112 ], [ 110.4694, -7.829530000001159 ], [ 110.46942999999915, -7.829400000000804 ], [ 110.469460000000211, -7.829260000000708 ], [ 110.469450000000464, -7.829079999999792 ], [ 110.469479999999706, -7.82886 ], [ 110.469479999999706, -7.828719999999802 ], [ 110.469510000000767, -7.828519999999399 ], [ 110.469559999999504, -7.827950000001065 ], [ 110.469580000000818, -7.827820000000705 ], [ 110.469629999999569, -7.827569999999746 ], [ 110.469699999999619, -7.827300000001116 ], [ 110.469719999999114, -7.82706999999964 ], [ 110.469689999999872, -7.826779999999691 ], [ 110.469590000000565, -7.826610000000351 ], [ 110.46942999999915, -7.826440000000996 ], [ 110.469100000000225, -7.82634 ], [ 110.468829999999755, -7.826170000000556 ], [ 110.468549999999553, -7.825909999999841 ], [ 110.46904, -7.8255800000009 ], [ 110.469349999999366, -7.825310000000455 ], [ 110.469559999999504, -7.825070000001056 ], [ 110.469709999999367, -7.824870000000642 ], [ 110.469789999999151, -7.824710000001054 ], [ 110.469979999999822, -7.824490000001148 ], [ 110.470160000000718, -7.824399999999782 ], [ 110.470339999999823, -7.824350000001051 ], [ 110.470579999999217, -7.824189999999639 ], [ 110.470680000000314, -7.824010000000539 ], [ 110.470740000000617, -7.82374 ], [ 110.47076999999986, -7.82357000000075 ], [ 110.470820000000415, -7.823399999999589 ], [ 110.47089000000048, -7.823290000000541 ], [ 110.471149999999355, -7.823160000000191 ], [ 110.471480000000128, -7.822990000000854 ], [ 110.471659999999204, -7.822920000000806 ], [ 110.471809999999067, -7.822790000000437 ], [ 110.471970000000468, -7.822690000001147 ], [ 110.47208999999927, -7.82260999999954 ], [ 110.47228999999966, -7.822510000000245 ], [ 110.47257999999961, -7.822459999999692 ], [ 110.47278, -7.82245 ], [ 110.472889999999055, -7.822309999999832 ], [ 110.472920000000116, -7.822179999999477 ], [ 110.473019999999423, -7.822050000000941 ], [ 110.47314, -7.822050000000941 ], [ 110.473369999999676, -7.822050000000953 ], [ 110.473630000000369, -7.822039999999385 ], [ 110.473900000000825, -7.822060000000699 ], [ 110.474790000000169, -7.822080000000199 ], [ 110.475000000000335, -7.822190000001055 ], [ 110.475169999999665, -7.82223 ], [ 110.475500000000423, -7.822370000000146 ], [ 110.476930000000678, -7.82357000000074 ], [ 110.478289999999063, -7.823920000000991 ], [ 110.479660000000848, -7.824269999999438 ], [ 110.481200000000143, -7.824440000000602 ], [ 110.482019999999437, -7.82425 ], [ 110.482560000000333, -7.823710000000847 ], [ 110.483099999999425, -7.822899999999492 ], [ 110.483640000000349, -7.821900000001095 ], [ 110.484539999999441, -7.82116999999953 ], [ 110.4854500000001, -7.82054000000089 ], [ 110.486450000000303, -7.820710000000241 ], [ 110.487629999999598, -7.821330000000947 ], [ 110.488629999999802, -7.821500000000283 ], [ 110.489900000000461, -7.821770000000746 ], [ 110.491270000000398, -7.822200000000791 ], [ 110.492449999999693, -7.822739999999897 ], [ 110.493909999999204, -7.823080000000392 ], [ 110.495090000000317, -7.822980000001102 ], [ 110.496629999999612, -7.823060000000906 ], [ 110.497719999999347, -7.82305000000116 ], [ 110.499089999999299, -7.823220000000503 ], [ 110.50007999999977, -7.822759999999376 ], [ 110.50144, -7.822850000000753 ], [ 110.502619999999268, -7.822749999999643 ], [ 110.503619999999458, -7.822650000000347 ], [ 110.504619999999662, -7.823090000000146 ], [ 110.5059, -7.82325999999948 ], [ 110.507349999999818, -7.82324999999974 ], [ 110.508529999999126, -7.823420000000896 ], [ 110.509889999999317, -7.823679999999793 ], [ 110.511080000000177, -7.823759999999586 ], [ 110.511909999999233, -7.823899999999687 ] ] ] } },
{ "type": "Feature", "properties": { "KECAMATAN": "Piyungan", "DESA": "Sitimulyo", "Sektor": "Piyungan" }, "geometry": { "type": "Polygon", "coordinates": [ [ [ 110.452540000000198, -7.82353 ], [ 110.452680000000285, -7.8241 ], [ 110.452649999999238, -7.82440999999954 ], [ 110.452719999999275, -7.824640000000995 ], [ 110.45276, -7.824829999999841 ], [ 110.452789999999325, -7.825119999999797 ], [ 110.45276999999983, -7.825320000000191 ], [ 110.452750000000336, -7.826100000000493 ], [ 110.452719999999275, -7.826800000001001 ], [ 110.452730000000841, -7.827120000000205 ], [ 110.452719999999275, -7.82727 ], [ 110.45269, -7.82742 ], [ 110.452649999999238, -7.827579999999482 ], [ 110.452610000000249, -7.827760000000406 ], [ 110.452600000000501, -7.827859999999693 ], [ 110.452590000000754, -7.827999999999793 ], [ 110.452579999999188, -7.828110000000662 ], [ 110.452559999999693, -7.82828 ], [ 110.452219999999187, -7.83001999999969 ], [ 110.452160000000688, -7.83044 ], [ 110.452079999999071, -7.830980000000907 ], [ 110.451979999999793, -7.832060000000907 ], [ 110.451960000000298, -7.832430000000666 ], [ 110.451940000000803, -7.83260999999975 ], [ 110.451880000000486, -7.833689999999746 ], [ 110.451870000000739, -7.833940000000709 ], [ 110.451789999999122, -7.834140000001111 ], [ 110.451580000000789, -7.834500000001112 ], [ 110.45147, -7.834740000000513 ], [ 110.45140999999964, -7.834960000000404 ], [ 110.451429999999121, -7.835240000000616 ], [ 110.451639999999287, -7.836460000000725 ], [ 110.45169999999959, -7.836719999999604 ], [ 110.451730000000651, -7.837030000000871 ], [ 110.45162999999954, -7.83735 ], [ 110.451479999999677, -7.83757 ], [ 110.451259999999778, -7.837810000001174 ], [ 110.450979999999589, -7.838040000000829 ], [ 110.450689999999639, -7.838210000000168 ], [ 110.45046, -7.838410000000577 ], [ 110.450259999999574, -7.838620000000727 ], [ 110.450129999999234, -7.838860000000108 ], [ 110.450039999999689, -7.83902999999945 ], [ 110.4497800000008, -7.839550000000874 ], [ 110.449710000000735, -7.83973 ], [ 110.449640000000684, -7.839889999999565 ], [ 110.449559999999067, -7.840000000000425 ], [ 110.44945, -7.840150000000268 ], [ 110.449280000000684, -7.84031999999961 ], [ 110.449109999999536, -7.840420000000733 ], [ 110.44895, -7.840500000000523 ], [ 110.448720000000279, -7.840580000000327 ], [ 110.448420000000581, -7.840630000000879 ], [ 110.447759999999064, -7.840660000000123 ], [ 110.446910000000528, -7.840630000000884 ], [ 110.446690000000643, -7.840609999999569 ], [ 110.446459999999163, -7.840609999999561 ], [ 110.446270000000325, -7.84066000000012 ], [ 110.446060000000188, -7.840800000000228 ], [ 110.445879999999264, -7.84089999999952 ], [ 110.445680000000678, -7.841080000000415 ], [ 110.445519999999263, -7.841210000000777 ], [ 110.445299999999364, -7.84154999999947 ], [ 110.445030000000727, -7.841969999999761 ], [ 110.44484, -7.842399999999811 ], [ 110.444470000000337, -7.843090000000573 ], [ 110.44400999999921, -7.843890000000374 ], [ 110.443390000000321, -7.844620000000116 ], [ 110.443269999999728, -7.844779999999727 ], [ 110.443160000000674, -7.845069999999676 ], [ 110.443269999999728, -7.845310000000889 ], [ 110.443419999999563, -7.845569999999769 ], [ 110.443509999999108, -7.845740000000937 ], [ 110.443699999999765, -7.845929999999776 ], [ 110.443849999999628, -7.846020000001131 ], [ 110.443999999999463, -7.846130000000178 ], [ 110.444129999999817, -7.846240000001039 ], [ 110.444390000000524, -7.846310000001082 ], [ 110.444729999999211, -7.846369999999578 ], [ 110.445190000000338, -7.846429999999877 ], [ 110.445390000000742, -7.846400000000628 ], [ 110.445669999999112, -7.846390000000881 ], [ 110.446319999999076, -7.846330000000584 ], [ 110.44654000000078, -7.846299999999529 ], [ 110.446799999999669, -7.846289999999775 ], [ 110.447, -7.846340000000332 ], [ 110.447469999999115, -7.846670000001088 ], [ 110.44818999999913, -7.846600000001045 ], [ 110.448889999999636, -7.846509999999672 ], [ 110.449469999999536, -7.84657999999972 ], [ 110.44973000000023, -7.846589999999471 ], [ 110.450199999999271, -7.846460000000942 ], [ 110.450450000000245, -7.84640000000063 ], [ 110.450590000000332, -7.846449999999376 ], [ 110.450679999999892, -7.846589999999463 ], [ 110.450849999999221, -7.846900000000737 ], [ 110.450979999999589, -7.84711000000088 ], [ 110.451150000000737, -7.847260000000735 ], [ 110.45132, -7.847400000000833 ], [ 110.451859999999172, -7.847690000000784 ], [ 110.45256999999944, -7.847990000000481 ], [ 110.45276, -7.848070000000289 ], [ 110.452810000000639, -7.848210000000376 ], [ 110.452799999999073, -7.848410000000786 ], [ 110.452709999999527, -7.848739999999728 ], [ 110.452670000000538, -7.849050000000986 ], [ 110.452660000000805, -7.849389999999683 ], [ 110.452680000000285, -7.850039999999627 ], [ 110.452629999999743, -7.85017 ], [ 110.452649999999238, -7.85031 ], [ 110.452740000000588, -7.8506 ], [ 110.452890000000451, -7.851039999999824 ], [ 110.452950000000754, -7.851140000000939 ], [ 110.452919999999693, -7.851350000001097 ], [ 110.452820000000386, -7.851510000000696 ], [ 110.45269999999978, -7.85214000000115 ], [ 110.452600000000501, -7.85230000000075 ], [ 110.452450000000638, -7.852460000000338 ], [ 110.45233, -7.852610000000193 ], [ 110.452180000000183, -7.852699999999733 ], [ 110.451950000000551, -7.852849999999582 ], [ 110.451800000000688, -7.852870000000898 ], [ 110.451429999999121, -7.852960000000451 ], [ 110.451269999999525, -7.853010000000992 ], [ 110.451139999999171, -7.853100000000532 ], [ 110.451059999999387, -7.853250000000397 ], [ 110.450670000000144, -7.854310000000901 ], [ 110.450609999999827, -7.85442 ], [ 110.450570000000837, -7.854600000000856 ], [ 110.450689999999639, -7.85499 ], [ 110.450699999999387, -7.855149999999691 ], [ 110.450559999999271, -7.855299999999533 ], [ 110.450419999999184, -7.855400000000656 ], [ 110.45024, -7.855519999999427 ], [ 110.450119999999487, -7.855690000000599 ], [ 110.449759999999486, -7.856100000001146 ], [ 110.449329999999421, -7.856949999999693 ], [ 110.449210000000647, -7.857040000001056 ], [ 110.449039999999471, -7.857110000001107 ], [ 110.448829999999333, -7.857130000000604 ], [ 110.44867999999947, -7.857239999999631 ], [ 110.448529999999636, -7.857340000000752 ], [ 110.448430000000329, -7.85751 ], [ 110.44837, -7.857749999999498 ], [ 110.448000000000292, -7.858899999999541 ], [ 110.44794, -7.859000000000647 ], [ 110.447560000000493, -7.859399999999637 ], [ 110.44712000000068, -7.859549999999495 ], [ 110.446939999999785, -7.859580000000551 ], [ 110.446819999999164, -7.8596700000001 ], [ 110.446690000000643, -7.859829999999698 ], [ 110.446149999999719, -7.860450000000408 ], [ 110.445480000000288, -7.861300000000752 ], [ 110.445250000000627, -7.86147 ], [ 110.445219999999566, -7.861360000001057 ], [ 110.445279999999869, -7.861220000000957 ], [ 110.44535, -7.861070000001104 ], [ 110.445209999999832, -7.861080000000864 ], [ 110.445079999999479, -7.861129999999588 ], [ 110.444649999999413, -7.861390000000297 ], [ 110.444569999999629, -7.861269999999694 ], [ 110.444519999999073, -7.861090000000612 ], [ 110.444569999999629, -7.8609500000005 ], [ 110.444600000000676, -7.860559999999444 ], [ 110.444550000000135, -7.86046000000015 ], [ 110.444489999999831, -7.860339999999545 ], [ 110.444369999999211, -7.860300000000554 ], [ 110.444190000000134, -7.860350000001104 ], [ 110.443869999999123, -7.860469999999889 ], [ 110.443740000000574, -7.860549999999701 ], [ 110.443649999999224, -7.860650000000814 ], [ 110.443479999999866, -7.860769999999603 ], [ 110.443310000000537, -7.860839999999653 ], [ 110.44319, -7.860839999999637 ], [ 110.442569999999208, -7.860880000000456 ], [ 110.442390000000131, -7.860960000000255 ], [ 110.442209999999207, -7.861020000000554 ], [ 110.441629999999307, -7.86132000000026 ], [ 110.44139, -7.861419999999552 ], [ 110.441269999999307, -7.861520000000653 ], [ 110.441140000000786, -7.861730000000802 ], [ 110.441070000000735, -7.861950000000709 ], [ 110.44103, -7.862129999999793 ], [ 110.440870000000317, -7.862489999999804 ], [ 110.440860000000583, -7.862719999999449 ], [ 110.440899999999559, -7.863439999999454 ], [ 110.440870000000317, -7.86385 ], [ 110.44080000000028, -7.864180000000769 ], [ 110.440730000000229, -7.864410000000411 ], [ 110.440559999999053, -7.86497000000082 ], [ 110.440370000000215, -7.865079999999864 ], [ 110.440109999999521, -7.865260000000761 ], [ 110.43995, -7.86536 ], [ 110.439850000000632, -7.865439999999861 ], [ 110.439650000000213, -7.865550000000725 ], [ 110.438690000000832, -7.865889999999395 ], [ 110.438420000000363, -7.865809999999598 ], [ 110.43829, -7.865889999999393 ], [ 110.438210000000211, -7.866000000000261 ], [ 110.438079999999857, -7.866180000001166 ], [ 110.43793, -7.866379999999759 ], [ 110.437819999999149, -7.86666 ], [ 110.43764999999982, -7.866749999999513 ], [ 110.437470000000715, -7.86684000000086 ], [ 110.437250000000816, -7.866860000000361 ], [ 110.43707, -7.86687999999986 ], [ 110.436929999999805, -7.866860000000361 ], [ 110.436770000000223, -7.866850000000616 ], [ 110.436630000000108, -7.866870000000114 ], [ 110.436390000000728, -7.866819999999554 ], [ 110.436229999999298, -7.86676000000107 ], [ 110.436079999999464, -7.866770000000814 ], [ 110.435919999999854, -7.866809999999814 ], [ 110.435810000000828, -7.866840000000866 ], [ 110.435659999999146, -7.866930000000418 ], [ 110.435489999999817, -7.867000000000458 ], [ 110.435349999999701, -7.86716 ], [ 110.435209999999614, -7.867350000000716 ], [ 110.43498, -7.867620000001176 ], [ 110.434849999999614, -7.867759999999449 ], [ 110.434370000000811, -7.867990000000926 ], [ 110.433919999999461, -7.868230000000317 ], [ 110.43354, -7.868440000000467 ], [ 110.433010000000621, -7.86875 ], [ 110.432629999999293, -7.869140000000976 ], [ 110.432319999999848, -7.869489999999407 ], [ 110.432020000000151, -7.869699999999553 ], [ 110.431599999999847, -7.869870000000716 ], [ 110.43123999999986, -7.870010000000822 ], [ 110.430770000000805, -7.870129999999614 ], [ 110.430350000000502, -7.870250000000224 ], [ 110.430070000000299, -7.870370000000831 ], [ 110.429690000000818, -7.870629999999704 ], [ 110.42943, -7.870810000000616 ], [ 110.429, -7.870849999999618 ], [ 110.428749999999098, -7.870569999999411 ], [ 110.428480000000448, -7.87011999999986 ], [ 110.428400000000664, -7.869790000000916 ], [ 110.428330000000614, -7.869310000000308 ], [ 110.428250000000801, -7.868899999999766 ], [ 110.428200000000245, -7.868500000000772 ], [ 110.428099999999148, -7.868130000001028 ], [ 110.427910000000296, -7.867599999999856 ], [ 110.427820000000764, -7.867249999999609 ], [ 110.427610000000598, -7.866959999999659 ], [ 110.427449999999197, -7.866910000000915 ], [ 110.427190000000309, -7.866969999999398 ], [ 110.426779999999752, -7.867099999999758 ], [ 110.426489999999802, -7.867200000000866 ], [ 110.426160000000863, -7.867260000001165 ], [ 110.425769999999787, -7.867410000001024 ], [ 110.425559999999649, -7.867399999999448 ], [ 110.42533, -7.867329999999406 ], [ 110.42511, -7.867210000000624 ], [ 110.424909999999699, -7.866930000000406 ], [ 110.424740000000341, -7.86666 ], [ 110.424530000000189, -7.866350000000506 ], [ 110.424349999999293, -7.865970000001023 ], [ 110.42425, -7.865680000001073 ], [ 110.424049999999596, -7.865239999999447 ], [ 110.423950000000289, -7.864680000000865 ], [ 110.42382, -7.864470000000704 ], [ 110.423559999999227, -7.86428 ], [ 110.423319999999833, -7.864130000000213 ], [ 110.423140000000757, -7.86385 ], [ 110.422979999999328, -7.863729999999403 ], [ 110.422720000000439, -7.86367000000092 ], [ 110.422360000000438, -7.863590000001119 ], [ 110.421650000000184, -7.863509999999495 ], [ 110.421350000000487, -7.86349999999975 ], [ 110.420980000000753, -7.863509999999508 ], [ 110.420449999999576, -7.863470000000516 ], [ 110.42022, -7.863340000000163 ], [ 110.420159999999626, -7.862940000001172 ], [ 110.420280000000247, -7.862629999999895 ], [ 110.420410000000587, -7.862330000000197 ], [ 110.420539999999122, -7.862040000000247 ], [ 110.420700000000537, -7.86162 ], [ 110.420860000000147, -7.86130000000075 ], [ 110.421060000000537, -7.860989999999489 ], [ 110.421239999999642, -7.860769999999598 ], [ 110.42144, -7.860600000000254 ], [ 110.4218, -7.860259999999747 ], [ 110.422179999999543, -7.859950000000308 ], [ 110.422699999999125, -7.8596 ], [ 110.423039999999645, -7.859380000000156 ], [ 110.423409999999393, -7.85902000000014 ], [ 110.423650000000592, -7.858829999999501 ], [ 110.423899999999733, -7.858650000000407 ], [ 110.424080000000657, -7.858510000000302 ], [ 110.424269999999495, -7.858319999999631 ], [ 110.424370000000607, -7.858210000000603 ], [ 110.42598, -7.856680000001052 ], [ 110.426289999999383, -7.856439999999835 ], [ 110.4265699999996, -7.856190000000691 ], [ 110.426719999999435, -7.855949999999483 ], [ 110.426900000000344, -7.855740000001147 ], [ 110.427050000000193, -7.855449999999381 ], [ 110.42727999999984, -7.855110000000695 ], [ 110.427519999999234, -7.854680000000646 ], [ 110.4277299999994, -7.85436999999938 ], [ 110.427999999999855, -7.853919999999841 ], [ 110.42821, -7.85362000000014 ], [ 110.42843, -7.85334 ], [ 110.428690000000614, -7.853010000000991 ], [ 110.428920000000247, -7.852779999999531 ], [ 110.429179999999135, -7.852540000000137 ], [ 110.429330000000817, -7.852339999999732 ], [ 110.429599999999454, -7.852059999999523 ], [ 110.429819999999339, -7.851839999999626 ], [ 110.429910000000717, -7.85161 ], [ 110.429910000000717, -7.851290000000793 ], [ 110.42979, -7.85096 ], [ 110.429690000000818, -7.850710000000886 ], [ 110.429550000000702, -7.850469999999686 ], [ 110.429369999999807, -7.850189999999469 ], [ 110.429309999999504, -7.84988 ], [ 110.429140000000146, -7.84952 ], [ 110.428990000000312, -7.849350000000685 ], [ 110.428819999999135, -7.849039999999426 ], [ 110.428540000000751, -7.848650000000183 ], [ 110.428379999999351, -7.848430000000278 ], [ 110.42821, -7.848089999999771 ], [ 110.42801999999935, -7.84776000000084 ], [ 110.427970000000599, -7.847169999999366 ], [ 110.42807, -7.846920000000233 ], [ 110.428229999999488, -7.846530000000984 ], [ 110.4283099999993, -7.846270000000285 ], [ 110.428410000000412, -7.84628 ], [ 110.428299999999538, -7.84592 ], [ 110.428200000000245, -7.845550000000273 ], [ 110.42821, -7.845289999999579 ], [ 110.428250000000801, -7.845009999999373 ], [ 110.42828, -7.844849999999778 ], [ 110.428610000000802, -7.844849999999767 ], [ 110.428869999999691, -7.84477 ], [ 110.429009999999806, -7.844590000000876 ], [ 110.429009999999806, -7.844380000000741 ], [ 110.428939999999756, -7.844080000001032 ], [ 110.428949999999503, -7.84380000000084 ], [ 110.42895999999925, -7.843590000000683 ], [ 110.429009999999806, -7.84333 ], [ 110.428939999999756, -7.843129999999561 ], [ 110.428760000000651, -7.842979999999717 ], [ 110.428560000000246, -7.843000000001025 ], [ 110.428340000000361, -7.84297 ], [ 110.428260000000549, -7.843100000000327 ], [ 110.428239999999235, -7.84326 ], [ 110.428130000000209, -7.84347 ], [ 110.42792, -7.843500000001135 ], [ 110.427659999999335, -7.843370000000774 ], [ 110.427390000000713, -7.843199999999618 ], [ 110.427190000000309, -7.842880000000433 ], [ 110.427159999999247, -7.84268 ], [ 110.42713, -7.84232999999977 ], [ 110.426960000000648, -7.842150000000671 ], [ 110.42677, -7.842100000000118 ], [ 110.426559999999853, -7.842100000000118 ], [ 110.426310000000697, -7.842140000000926 ], [ 110.42605, -7.842090000000374 ], [ 110.425830000000104, -7.842060000001136 ], [ 110.42562, -7.84207000000088 ], [ 110.425440000000847, -7.842000000000835 ], [ 110.425440000000847, -7.841839999999417 ], [ 110.425489999999584, -7.841590000000275 ], [ 110.425579999999144, -7.841300000000321 ], [ 110.42564999999918, -7.8411 ], [ 110.425709999999484, -7.84081 ], [ 110.425719999999231, -7.840640000000623 ], [ 110.425730000000797, -7.84045 ], [ 110.42576, -7.840200000000817 ], [ 110.425779999999534, -7.839980000000928 ], [ 110.425800000000848, -7.839739999999704 ], [ 110.425970000000191, -7.839739999999712 ], [ 110.426260000000156, -7.839770000000773 ], [ 110.426419999999737, -7.839749999999464 ], [ 110.426520000000863, -7.839630000000672 ], [ 110.426670000000698, -7.839410000000767 ], [ 110.426779999999752, -7.839309999999657 ], [ 110.427009999999385, -7.83925000000117 ], [ 110.4272, -7.839220000000113 ], [ 110.427449999999197, -7.839220000000117 ], [ 110.427680000000649, -7.839180000001137 ], [ 110.428560000000246, -7.839070000000274 ], [ 110.428659999999553, -7.838980000000716 ], [ 110.428809999999388, -7.838550000000669 ], [ 110.428840000000449, -7.83822999999966 ], [ 110.428879999999438, -7.838 ], [ 110.428939999999756, -7.837649999999752 ], [ 110.428949999999503, -7.837439999999599 ], [ 110.42895999999925, -7.8371599999994 ], [ 110.428939999999756, -7.836880000001014 ], [ 110.42893, -7.836520000001024 ], [ 110.42893, -7.836250000000562 ], [ 110.428900000000752, -7.835900000000317 ], [ 110.428939999999756, -7.83555 ], [ 110.429029999999301, -7.835380000000709 ], [ 110.429169999999388, -7.835290000001171 ], [ 110.429350000000312, -7.835320000000414 ], [ 110.429589999999706, -7.835419999999713 ], [ 110.429739999999541, -7.835460000000514 ], [ 110.429889999999403, -7.835390000000455 ], [ 110.429969999999201, -7.835429999999462 ], [ 110.430099999999541, -7.835520000000824 ], [ 110.43031999999944, -7.835520000000821 ], [ 110.430549999999101, -7.835540000000311 ], [ 110.430780000000553, -7.835559999999801 ], [ 110.430889999999607, -7.835559999999801 ], [ 110.43109, -7.835580000001127 ], [ 110.431280000000655, -7.835639999999602 ], [ 110.431510000000316, -7.835740000000714 ], [ 110.431710000000706, -7.835779999999714 ], [ 110.431909999999291, -7.835789999999459 ], [ 110.432230000000303, -7.835740000000718 ], [ 110.432520000000252, -7.83577999999971 ], [ 110.432790000000722, -7.83584 ], [ 110.432899999999748, -7.835989999999852 ], [ 110.433129999999394, -7.836149999999457 ], [ 110.433339999999561, -7.836139999999711 ], [ 110.433619999999763, -7.836240000000817 ], [ 110.433950000000522, -7.83631000000087 ], [ 110.434359999999245, -7.83685 ], [ 110.435429999999499, -7.836789999999659 ], [ 110.435520000000878, -7.836620000000321 ], [ 110.435489999999817, -7.83627 ], [ 110.435250000000423, -7.835810000000766 ], [ 110.435009999999195, -7.835709999999658 ], [ 110.434900000000169, -7.835610000000364 ], [ 110.434730000000812, -7.835510000001065 ], [ 110.434639999999462, -7.835400000000209 ], [ 110.43455, -7.835240000000616 ], [ 110.434509999999094, -7.834839999999801 ], [ 110.434489999999599, -7.834639999999406 ], [ 110.434629999999714, -7.834279999999403 ], [ 110.434800000000862, -7.83397 ], [ 110.43491, -7.833780000001116 ], [ 110.434989999999701, -7.833580000000706 ], [ 110.434999999999448, -7.833399999999807 ], [ 110.434950000000725, -7.833269999999442 ], [ 110.434859999999361, -7.833020000000311 ], [ 110.434750000000307, -7.832899999999706 ], [ 110.434579999999158, -7.832740000000113 ], [ 110.434509999999094, -7.832570000000764 ], [ 110.434520000000674, -7.832420000000917 ], [ 110.434730000000812, -7.832220000000511 ], [ 110.435059999999751, -7.831930000000559 ], [ 110.435199999999867, -7.831829999999448 ], [ 110.43541, -7.83181 ], [ 110.435639999999651, -7.83181 ], [ 110.43584, -7.831780000000712 ], [ 110.436019999999147, -7.831679999999589 ], [ 110.436180000000576, -7.831480000001011 ], [ 110.436270000000107, -7.831319999999605 ], [ 110.436340000000158, -7.831200000000808 ], [ 110.43642, -7.831080000000199 ], [ 110.436429999999717, -7.83094 ], [ 110.436439999999465, -7.830710000000463 ], [ 110.43642, -7.830529999999539 ], [ 110.436400000000475, -7.830309999999646 ], [ 110.436379999999161, -7.830159999999807 ], [ 110.436320000000663, -7.829949999999651 ], [ 110.436289999999602, -7.829710000000255 ], [ 110.436299999999349, -7.829519999999598 ], [ 110.436390000000728, -7.82929 ], [ 110.436509999999515, -7.82893 ], [ 110.43656, -7.828740000001108 ], [ 110.436630000000108, -7.828620000000505 ], [ 110.436799999999465, -7.828509999999645 ], [ 110.436970000000613, -7.828460000000911 ], [ 110.437270000000311, -7.82829999999949 ], [ 110.437320000000881, -7.828180000000698 ], [ 110.437320000000881, -7.827999999999793 ], [ 110.437350000000123, -7.827820000000702 ], [ 110.437410000000426, -7.827709999999843 ], [ 110.43764999999982, -7.827600000000812 ], [ 110.437850000000211, -7.827550000000244 ], [ 110.437980000000579, -7.827530000000752 ], [ 110.43817999999915, -7.827579999999498 ], [ 110.438399999999049, -7.82756 ], [ 110.438620000000782, -7.827590000001062 ], [ 110.438819999999353, -7.827649999999545 ], [ 110.43911999999905, -7.827730000001151 ], [ 110.439329999999202, -7.827770000000155 ], [ 110.439469999999304, -7.827929999999735 ], [ 110.439619999999167, -7.828079999999598 ], [ 110.439749999999506, -7.828219999999696 ], [ 110.439889999999622, -7.828299999999484 ], [ 110.440179999999572, -7.828170000000957 ], [ 110.440329999999406, -7.8282000000002 ], [ 110.440529999999825, -7.828250000000761 ], [ 110.440699999999154, -7.82828 ], [ 110.44083999999927, -7.828190000000457 ], [ 110.440850000000836, -7.828009999999547 ], [ 110.440860000000583, -7.827880000001014 ], [ 110.440870000000317, -7.827750000000651 ], [ 110.440850000000836, -7.827569999999738 ], [ 110.440850000000836, -7.827359999999589 ], [ 110.44080000000028, -7.827180000000503 ], [ 110.440769999999219, -7.82706 ], [ 110.440870000000317, -7.826960000000597 ], [ 110.441010000000418, -7.826880000000812 ], [ 110.441140000000786, -7.826880000000799 ], [ 110.441269999999307, -7.826870000001052 ], [ 110.441399999999675, -7.826849999999745 ], [ 110.441520000000267, -7.826919999999794 ], [ 110.441629999999307, -7.827050000000154 ], [ 110.441720000000686, -7.827170000000757 ], [ 110.441860000000773, -7.82734 ], [ 110.441930000000823, -7.827400000000393 ], [ 110.442650000000839, -7.827400000000393 ], [ 110.443349999999512, -7.82734 ], [ 110.443859999999376, -7.827400000000408 ], [ 110.444069999999513, -7.827439999999387 ], [ 110.444260000000185, -7.827419999999887 ], [ 110.44434, -7.827289999999537 ], [ 110.444369999999211, -7.827110000000447 ], [ 110.444429999999514, -7.826849999999736 ], [ 110.444369999999211, -7.826390000000453 ], [ 110.44424000000069, -7.82626 ], [ 110.444059999999766, -7.826139999999492 ], [ 110.44391, -7.82605 ], [ 110.443830000000119, -7.825950000000651 ], [ 110.443730000000826, -7.825730000000747 ], [ 110.443699999999765, -7.8254 ], [ 110.443730000000826, -7.825269999999641 ], [ 110.443869999999123, -7.825230000000647 ], [ 110.44400999999921, -7.825250000000141 ], [ 110.444289999999413, -7.825199999999582 ], [ 110.444380000000777, -7.825090000000548 ], [ 110.444380000000777, -7.824919999999392 ], [ 110.444439999999261, -7.8241 ], [ 110.444489999999831, -7.823640000000806 ], [ 110.444519999999073, -7.823539999999682 ], [ 110.444649999999413, -7.823479999999384 ], [ 110.444789999999529, -7.823440000000391 ], [ 110.444980000000172, -7.823360000000593 ], [ 110.445019999999161, -7.823249999999732 ], [ 110.444910000000121, -7.822630000000849 ], [ 110.44484, -7.822190000001045 ], [ 110.444750000000525, -7.821990000000643 ], [ 110.444830000000337, -7.821780000000488 ], [ 110.445309999999111, -7.821700000000696 ], [ 110.445680000000678, -7.821630000000647 ], [ 110.446319999999076, -7.821669999999627 ], [ 110.44657, -7.821650000000138 ], [ 110.44673999999938, -7.821679999999385 ], [ 110.44686999999972, -7.82173 ], [ 110.44693, -7.821850000000539 ], [ 110.446939999999785, -7.821980000000899 ], [ 110.44693, -7.82209 ], [ 110.446990000000341, -7.822179999999481 ], [ 110.447089999999619, -7.822220000000292 ], [ 110.44731999999928, -7.822239999999786 ], [ 110.44765, -7.822290000000345 ], [ 110.44780999999962, -7.822350000000649 ], [ 110.448150000000126, -7.822370000000135 ], [ 110.448350000000531, -7.8223400000009 ], [ 110.448539999999383, -7.822330000001146 ], [ 110.448870000000142, -7.822430000000447 ], [ 110.449000000000481, -7.822539999999482 ], [ 110.44909, -7.82266 ], [ 110.449179999999586, -7.822840000000999 ], [ 110.449249999999623, -7.82298000000111 ], [ 110.449370000000229, -7.823060000000906 ], [ 110.449609999999623, -7.823050000001146 ], [ 110.449749999999739, -7.823099999999886 ], [ 110.449940000000382, -7.823140000000694 ], [ 110.450199999999271, -7.82317 ], [ 110.450370000000447, -7.823210000000747 ], [ 110.450549999999524, -7.823249999999731 ], [ 110.450769999999437, -7.823329999999529 ], [ 110.450999999999084, -7.823459999999883 ], [ 110.451329999999842, -7.823500000000697 ], [ 110.451559999999475, -7.82353 ], [ 110.452010000000854, -7.8236 ], [ 110.452269999999743, -7.823609999999739 ], [ 110.452540000000198, -7.82353 ] ] ] } },
{ "type": "Feature", "properties": { "KECAMATAN": "Banguntapan", "DESA": "Potorono", "Sektor": "Banguntapan" }, "geometry": { "type": "Polygon", "coordinates": [ [ [ 110.429969999999201, -7.835429999999462 ], [ 110.429889999999403, -7.835390000000455 ], [ 110.429739999999541, -7.835460000000514 ], [ 110.429589999999706, -7.835419999999713 ], [ 110.429350000000312, -7.835320000000414 ], [ 110.429169999999388, -7.835290000001171 ], [ 110.429029999999301, -7.835380000000709 ], [ 110.428939999999756, -7.83555 ], [ 110.428900000000752, -7.835900000000317 ], [ 110.42893, -7.836250000000562 ], [ 110.42893, -7.836520000001024 ], [ 110.428939999999756, -7.836880000001014 ], [ 110.42895999999925, -7.8371599999994 ], [ 110.428949999999503, -7.837439999999599 ], [ 110.428939999999756, -7.837649999999752 ], [ 110.428879999999438, -7.838 ], [ 110.428840000000449, -7.83822999999966 ], [ 110.428809999999388, -7.838550000000669 ], [ 110.428659999999553, -7.838980000000716 ], [ 110.428560000000246, -7.839070000000274 ], [ 110.427680000000649, -7.839180000001137 ], [ 110.427449999999197, -7.839220000000117 ], [ 110.4272, -7.839220000000113 ], [ 110.427009999999385, -7.83925000000117 ], [ 110.426779999999752, -7.839309999999657 ], [ 110.426670000000698, -7.839410000000767 ], [ 110.426520000000863, -7.839630000000672 ], [ 110.426419999999737, -7.839749999999464 ], [ 110.426260000000156, -7.839770000000773 ], [ 110.425970000000191, -7.839739999999712 ], [ 110.425800000000848, -7.839739999999704 ], [ 110.425779999999534, -7.839980000000928 ], [ 110.42576, -7.840200000000817 ], [ 110.425730000000797, -7.84045 ], [ 110.425719999999231, -7.840640000000623 ], [ 110.425709999999484, -7.84081 ], [ 110.42564999999918, -7.8411 ], [ 110.425579999999144, -7.841300000000321 ], [ 110.425489999999584, -7.841590000000275 ], [ 110.425440000000847, -7.841839999999417 ], [ 110.425440000000847, -7.842000000000835 ], [ 110.42562, -7.84207000000088 ], [ 110.425830000000104, -7.842060000001136 ], [ 110.42605, -7.842090000000374 ], [ 110.426310000000697, -7.842140000000926 ], [ 110.426559999999853, -7.842100000000118 ], [ 110.42677, -7.842100000000118 ], [ 110.426960000000648, -7.842150000000671 ], [ 110.42713, -7.84232999999977 ], [ 110.427159999999247, -7.84268 ], [ 110.427190000000309, -7.842880000000433 ], [ 110.427390000000713, -7.843199999999618 ], [ 110.427659999999335, -7.843370000000774 ], [ 110.42792, -7.843500000001135 ], [ 110.428130000000209, -7.84347 ], [ 110.428239999999235, -7.84326 ], [ 110.428260000000549, -7.843100000000327 ], [ 110.428340000000361, -7.84297 ], [ 110.428560000000246, -7.843000000001025 ], [ 110.428760000000651, -7.842979999999717 ], [ 110.428939999999756, -7.843129999999561 ], [ 110.429009999999806, -7.84333 ], [ 110.42895999999925, -7.843590000000683 ], [ 110.428949999999503, -7.84380000000084 ], [ 110.428939999999756, -7.844080000001032 ], [ 110.429009999999806, -7.844380000000741 ], [ 110.429009999999806, -7.844590000000876 ], [ 110.428869999999691, -7.84477 ], [ 110.428610000000802, -7.844849999999767 ], [ 110.42828, -7.844849999999778 ], [ 110.428250000000801, -7.845009999999373 ], [ 110.42821, -7.845289999999579 ], [ 110.428200000000245, -7.845550000000273 ], [ 110.428299999999538, -7.84592 ], [ 110.428410000000412, -7.84628 ], [ 110.4283099999993, -7.846270000000285 ], [ 110.42801999999935, -7.846240000001031 ], [ 110.427680000000649, -7.846229999999466 ], [ 110.427509999999501, -7.846340000000335 ], [ 110.42727, -7.8465 ], [ 110.427030000000698, -7.846420000000125 ], [ 110.42684, -7.846320000000832 ], [ 110.426559999999853, -7.84628 ], [ 110.426299999999131, -7.846200000000233 ], [ 110.426069999999484, -7.846050000000372 ], [ 110.42591, -7.845880000001045 ], [ 110.425800000000848, -7.845680000000629 ], [ 110.425670000000494, -7.845670000000884 ], [ 110.425530000000407, -7.845770000000181 ], [ 110.42533999999975, -7.845820000000733 ], [ 110.425170000000392, -7.845810000000982 ], [ 110.424849999999381, -7.845760000000432 ], [ 110.424380000000355, -7.845620000000324 ], [ 110.423919999999228, -7.845470000000475 ], [ 110.423370000000403, -7.845349999999878 ], [ 110.422889999999782, -7.84524000000083 ], [ 110.422399999999428, -7.845120000000225 ], [ 110.421840000000856, -7.845050000000173 ], [ 110.421350000000487, -7.844960000000634 ], [ 110.420899999999136, -7.844810000000775 ], [ 110.420529999999374, -7.844660000000935 ], [ 110.420089999999576, -7.844520000000839 ], [ 110.419630000000296, -7.844419999999721 ], [ 110.419270000000282, -7.844330000000173 ], [ 110.419089999999386, -7.844289999999365 ], [ 110.41885, -7.844220000001137 ], [ 110.418600000000836, -7.844110000000269 ], [ 110.418400000000446, -7.84405999999972 ], [ 110.418180000000547, -7.84401000000099 ], [ 110.417740000000734, -7.843860000001144 ], [ 110.417709999999673, -7.84370999999947 ], [ 110.4177, -7.843500000001138 ], [ 110.4177, -7.843339999999714 ], [ 110.417740000000734, -7.843150000000886 ], [ 110.417789999999485, -7.842870000000675 ], [ 110.417799999999232, -7.842689999999761 ], [ 110.417810000000799, -7.842490000001185 ], [ 110.417799999999232, -7.842310000000277 ], [ 110.417789999999485, -7.842119999999612 ], [ 110.417799999999232, -7.841930000000776 ], [ 110.41771999999942, -7.84185000000098 ], [ 110.417559999999838, -7.841839999999419 ], [ 110.417400000000228, -7.84182 ], [ 110.417250000000394, -7.841640000000827 ], [ 110.417279999999622, -7.841410000001186 ], [ 110.41735999999942, -7.841090000000173 ], [ 110.417419999999723, -7.840870000000264 ], [ 110.417450000000798, -7.840630000000868 ], [ 110.417499999999535, -7.840410000000973 ], [ 110.417559999999838, -7.840150000000263 ], [ 110.417559999999838, -7.839949999999868 ], [ 110.417419999999723, -7.8398 ], [ 110.417180000000343, -7.839690000000974 ], [ 110.416950000000696, -7.839640000000425 ], [ 110.416670000000479, -7.839550000000882 ], [ 110.416359999999216, -7.839490000000578 ], [ 110.416209999999381, -7.839540000001127 ], [ 110.416180000000125, -7.839640000000416 ], [ 110.416119999999822, -7.839830000001076 ], [ 110.415989999999482, -7.840010000000169 ], [ 110.415810000000377, -7.840120000001032 ], [ 110.415759999999821, -7.84023999999981 ], [ 110.415769999999569, -7.840360000000416 ], [ 110.415909999999684, -7.84052 ], [ 110.415979999999735, -7.840679999999614 ], [ 110.41596000000024, -7.84081 ], [ 110.415890000000189, -7.841039999999604 ], [ 110.415820000000124, -7.84117 ], [ 110.415740000000326, -7.841420000000924 ], [ 110.415709999999279, -7.841560000001026 ], [ 110.415699999999532, -7.841730000000378 ], [ 110.415689999999785, -7.84203 ], [ 110.415650000000795, -7.842189999999674 ], [ 110.415569999999164, -7.842360000000832 ], [ 110.415370000000593, -7.842469999999875 ], [ 110.415160000000427, -7.842479999999621 ], [ 110.41493000000078, -7.842460000000123 ], [ 110.414650000000591, -7.842360000000831 ], [ 110.414389999999884, -7.84225999999972 ], [ 110.414119999999429, -7.842199999999424 ], [ 110.41395, -7.84225 ], [ 110.413909999999262, -7.842339999999514 ], [ 110.413920000000829, -7.842469999999867 ], [ 110.413920000000829, -7.843049999999759 ], [ 110.413899999999515, -7.843279999999422 ], [ 110.413650000000374, -7.843530000000372 ], [ 110.413309999999868, -7.843549999999866 ], [ 110.412969999999362, -7.843520000000624 ], [ 110.412480000000841, -7.843440000000824 ], [ 110.412169999999577, -7.843310000000474 ], [ 110.411860000000132, -7.843240000000431 ], [ 110.411570000000182, -7.843180000000118 ], [ 110.411389999999258, -7.843199999999617 ], [ 110.411350000000283, -7.843320000000218 ], [ 110.411309999999474, -7.843540000000126 ], [ 110.41129, -7.843810000000584 ], [ 110.411280000000232, -7.84398 ], [ 110.411190000000673, -7.84441 ], [ 110.411149999999864, -7.844709999999678 ], [ 110.411120000000622, -7.844890000000585 ], [ 110.411079999999814, -7.845160000001032 ], [ 110.41107, -7.845330000000378 ], [ 110.411040000000838, -7.84556 ], [ 110.410990000000282, -7.84581000000099 ], [ 110.410959999999221, -7.84600999999958 ], [ 110.410959999999221, -7.846240000001031 ], [ 110.41093, -7.846530000000985 ], [ 110.410900000000723, -7.846760000000625 ], [ 110.410869999999662, -7.847 ], [ 110.410819999999106, -7.847229999999668 ], [ 110.410799999999611, -7.847529999999368 ], [ 110.410780000000116, -7.84779 ], [ 110.410749999999055, -7.84798000000074 ], [ 110.410729999999575, -7.84828000000044 ], [ 110.410719999999827, -7.84849000000058 ], [ 110.410579999999712, -7.848910000000895 ], [ 110.410509999999661, -7.848969999999377 ], [ 110.41042000000013, -7.84902 ], [ 110.410270000000267, -7.849109999999484 ], [ 110.410019999999321, -7.849080000000226 ], [ 110.409910000000266, -7.849039999999423 ], [ 110.409610000000569, -7.848920000000632 ], [ 110.409289999999558, -7.848840000000843 ], [ 110.408999999999608, -7.848720000000237 ], [ 110.408750000000481, -7.848650000000187 ], [ 110.408470000000278, -7.84857000000039 ], [ 110.408180000000328, -7.848500000000324 ], [ 110.40784999999957, -7.84844 ], [ 110.407639999999418, -7.848360000000242 ], [ 110.407370000000768, -7.848249999999379 ], [ 110.407219999999114, -7.84815 ], [ 110.406960000000225, -7.847910000000692 ], [ 110.406660000000528, -7.84773999999953 ], [ 110.40629000000078, -7.847669999999469 ], [ 110.40603, -7.847680000001042 ], [ 110.405740000000122, -7.847630000000481 ], [ 110.405469999999653, -7.847560000000436 ], [ 110.405109999999667, -7.847449999999572 ], [ 110.404920000000814, -7.847369999999783 ], [ 110.404679999999601, -7.84720000000044 ], [ 110.4045399999995, -7.846960000001041 ], [ 110.40440999999916, -7.846680000000841 ], [ 110.40445, -7.846490000000186 ], [ 110.404529999999767, -7.846369999999579 ], [ 110.404599999999803, -7.846100000000927 ], [ 110.404669999999854, -7.845980000000328 ], [ 110.404839999999211, -7.845750000000685 ], [ 110.404979999999298, -7.845600000000839 ], [ 110.405220000000512, -7.845390000000685 ], [ 110.40546, -7.845110000000472 ], [ 110.405510000000461, -7.844890000000587 ], [ 110.405520000000209, -7.844730000000978 ], [ 110.405489999999148, -7.844499999999515 ], [ 110.405520000000209, -7.844209999999562 ], [ 110.405539999999704, -7.843960000000425 ], [ 110.405590000000259, -7.84376 ], [ 110.405660000000324, -7.843549999999868 ], [ 110.405699999999314, -7.843360000001036 ], [ 110.405790000000664, -7.843189999999874 ], [ 110.405880000000209, -7.843059999999523 ], [ 110.406049999999567, -7.842839999999613 ], [ 110.406170000000159, -7.84261 ], [ 110.406230000000463, -7.842339999999522 ], [ 110.406220000000715, -7.842160000000418 ], [ 110.406150000000665, -7.841940000000523 ], [ 110.406080000000628, -7.841759999999617 ], [ 110.40595000000026, -7.841590000000272 ], [ 110.405829999999654, -7.84138000000012 ], [ 110.40571000000088, -7.841119999999412 ], [ 110.405689999999566, -7.840980000001137 ], [ 110.40571000000088, -7.840730000000169 ], [ 110.40574999999987, -7.84052 ], [ 110.405870000000462, -7.840490000000781 ], [ 110.40582, -7.84019000000108 ], [ 110.405880000000209, -7.840000000000427 ], [ 110.40596, -7.839760000001027 ], [ 110.406059999999314, -7.839500000000314 ], [ 110.406170000000159, -7.839290000000171 ], [ 110.406349999999264, -7.83905000000077 ], [ 110.406460000000109, -7.838920000000422 ], [ 110.406660000000528, -7.838710000000267 ], [ 110.406829999999857, -7.838420000000324 ], [ 110.406929999999164, -7.83817000000117 ], [ 110.407080000000818, -7.837830000000677 ], [ 110.407230000000681, -7.837600000001018 ], [ 110.407370000000768, -7.837369999999555 ], [ 110.4074, -7.837159999999414 ], [ 110.407310000000479, -7.836880000001032 ], [ 110.407240000000428, -7.836610000000577 ], [ 110.407149999999049, -7.836180000000519 ], [ 110.40711, -7.835900000000317 ], [ 110.407080000000818, -7.835569999999547 ], [ 110.407059999999504, -7.835330000000169 ], [ 110.407010000000781, -7.835030000000462 ], [ 110.406999999999215, -7.83483 ], [ 110.406960000000225, -7.834549999999862 ], [ 110.406960000000225, -7.834320000000213 ], [ 110.40697999999972, -7.834059999999495 ], [ 110.407020000000529, -7.833769999999554 ], [ 110.406999999999215, -7.833590000000457 ], [ 110.407119999999807, -7.833619999999697 ], [ 110.407349999999454, -7.833629999999447 ], [ 110.407649999999151, -7.83361 ], [ 110.408020000000718, -7.833570000000965 ], [ 110.408400000000213, -7.833640000001015 ], [ 110.408729999999153, -7.833629999999458 ], [ 110.40906, -7.833600000000203 ], [ 110.409379999999118, -7.833590000000455 ], [ 110.409649999999559, -7.833570000000967 ], [ 110.409859999999711, -7.833549999999645 ], [ 110.410069999999877, -7.833549999999657 ], [ 110.410410000000383, -7.833600000000203 ], [ 110.410659999999524, -7.833710000001061 ], [ 110.410970000000788, -7.833860000000921 ], [ 110.411109999999056, -7.83397 ], [ 110.411179999999106, -7.834250000000159 ], [ 110.41122, -7.834510000000864 ], [ 110.41122, -7.834660000000711 ], [ 110.411379999999511, -7.83476 ], [ 110.411710000000269, -7.834810000000568 ], [ 110.41201, -7.834860000001123 ], [ 110.412290000000183, -7.834930000001165 ], [ 110.41266, -7.834979999999899 ], [ 110.413179999999528, -7.83512 ], [ 110.413560000000828, -7.83520999999956 ], [ 110.413930000000576, -7.835290000001175 ], [ 110.414280000000829, -7.835349999999659 ], [ 110.414660000000339, -7.835429999999461 ], [ 110.414969999999784, -7.835499999999497 ], [ 110.41522000000073, -7.835359999999408 ], [ 110.415290000000795, -7.835150000001068 ], [ 110.415339999999532, -7.834880000000606 ], [ 110.415429999999063, -7.83462 ], [ 110.415569999999164, -7.834320000000203 ], [ 110.415650000000795, -7.83404999999975 ], [ 110.415730000000579, -7.833670000000257 ], [ 110.415740000000326, -7.833559999999403 ], [ 110.416180000000125, -7.832340000001124 ], [ 110.416189999999872, -7.83217 ], [ 110.416359999999216, -7.832050000001165 ], [ 110.416639999999433, -7.831980000001118 ], [ 110.416909999999888, -7.831930000000566 ], [ 110.41706999999947, -7.831780000000704 ], [ 110.41712, -7.831500000000503 ], [ 110.41712, -7.831050000000963 ], [ 110.417240000000646, -7.830790000000246 ], [ 110.41748, -7.830760000001014 ], [ 110.41800999999937, -7.83086000000031 ], [ 110.418330000000381, -7.830920000000615 ], [ 110.418669999999068, -7.830910000000853 ], [ 110.4191100000007, -7.830959999999592 ], [ 110.419379999999336, -7.831010000000147 ], [ 110.419939999999741, -7.831080000000209 ], [ 110.420130000000384, -7.83102 ], [ 110.420350000000298, -7.830850000000549 ], [ 110.420519999999627, -7.830669999999648 ], [ 110.42058, -7.830430000000251 ], [ 110.420550000000702, -7.830040000001008 ], [ 110.420509999999879, -7.829570000000155 ], [ 110.420490000000385, -7.82907 ], [ 110.420439999999829, -7.828610000000761 ], [ 110.420449999999576, -7.828200000000196 ], [ 110.420519999999627, -7.827779999999898 ], [ 110.42066999999949, -7.827419999999896 ], [ 110.42094, -7.827030000000649 ], [ 110.42124999999939, -7.826629999999839 ], [ 110.421589999999895, -7.826269999999838 ], [ 110.422039999999427, -7.825839999999793 ], [ 110.422430000000503, -7.825269999999638 ], [ 110.422699999999125, -7.8249400000007 ], [ 110.422959999999833, -7.82446 ], [ 110.423199999999227, -7.823870000000444 ], [ 110.423440000000454, -7.823660000000292 ], [ 110.423979999999545, -7.82353999999968 ], [ 110.424300000000557, -7.823450000000151 ], [ 110.424409999999583, -7.823249999999734 ], [ 110.42436000000086, -7.82266 ], [ 110.42432, -7.822280000000588 ], [ 110.424290000000809, -7.82216 ], [ 110.424629999999496, -7.822290000000338 ], [ 110.424880000000442, -7.82245 ], [ 110.425160000000645, -7.822420000000688 ], [ 110.42559000000071, -7.82245 ], [ 110.425869999999094, -7.822570000000544 ], [ 110.426079999999232, -7.822580000000293 ], [ 110.426349999999687, -7.822370000000144 ], [ 110.426520000000863, -7.822430000000434 ], [ 110.4267899999995, -7.822580000000285 ], [ 110.427219999999537, -7.82266 ], [ 110.427600000000851, -7.82266 ], [ 110.428110000000714, -7.822819999999685 ], [ 110.428379999999351, -7.822990000000858 ], [ 110.42850999999969, -7.82323000000025 ], [ 110.428449999999387, -7.823700000001097 ], [ 110.428449999999387, -7.824179999999883 ], [ 110.428480000000448, -7.82468 ], [ 110.42843, -7.825000000000997 ], [ 110.428449999999387, -7.82533 ], [ 110.428270000000296, -7.82583 ], [ 110.428050000000411, -7.826250000000348 ], [ 110.427910000000296, -7.826460000000499 ], [ 110.427620000000346, -7.8269199999998 ], [ 110.427369999999385, -7.827359999999596 ], [ 110.4271499999995, -7.827820000000709 ], [ 110.42713, -7.82806 ], [ 110.427159999999247, -7.82825000000075 ], [ 110.427480000000259, -7.828429999999838 ], [ 110.427770000000208, -7.828480000000409 ], [ 110.428260000000549, -7.828810000001167 ], [ 110.428620000000549, -7.829089999999542 ], [ 110.429179999999135, -7.82943 ], [ 110.429509999999894, -7.829589999999652 ], [ 110.429949999999707, -7.829669999999449 ], [ 110.430220000000162, -7.829700000000509 ], [ 110.430609999999405, -7.829799999999805 ], [ 110.430809999999809, -7.82994 ], [ 110.43087999999986, -7.830200000000604 ], [ 110.430860000000365, -7.830840000000816 ], [ 110.430889999999607, -7.83123 ], [ 110.430979999999138, -7.831700000000917 ], [ 110.4310100000002, -7.83199000000086 ], [ 110.430979999999138, -7.832490000000965 ], [ 110.430819999999557, -7.83260999999975 ], [ 110.430819999999557, -7.832870000000463 ], [ 110.4307900000003, -7.833130000001168 ], [ 110.430739999999744, -7.833370000000553 ], [ 110.430599999999657, -7.833769999999547 ], [ 110.430510000000112, -7.833940000000706 ], [ 110.430379999999744, -7.834199999999595 ], [ 110.430249999999404, -7.83445000000057 ], [ 110.43015, -7.834680000000208 ], [ 110.430039999999238, -7.834989999999648 ], [ 110.429969999999201, -7.835429999999462 ] ] ] } },
{ "type": "Feature", "properties": { "KECAMATAN": "Sewon", "DESA": "Bangunharjo", "Sektor": "Kasihan" }, "geometry": { "type": "Polygon", "coordinates": [ [ [ 110.375130000000311, -7.824430000000847 ], [ 110.375110000000817, -7.825450000000548 ], [ 110.375110000000817, -7.825989999999647 ], [ 110.375200000000362, -7.826170000000548 ], [ 110.375319999999164, -7.826300000000902 ], [ 110.37565, -7.826660000000912 ], [ 110.375819999999251, -7.82684 ], [ 110.375879999999569, -7.827010000001157 ], [ 110.37591000000063, -7.827310000000848 ], [ 110.375840000000579, -7.828060000000102 ], [ 110.375739999999453, -7.828390000000857 ], [ 110.375749999999201, -7.82857 ], [ 110.375830000000818, -7.82876000000061 ], [ 110.375889999999316, -7.828960000001016 ], [ 110.37586, -7.829079999999789 ], [ 110.375609999999114, -7.829439999999794 ], [ 110.375, -7.82922 ], [ 110.374840000000361, -7.829589999999644 ], [ 110.374840000000361, -7.829780000000303 ], [ 110.374910000000426, -7.830019999999697 ], [ 110.374970000000729, -7.83018000000112 ], [ 110.374990000000224, -7.830389999999452 ], [ 110.37509999999925, -7.830710000000466 ], [ 110.375169999999301, -7.831029999999647 ], [ 110.375210000000109, -7.831529999999753 ], [ 110.375229999999618, -7.831910000001065 ], [ 110.375299999999669, -7.832319999999803 ], [ 110.375439999999756, -7.832580000000502 ], [ 110.375589999999619, -7.832780000000906 ], [ 110.375819999999251, -7.832899999999699 ], [ 110.376770000000718, -7.83267999999981 ], [ 110.376630000000617, -7.83303 ], [ 110.376399999999151, -7.833380000000302 ], [ 110.376039999999151, -7.833660000000518 ], [ 110.375739999999453, -7.833909999999658 ], [ 110.375439999999756, -7.834320000000205 ], [ 110.3753899999992, -7.834660000000724 ], [ 110.37543, -7.835269999999862 ], [ 110.375560000000377, -7.835580000001124 ], [ 110.375850000000327, -7.835929999999553 ], [ 110.376109999999201, -7.836090000000968 ], [ 110.376290000000111, -7.836400000000411 ], [ 110.376379999999656, -7.836799999999405 ], [ 110.376360000000162, -7.83714 ], [ 110.376210000000327, -7.837470000000669 ], [ 110.376000000000161, -7.837840000000413 ], [ 110.375879999999569, -7.83807 ], [ 110.375659999999669, -7.838439999999816 ], [ 110.375509999999807, -7.838780000000315 ], [ 110.375470000000817, -7.839050000000775 ], [ 110.375659999999669, -7.83942000000052 ], [ 110.37586, -7.83978000000053 ], [ 110.376109999999201, -7.84002 ], [ 110.376280000000378, -7.84005000000098 ], [ 110.376659999999859, -7.839930000000363 ], [ 110.376969999999304, -7.8398 ], [ 110.377399999999369, -7.839620000000922 ], [ 110.37781, -7.839529999999562 ], [ 110.378280000000771, -7.83937999999972 ], [ 110.378619999999458, -7.839260000000919 ], [ 110.378860000000671, -7.839190000000873 ], [ 110.379339999999473, -7.839130000000569 ], [ 110.37969999999946, -7.839019999999712 ], [ 110.379800000000571, -7.839360000000224 ], [ 110.379999999999171, -7.839930000000363 ], [ 110.380160000000572, -7.840440000000223 ], [ 110.380310000000435, -7.841000000000628 ], [ 110.380419999999461, -7.84146 ], [ 110.380520000000587, -7.841899999999708 ], [ 110.38061999999988, -7.842269999999463 ], [ 110.380730000000725, -7.842600000000224 ], [ 110.380820000000284, -7.842979999999721 ], [ 110.38090999999983, -7.843360000001033 ], [ 110.380979999999866, -7.843720000001041 ], [ 110.380989999999613, -7.843999999999416 ], [ 110.380970000000119, -7.844260000000127 ], [ 110.380849999999526, -7.844680000000424 ], [ 110.380730000000725, -7.84491 ], [ 110.380610000000132, -7.845170000000779 ], [ 110.380569999999324, -7.84542 ], [ 110.380709999999411, -7.845660000001139 ], [ 110.380960000000371, -7.845830000000477 ], [ 110.381250000000335, -7.845770000000186 ], [ 110.381470000000235, -7.845770000000178 ], [ 110.381470000000235, -7.84592 ], [ 110.381380000000675, -7.84631000000109 ], [ 110.381349999999614, -7.846680000000835 ], [ 110.381320000000372, -7.84707 ], [ 110.381209999999527, -7.847420000000333 ], [ 110.381079999999159, -7.847820000001148 ], [ 110.380939999999072, -7.84801 ], [ 110.380699999999663, -7.848110000001092 ], [ 110.380279999999374, -7.848120000000841 ], [ 110.380010000000738, -7.84837 ], [ 110.37997, -7.848900000001144 ], [ 110.379919999999373, -7.849510000000291 ], [ 110.379880000000384, -7.850130000000999 ], [ 110.379880000000384, -7.8506 ], [ 110.379880000000384, -7.85094000000054 ], [ 110.379859999999056, -7.851109999999878 ], [ 110.379660000000484, -7.851199999999432 ], [ 110.37939, -7.851189999999683 ], [ 110.379290000000736, -7.851170000000185 ], [ 110.37867, -7.851100000000134 ], [ 110.378300000000266, -7.851000000000836 ], [ 110.377679999999557, -7.850940000000546 ], [ 110.377220000000264, -7.85089 ], [ 110.376910000000834, -7.85083999999943 ], [ 110.376669999999606, -7.850790000000692 ], [ 110.376280000000378, -7.8507900000007 ], [ 110.375780000000262, -7.850759999999633 ], [ 110.375470000000817, -7.850759999999633 ], [ 110.375350000000225, -7.850899999999726 ], [ 110.37536, -7.851339999999537 ], [ 110.375449999999503, -7.85175 ], [ 110.375640000000175, -7.852170000000382 ], [ 110.375729999999706, -7.852530000000392 ], [ 110.375770000000514, -7.85287000000089 ], [ 110.37591000000063, -7.853269999999881 ], [ 110.375949999999619, -7.85344000000105 ], [ 110.376029999999403, -7.853600000000644 ], [ 110.375889999999316, -7.85370999999969 ], [ 110.375830000000818, -7.854069999999681 ], [ 110.375749999999201, -7.854400000000435 ], [ 110.375749999999201, -7.854750000000694 ], [ 110.37586, -7.85514 ], [ 110.376029999999403, -7.855509999999686 ], [ 110.376130000000515, -7.85607 ], [ 110.37615, -7.856560000000446 ], [ 110.376179999999266, -7.856970000001008 ], [ 110.376169999999519, -7.857420000000556 ], [ 110.376190000000832, -7.8578 ], [ 110.376290000000111, -7.858260000001158 ], [ 110.376449999999707, -7.85867999999964 ], [ 110.376550000000833, -7.859010000000407 ], [ 110.376679999999354, -7.859380000000156 ], [ 110.37688999999952, -7.85979000000071 ], [ 110.377119999999167, -7.860090000000397 ], [ 110.377329999999304, -7.860230000000501 ], [ 110.37714000000048, -7.86025 ], [ 110.37694, -7.86032 ], [ 110.376669999999606, -7.860280000001059 ], [ 110.37656000000058, -7.859990000001106 ], [ 110.376389999999404, -7.85978000000095 ], [ 110.37608, -7.8597699999994 ], [ 110.375609999999114, -7.859790000000708 ], [ 110.375270000000427, -7.859800000000449 ], [ 110.375130000000311, -7.859640000000861 ], [ 110.375130000000311, -7.859230000000306 ], [ 110.37509999999925, -7.85865000000041 ], [ 110.375120000000564, -7.85682000000115 ], [ 110.37493, -7.856560000000443 ], [ 110.37457, -7.856589999999684 ], [ 110.374359999999768, -7.856710000000292 ], [ 110.374289999999718, -7.856980000000751 ], [ 110.374309999999213, -7.857420000000555 ], [ 110.374369999999516, -7.857760000001048 ], [ 110.374429999999805, -7.858130000000805 ], [ 110.374379999999263, -7.858469999999484 ], [ 110.374069999999818, -7.858720000000456 ], [ 110.373770000000121, -7.858790000000495 ], [ 110.373359999999565, -7.85881 ], [ 110.372950000000813, -7.858780000000749 ], [ 110.37250999999921, -7.858860000000549 ], [ 110.372289999999296, -7.859000000000663 ], [ 110.372059999999649, -7.859109999999688 ], [ 110.371849999999512, -7.859280000000852 ], [ 110.3717699999997, -7.859679999999843 ], [ 110.3717699999997, -7.860080000000664 ], [ 110.37183, -7.860570000001014 ], [ 110.371909999999815, -7.861000000001059 ], [ 110.372009999999094, -7.861409999999797 ], [ 110.372030000000407, -7.86224000000065 ], [ 110.372040000000155, -7.86247000000031 ], [ 110.37169, -7.862470000000306 ], [ 110.371510000000825, -7.862400000000252 ], [ 110.371230000000622, -7.86248 ], [ 110.371059999999446, -7.862830000000313 ], [ 110.371119999999749, -7.863110000000514 ], [ 110.370929999999106, -7.863390000000713 ], [ 110.370699999999445, -7.863450000001011 ], [ 110.370409999999495, -7.86366000000116 ], [ 110.370339999999459, -7.864030000000911 ], [ 110.370300000000469, -7.86436999999961 ], [ 110.370160000000354, -7.864750000000917 ], [ 110.369969999999711, -7.865159999999647 ], [ 110.369479999999342, -7.865480000000661 ], [ 110.36924, -7.865589999999702 ], [ 110.369140000000669, -7.86529 ], [ 110.369220000000453, -7.864920000000252 ], [ 110.369280000000757, -7.864470000000709 ], [ 110.369479999999342, -7.863960000000858 ], [ 110.369580000000454, -7.863509999999495 ], [ 110.369529999999898, -7.863270000000103 ], [ 110.369249999999695, -7.863149999999498 ], [ 110.368800000000164, -7.863069999999704 ], [ 110.368049999999087, -7.862960000000664 ], [ 110.367669999999592, -7.862900000000361 ], [ 110.367360000000147, -7.862859999999545 ], [ 110.36722, -7.863009999999401 ], [ 110.367029999999389, -7.863579999999548 ], [ 110.366969999999085, -7.86402000000117 ], [ 110.366900000000868, -7.864380000001173 ], [ 110.366700000000449, -7.864490000000214 ], [ 110.366410000000499, -7.864519999999458 ], [ 110.366270000000412, -7.864589999999497 ], [ 110.366260000000665, -7.86489000000102 ], [ 110.366309999999402, -7.865180000000975 ], [ 110.366319999999149, -7.865560000000472 ], [ 110.366229999999604, -7.865970000001024 ], [ 110.366099999999236, -7.866420000000557 ], [ 110.365540000000649, -7.86659 ], [ 110.365089999999299, -7.866690000001023 ], [ 110.364929999999688, -7.867080000000267 ], [ 110.364690000000309, -7.867399999999455 ], [ 110.364289999999485, -7.867410000001025 ], [ 110.363890000000495, -7.867329999999406 ], [ 110.363849999999701, -7.867249999999611 ], [ 110.363919999999737, -7.866889999999602 ], [ 110.363970000000293, -7.866490000000621 ], [ 110.364009999999283, -7.86601 ], [ 110.363900000000243, -7.865710000000314 ], [ 110.363520000000761, -7.865610000001012 ], [ 110.363069999999382, -7.865589999999706 ], [ 110.362629999999584, -7.865620000000771 ], [ 110.362230000000608, -7.86558 ], [ 110.361919999999344, -7.86551 ], [ 110.361999999999142, -7.86536 ], [ 110.361989999999395, -7.86522 ], [ 110.36197, -7.865030000001115 ], [ 110.361909999999597, -7.864850000000208 ], [ 110.361740000000239, -7.864659999999549 ], [ 110.361469999999784, -7.864420000000155 ], [ 110.36139, -7.864270000000304 ], [ 110.361240000000137, -7.86399 ], [ 110.3611, -7.863770000000215 ], [ 110.361049999999494, -7.863509999999505 ], [ 110.361070000000808, -7.863240000000859 ], [ 110.361329999999697, -7.863090000001012 ], [ 110.361689999999697, -7.863110000000503 ], [ 110.361950000000405, -7.863050000000212 ], [ 110.36211, -7.862820000000549 ], [ 110.36210000000024, -7.862450000000804 ], [ 110.362049999999684, -7.862110000000305 ], [ 110.361740000000239, -7.861950000000714 ], [ 110.361419999999228, -7.862349999999696 ], [ 110.361199999999329, -7.862450000000818 ], [ 110.361020000000252, -7.862370000001006 ], [ 110.360940000000454, -7.862160000000867 ], [ 110.360930000000693, -7.861970000000201 ], [ 110.360979999999444, -7.86175000000031 ], [ 110.361179999999834, -7.861460000000351 ], [ 110.361489999999279, -7.861310000000505 ], [ 110.361899999999849, -7.861370000000814 ], [ 110.36218, -7.861460000000354 ], [ 110.362269999999597, -7.861339999999752 ], [ 110.362349999999381, -7.861010000000808 ], [ 110.36247, -7.860619999999752 ], [ 110.36251000000081, -7.860280000001056 ], [ 110.362279999999345, -7.859969999999798 ], [ 110.361849999999279, -7.859790000000705 ], [ 110.361349999999192, -7.859619999999539 ], [ 110.360860000000642, -7.859510000000507 ], [ 110.360399999999544, -7.85946 ], [ 110.359839999999124, -7.859329999999598 ], [ 110.359510000000199, -7.859319999999842 ], [ 110.359150000000199, -7.85917 ], [ 110.358729999999881, -7.859049999999381 ], [ 110.358379999999627, -7.858930000000599 ], [ 110.358299999999829, -7.858730000000194 ], [ 110.358519999999743, -7.85836000000045 ], [ 110.35852999999949, -7.858169999999797 ], [ 110.35822, -7.857910000000904 ], [ 110.358000000000132, -7.857690000001008 ], [ 110.357729999999677, -7.85766 ], [ 110.357330000000701, -7.857560000000644 ], [ 110.356869999999574, -7.857540000001161 ], [ 110.35671999999974, -7.857430000000302 ], [ 110.356700000000245, -7.857159999999843 ], [ 110.356830000000585, -7.856869999999884 ], [ 110.356929999999892, -7.856599999999434 ], [ 110.35700999999969, -7.856229999999693 ], [ 110.357159999999524, -7.856030000001098 ], [ 110.357439999999727, -7.855990000000286 ], [ 110.357749999999172, -7.856030000001102 ], [ 110.35808, -7.856019999999535 ], [ 110.358249999999288, -7.856350000000295 ], [ 110.358140000000233, -7.856900000000957 ], [ 110.358130000000486, -7.857229999999889 ], [ 110.358399999999122, -7.857470000001111 ], [ 110.358809999999693, -7.857449999999797 ], [ 110.359029999999578, -7.857270000000708 ], [ 110.359099999999643, -7.857019999999746 ], [ 110.359070000000386, -7.856739999999546 ], [ 110.35959, -7.856280000000247 ], [ 110.359809999999896, -7.856120000000645 ], [ 110.359809999999896, -7.855920000000252 ], [ 110.35973, -7.855579999999734 ], [ 110.359860000000438, -7.855170000000996 ], [ 110.360060000000857, -7.854939999999528 ], [ 110.360280000000742, -7.854620000000345 ], [ 110.360269999999176, -7.854320000000639 ], [ 110.36017999999963, -7.853980000000135 ], [ 110.360049999999291, -7.853510000001104 ], [ 110.359959999999731, -7.853209999999581 ], [ 110.359800000000149, -7.852919999999638 ], [ 110.359459999999643, -7.852800000000848 ], [ 110.359280000000538, -7.85298999999969 ], [ 110.3593, -7.853390000000488 ], [ 110.359189999999188, -7.853760000000235 ], [ 110.359039999999325, -7.85384 ], [ 110.358829999999188, -7.853820000000535 ], [ 110.358449999999692, -7.853800000001049 ], [ 110.35793, -7.853800000001053 ], [ 110.357540000000853, -7.853859999999527 ], [ 110.356889999999069, -7.853690000000181 ], [ 110.356980000000448, -7.853429999999477 ], [ 110.357379999999424, -7.852740000000546 ], [ 110.357659999999626, -7.852140000001146 ], [ 110.35787999999954, -7.8517100000011 ], [ 110.357980000000637, -7.851339999999539 ], [ 110.35787999999954, -7.851049999999582 ], [ 110.357889999999287, -7.850740000000138 ], [ 110.357760000000738, -7.850249999999775 ], [ 110.357809999999475, -7.84980000000024 ], [ 110.357889999999287, -7.849430000000489 ], [ 110.358109999999172, -7.849210000000593 ], [ 110.35852999999949, -7.849319999999635 ], [ 110.35894, -7.849539999999519 ], [ 110.359089999999895, -7.849940000000335 ], [ 110.359409999999087, -7.849930000000583 ], [ 110.35966, -7.849850000000784 ], [ 110.359979999999226, -7.849889999999778 ], [ 110.360070000000604, -7.849790000000494 ], [ 110.36033999999924, -7.849759999999418 ], [ 110.360689999999494, -7.849749999999686 ], [ 110.360969999999696, -7.849710000000696 ], [ 110.361339999999444, -7.84959 ], [ 110.36146, -7.849370000000179 ], [ 110.361549999999582, -7.849060000000734 ], [ 110.361759999999734, -7.848640000000443 ], [ 110.36197, -7.848159999999823 ], [ 110.36211, -7.847840000000635 ], [ 110.362320000000139, -7.847449999999569 ], [ 110.36222000000086, -7.847250000000993 ], [ 110.362020000000442, -7.84715999999963 ], [ 110.361629999999394, -7.847250000000995 ], [ 110.361329999999697, -7.847250000000991 ], [ 110.360899999999631, -7.847210000000186 ], [ 110.360420000000857, -7.847280000000236 ], [ 110.360199999999125, -7.847149999999885 ], [ 110.360300000000237, -7.846830000000691 ], [ 110.360849999999076, -7.845660000001134 ], [ 110.36123000000039, -7.844870000001089 ], [ 110.361670000000203, -7.843810000000573 ], [ 110.362329999999886, -7.842469999999873 ], [ 110.36254, -7.84189 ], [ 110.362440000000745, -7.84167 ], [ 110.362370000000695, -7.84153 ], [ 110.362440000000745, -7.841200000001024 ], [ 110.36247, -7.840899999999515 ], [ 110.36246000000024, -7.840580000000325 ], [ 110.36254, -7.840150000000264 ], [ 110.362730000000695, -7.8398 ], [ 110.362730000000695, -7.839519999999808 ], [ 110.362499999999244, -7.839350000000466 ], [ 110.362199999999547, -7.839490000000574 ], [ 110.361950000000405, -7.839400000001032 ], [ 110.361849999999279, -7.839229999999858 ], [ 110.361800000000542, -7.839050000000783 ], [ 110.361790000000795, -7.838739999999501 ], [ 110.361779999999229, -7.838130000000362 ], [ 110.36181000000029, -7.837690000000569 ], [ 110.36182, -7.837190000000461 ], [ 110.361890000000102, -7.836820000000712 ], [ 110.362209999999294, -7.836540000000519 ], [ 110.362419999999432, -7.836300000001126 ], [ 110.362590000000608, -7.83577 ], [ 110.3629, -7.8357 ], [ 110.363300000000848, -7.8358599999995 ], [ 110.363569999999484, -7.835870000001075 ], [ 110.363680000000343, -7.835639999999605 ], [ 110.363869999999181, -7.834890000000369 ], [ 110.36398, -7.834549999999858 ], [ 110.364390000000611, -7.834590000000662 ], [ 110.364760000000359, -7.834680000000213 ], [ 110.36492, -7.834430000001062 ], [ 110.364879999999133, -7.834070000001067 ], [ 110.364690000000309, -7.83366000000052 ], [ 110.364690000000309, -7.833380000000303 ], [ 110.364879999999133, -7.83300000000082 ], [ 110.365030000000814, -7.832730000000352 ], [ 110.365439999999538, -7.83246 ], [ 110.365480000000346, -7.83217 ], [ 110.36549, -7.83185000000076 ], [ 110.365499999999841, -7.831500000000503 ], [ 110.365610000000714, -7.831370000000156 ], [ 110.366050000000499, -7.831350000000651 ], [ 110.366550000000615, -7.831389999999648 ], [ 110.367029999999389, -7.831399999999402 ], [ 110.36708, -7.830749999999448 ], [ 110.367099999999439, -7.8299800000007 ], [ 110.367210000000313, -7.829159999999595 ], [ 110.36729, -7.828410000000359 ], [ 110.367430000000198, -7.827340000000105 ], [ 110.367469999999201, -7.82691 ], [ 110.368379999999846, -7.827069999999634 ], [ 110.368500000000466, -7.82662 ], [ 110.368780000000669, -7.825999999999381 ], [ 110.368790000000416, -7.82576 ], [ 110.368920000000756, -7.825440000000804 ], [ 110.368990000000807, -7.82533 ], [ 110.36916000000015, -7.825259999999885 ], [ 110.369440000000367, -7.825030000000254 ], [ 110.369570000000707, -7.824759999999793 ], [ 110.370000000000772, -7.82497 ], [ 110.370689999999712, -7.825210000001157 ], [ 110.371499999999259, -7.825390000000243 ], [ 110.371489999999511, -7.825709999999436 ], [ 110.37160000000037, -7.825800000000808 ], [ 110.371839999999764, -7.825769999999743 ], [ 110.37176, -7.825979999999887 ], [ 110.3717699999997, -7.82633000000014 ], [ 110.371880000000573, -7.826489999999735 ], [ 110.37205, -7.82648 ], [ 110.37226, -7.82637000000095 ], [ 110.372339999999852, -7.825800000000809 ], [ 110.372400000000155, -7.825510000000856 ], [ 110.373380000000878, -7.825370000000746 ], [ 110.373310000000814, -7.824370000000552 ], [ 110.37325000000051, -7.824000000000793 ], [ 110.373670000000828, -7.8241600000004 ], [ 110.373890000000713, -7.824329999999736 ], [ 110.37442, -7.824370000000552 ], [ 110.375130000000311, -7.824430000000847 ] ] ] } },
{ "type": "Feature", "properties": { "KECAMATAN": "Sewon", "DESA": "Panggungharjo", "Sektor": "Kasihan" }, "geometry": { "type": "Polygon", "coordinates": [ [ [ 110.367469999999201, -7.82691 ], [ 110.367430000000198, -7.827340000000105 ], [ 110.36729, -7.828410000000359 ], [ 110.367210000000313, -7.829159999999595 ], [ 110.367099999999439, -7.8299800000007 ], [ 110.36708, -7.830749999999448 ], [ 110.367029999999389, -7.831399999999402 ], [ 110.366550000000615, -7.831389999999648 ], [ 110.366050000000499, -7.831350000000651 ], [ 110.365610000000714, -7.831370000000156 ], [ 110.365499999999841, -7.831500000000503 ], [ 110.36549, -7.83185000000076 ], [ 110.365480000000346, -7.83217 ], [ 110.365439999999538, -7.83246 ], [ 110.365030000000814, -7.832730000000352 ], [ 110.364879999999133, -7.83300000000082 ], [ 110.364690000000309, -7.833380000000303 ], [ 110.364690000000309, -7.83366000000052 ], [ 110.364879999999133, -7.834070000001067 ], [ 110.36492, -7.834430000001062 ], [ 110.364760000000359, -7.834680000000213 ], [ 110.364390000000611, -7.834590000000662 ], [ 110.36398, -7.834549999999858 ], [ 110.363869999999181, -7.834890000000369 ], [ 110.363680000000343, -7.835639999999605 ], [ 110.363569999999484, -7.835870000001075 ], [ 110.363300000000848, -7.8358599999995 ], [ 110.3629, -7.8357 ], [ 110.362590000000608, -7.83577 ], [ 110.362419999999432, -7.836300000001126 ], [ 110.362209999999294, -7.836540000000519 ], [ 110.361890000000102, -7.836820000000712 ], [ 110.36182, -7.837190000000461 ], [ 110.36181000000029, -7.837690000000569 ], [ 110.361779999999229, -7.838130000000362 ], [ 110.361790000000795, -7.838739999999501 ], [ 110.361800000000542, -7.839050000000783 ], [ 110.361849999999279, -7.839229999999858 ], [ 110.361950000000405, -7.839400000001032 ], [ 110.362199999999547, -7.839490000000574 ], [ 110.362499999999244, -7.839350000000466 ], [ 110.362730000000695, -7.839519999999808 ], [ 110.362730000000695, -7.8398 ], [ 110.36254, -7.840150000000264 ], [ 110.36246000000024, -7.840580000000325 ], [ 110.36247, -7.840899999999515 ], [ 110.362440000000745, -7.841200000001024 ], [ 110.362370000000695, -7.84153 ], [ 110.362440000000745, -7.84167 ], [ 110.36254, -7.84189 ], [ 110.362329999999886, -7.842469999999873 ], [ 110.361670000000203, -7.843810000000573 ], [ 110.36123000000039, -7.844870000001089 ], [ 110.360849999999076, -7.845660000001134 ], [ 110.360300000000237, -7.846830000000691 ], [ 110.360199999999125, -7.847149999999885 ], [ 110.360420000000857, -7.847280000000236 ], [ 110.360899999999631, -7.847210000000186 ], [ 110.361329999999697, -7.847250000000991 ], [ 110.361629999999394, -7.847250000000995 ], [ 110.362020000000442, -7.84715999999963 ], [ 110.36222000000086, -7.847250000000993 ], [ 110.362320000000139, -7.847449999999569 ], [ 110.36211, -7.847840000000635 ], [ 110.36197, -7.848159999999823 ], [ 110.361759999999734, -7.848640000000443 ], [ 110.361549999999582, -7.849060000000734 ], [ 110.36146, -7.849370000000179 ], [ 110.361339999999444, -7.84959 ], [ 110.360969999999696, -7.849710000000696 ], [ 110.360689999999494, -7.849749999999686 ], [ 110.36033999999924, -7.849759999999418 ], [ 110.360070000000604, -7.849790000000494 ], [ 110.359979999999226, -7.849889999999778 ], [ 110.35966, -7.849850000000784 ], [ 110.359409999999087, -7.849930000000583 ], [ 110.359089999999895, -7.849940000000335 ], [ 110.35894, -7.849539999999519 ], [ 110.35852999999949, -7.849319999999635 ], [ 110.358109999999172, -7.849210000000593 ], [ 110.357889999999287, -7.849430000000489 ], [ 110.357809999999475, -7.84980000000024 ], [ 110.357760000000738, -7.850249999999775 ], [ 110.357889999999287, -7.850740000000138 ], [ 110.35787999999954, -7.851049999999582 ], [ 110.357980000000637, -7.851339999999539 ], [ 110.35787999999954, -7.8517100000011 ], [ 110.357659999999626, -7.852140000001146 ], [ 110.357379999999424, -7.852740000000546 ], [ 110.356980000000448, -7.853429999999477 ], [ 110.356889999999069, -7.853690000000181 ], [ 110.357540000000853, -7.853859999999527 ], [ 110.35793, -7.853800000001053 ], [ 110.358449999999692, -7.853800000001049 ], [ 110.358829999999188, -7.853820000000535 ], [ 110.359039999999325, -7.85384 ], [ 110.359189999999188, -7.853760000000235 ], [ 110.3593, -7.853390000000488 ], [ 110.359280000000538, -7.85298999999969 ], [ 110.359459999999643, -7.852800000000848 ], [ 110.359800000000149, -7.852919999999638 ], [ 110.359959999999731, -7.853209999999581 ], [ 110.360049999999291, -7.853510000001104 ], [ 110.36017999999963, -7.853980000000135 ], [ 110.360269999999176, -7.854320000000639 ], [ 110.360280000000742, -7.854620000000345 ], [ 110.360060000000857, -7.854939999999528 ], [ 110.359860000000438, -7.855170000000996 ], [ 110.35973, -7.855579999999734 ], [ 110.359809999999896, -7.855920000000252 ], [ 110.359809999999896, -7.856120000000645 ], [ 110.35959, -7.856280000000247 ], [ 110.359070000000386, -7.856739999999546 ], [ 110.359099999999643, -7.857019999999746 ], [ 110.359029999999578, -7.857270000000708 ], [ 110.358809999999693, -7.857449999999797 ], [ 110.358399999999122, -7.857470000001111 ], [ 110.358130000000486, -7.857229999999889 ], [ 110.358140000000233, -7.856900000000957 ], [ 110.358249999999288, -7.856350000000295 ], [ 110.35808, -7.856019999999535 ], [ 110.357749999999172, -7.856030000001102 ], [ 110.357439999999727, -7.855990000000286 ], [ 110.357159999999524, -7.856030000001098 ], [ 110.35700999999969, -7.856229999999693 ], [ 110.356929999999892, -7.856599999999434 ], [ 110.356830000000585, -7.856869999999884 ], [ 110.356700000000245, -7.857159999999843 ], [ 110.35671999999974, -7.857430000000302 ], [ 110.356869999999574, -7.857540000001161 ], [ 110.357330000000701, -7.857560000000644 ], [ 110.357729999999677, -7.85766 ], [ 110.358000000000132, -7.857690000001008 ], [ 110.35822, -7.857910000000904 ], [ 110.35852999999949, -7.858169999999797 ], [ 110.358519999999743, -7.85836000000045 ], [ 110.358299999999829, -7.858730000000194 ], [ 110.358379999999627, -7.858930000000599 ], [ 110.358729999999881, -7.859049999999381 ], [ 110.359150000000199, -7.85917 ], [ 110.359510000000199, -7.859319999999842 ], [ 110.359839999999124, -7.859329999999598 ], [ 110.360399999999544, -7.85946 ], [ 110.360860000000642, -7.859510000000507 ], [ 110.361349999999192, -7.859619999999539 ], [ 110.361849999999279, -7.859790000000705 ], [ 110.362279999999345, -7.859969999999798 ], [ 110.36251000000081, -7.860280000001056 ], [ 110.36247, -7.860619999999752 ], [ 110.362349999999381, -7.861010000000808 ], [ 110.362269999999597, -7.861339999999752 ], [ 110.36218, -7.861460000000354 ], [ 110.361899999999849, -7.861370000000814 ], [ 110.361489999999279, -7.861310000000505 ], [ 110.361179999999834, -7.861460000000351 ], [ 110.360979999999444, -7.86175000000031 ], [ 110.360930000000693, -7.861970000000201 ], [ 110.360940000000454, -7.862160000000867 ], [ 110.361020000000252, -7.862370000001006 ], [ 110.361199999999329, -7.862450000000818 ], [ 110.361419999999228, -7.862349999999696 ], [ 110.361740000000239, -7.861950000000714 ], [ 110.362049999999684, -7.862110000000305 ], [ 110.36210000000024, -7.862450000000804 ], [ 110.36211, -7.862820000000549 ], [ 110.361950000000405, -7.863050000000212 ], [ 110.361689999999697, -7.863110000000503 ], [ 110.361329999999697, -7.863090000001012 ], [ 110.361070000000808, -7.863240000000859 ], [ 110.361049999999494, -7.863509999999505 ], [ 110.3611, -7.863770000000215 ], [ 110.361240000000137, -7.86399 ], [ 110.36139, -7.864270000000304 ], [ 110.361469999999784, -7.864420000000155 ], [ 110.361740000000239, -7.864659999999549 ], [ 110.361909999999597, -7.864850000000208 ], [ 110.36197, -7.865030000001115 ], [ 110.361989999999395, -7.86522 ], [ 110.361999999999142, -7.86536 ], [ 110.361919999999344, -7.86551 ], [ 110.36182, -7.86551999999966 ], [ 110.361699999999431, -7.86546000000117 ], [ 110.361430000000794, -7.86522 ], [ 110.361179999999834, -7.865100000001173 ], [ 110.360679999999746, -7.864879999999445 ], [ 110.36017999999963, -7.864729999999603 ], [ 110.35973, -7.86457 ], [ 110.359440000000149, -7.86428 ], [ 110.359029999999578, -7.864170000001022 ], [ 110.358350000000385, -7.86421 ], [ 110.357889999999287, -7.86421999999976 ], [ 110.357620000000651, -7.864589999999494 ], [ 110.357579999999842, -7.86497000000081 ], [ 110.357420000000232, -7.865210000000214 ], [ 110.357060000000232, -7.865270000000521 ], [ 110.356659999999437, -7.865229999999698 ], [ 110.356260000000432, -7.865200000000456 ], [ 110.355840000000128, -7.865120000000667 ], [ 110.355750000000597, -7.86491000000052 ], [ 110.355789999999587, -7.864310000001118 ], [ 110.35592, -7.86385999999976 ], [ 110.355809999999067, -7.863610000000616 ], [ 110.355419999999839, -7.86352000000106 ], [ 110.354880000000733, -7.863450000001006 ], [ 110.354460000000444, -7.863410000000207 ], [ 110.354369999999065, -7.8632 ], [ 110.354429999999383, -7.862870000001116 ], [ 110.35448, -7.862460000000554 ], [ 110.354610000000278, -7.861639999999445 ], [ 110.354509999999181, -7.861320000000254 ], [ 110.354559999999722, -7.86105999999955 ], [ 110.354740000000646, -7.860670000000298 ], [ 110.354610000000278, -7.860399999999854 ], [ 110.35426, -7.860290000000815 ], [ 110.353999999999317, -7.860310000000312 ], [ 110.353530000000291, -7.860269999999491 ], [ 110.353199999999532, -7.860049999999599 ], [ 110.352619999999632, -7.860060000001159 ], [ 110.352070000000793, -7.860150000000707 ], [ 110.351370000000287, -7.860170000000199 ], [ 110.350800000000135, -7.860170000000209 ], [ 110.350430000000387, -7.860140000000952 ], [ 110.349490000000486, -7.85982 ], [ 110.348620000000636, -7.859580000000561 ], [ 110.348040000000722, -7.859420000000957 ], [ 110.348019999999423, -7.859220000000554 ], [ 110.34802999999917, -7.858990000000909 ], [ 110.34807, -7.858620000001163 ], [ 110.34814, -7.858200000000853 ], [ 110.348289999999878, -7.857860000000354 ], [ 110.34841000000047, -7.857580000000153 ], [ 110.348470000000773, -7.857050000000805 ], [ 110.348420000000218, -7.856760000000846 ], [ 110.348229999999575, -7.85618000000096 ], [ 110.348200000000318, -7.855820000000952 ], [ 110.348260000000636, -7.855460000000952 ], [ 110.34828000000013, -7.855260000000546 ], [ 110.348379999999409, -7.854550000000294 ], [ 110.34841000000047, -7.854330000000386 ], [ 110.34836, -7.854110000000498 ], [ 110.348260000000636, -7.853730000000999 ], [ 110.348130000000268, -7.853359999999431 ], [ 110.347980000000433, -7.852970000000193 ], [ 110.347900000000635, -7.852660000000745 ], [ 110.34786999999956, -7.852380000000534 ], [ 110.347809999999257, -7.852129999999588 ], [ 110.34776000000052, -7.851880000000441 ], [ 110.347669999999169, -7.851510000000689 ], [ 110.34749, -7.851000000000852 ], [ 110.347400000000533, -7.850609999999772 ], [ 110.347449999999256, -7.85039999999963 ], [ 110.347560000000115, -7.850340000001154 ], [ 110.347820000000823, -7.850280000000838 ], [ 110.348099999999206, -7.850230000000288 ], [ 110.348389999999156, -7.850230000000288 ], [ 110.348749999999157, -7.85014000000074 ], [ 110.349070000000168, -7.850060000000948 ], [ 110.349260000000839, -7.84995 ], [ 110.34931999999931, -7.849790000000485 ], [ 110.349329999999057, -7.849669999999884 ], [ 110.349369999999865, -7.849490000000782 ], [ 110.349350000000371, -7.849290000000383 ], [ 110.349340000000623, -7.849140000000542 ], [ 110.349340000000623, -7.84902 ], [ 110.349369999999865, -7.848920000000632 ], [ 110.349369999999865, -7.84865000000018 ], [ 110.349340000000623, -7.848400000001038 ], [ 110.349309999999562, -7.848099999999531 ], [ 110.349169999999475, -7.847840000000629 ], [ 110.349009999999865, -7.847680000001044 ], [ 110.34880999999946, -7.847589999999671 ], [ 110.348630000000384, -7.847500000000125 ], [ 110.34857, -7.847330000000794 ], [ 110.348550000000586, -7.847159999999621 ], [ 110.348550000000586, -7.847019999999524 ], [ 110.348490000000268, -7.846780000000132 ], [ 110.348260000000636, -7.846540000000734 ], [ 110.34805000000047, -7.846359999999829 ], [ 110.34783000000057, -7.846320000000837 ], [ 110.347610000000685, -7.846380000001136 ], [ 110.347519999999307, -7.846460000000944 ], [ 110.347499999999812, -7.846560000000224 ], [ 110.347499999999812, -7.846700000000326 ], [ 110.347550000000368, -7.846789999999871 ], [ 110.347690000000483, -7.846900000000732 ], [ 110.347789999999762, -7.847019999999519 ], [ 110.347879999999307, -7.847200000000438 ], [ 110.347970000000686, -7.847490000000383 ], [ 110.347939999999625, -7.84769000000079 ], [ 110.347859999999812, -7.84790000000093 ], [ 110.347729999999459, -7.848140000000329 ], [ 110.347460000000822, -7.848330000000995 ], [ 110.34728, -7.848249999999369 ], [ 110.347030000000785, -7.848120000000833 ], [ 110.34677, -7.84794 ], [ 110.346489999999861, -7.847750000001086 ], [ 110.346229999999153, -7.847540000000934 ], [ 110.34611000000038, -7.847420000000329 ], [ 110.345939999999203, -7.846920000000223 ], [ 110.345789999999369, -7.846719999999826 ], [ 110.345779999999621, -7.846530000000993 ], [ 110.34582000000043, -7.846320000000829 ], [ 110.345919999999708, -7.846060000000125 ], [ 110.345960000000517, -7.84585 ], [ 110.346079999999318, -7.845639999999823 ], [ 110.346250000000467, -7.845390000000688 ], [ 110.346330000000265, -7.845139999999717 ], [ 110.346390000000582, -7.844900000000321 ], [ 110.34640000000033, -7.844709999999666 ], [ 110.34640000000033, -7.844450000000779 ], [ 110.34641, -7.84419 ], [ 110.34641, -7.844059999999724 ], [ 110.346439999999319, -7.843849999999571 ], [ 110.346480000000128, -7.843610000000169 ], [ 110.346690000000279, -7.843320000000234 ], [ 110.346820000000619, -7.843119999999812 ], [ 110.346929999999659, -7.842940000000727 ], [ 110.347169999999053, -7.842640000001028 ], [ 110.347239999999104, -7.842460000000117 ], [ 110.347260000000418, -7.84218 ], [ 110.34728, -7.841880000000216 ], [ 110.347359999999725, -7.84153999999972 ], [ 110.347460000000822, -7.84131 ], [ 110.347610000000685, -7.841130000000978 ], [ 110.34778, -7.841039999999615 ], [ 110.348099999999206, -7.840829999999462 ], [ 110.348400000000723, -7.840690000001182 ], [ 110.34857, -7.840490000000767 ], [ 110.348630000000384, -7.840319999999623 ], [ 110.348579999999828, -7.840070000000465 ], [ 110.348480000000521, -7.839749999999465 ], [ 110.348330000000686, -7.839379999999712 ], [ 110.34828000000013, -7.839099999999511 ], [ 110.348289999999878, -7.838900000000922 ], [ 110.34836, -7.838589999999664 ], [ 110.34844999999946, -7.838509999999858 ], [ 110.348749999999157, -7.838309999999454 ], [ 110.34902999999936, -7.838210000000162 ], [ 110.349260000000839, -7.838130000000369 ], [ 110.34951, -7.838040000000824 ], [ 110.349759999999122, -7.837890000000965 ], [ 110.349850000000487, -7.837799999999614 ], [ 110.349980000000826, -7.837509999999663 ], [ 110.350109999999376, -7.837330000000573 ], [ 110.350150000000184, -7.837060000000106 ], [ 110.35016, -7.836779999999899 ], [ 110.350150000000184, -7.836520000001027 ], [ 110.350150000000184, -7.836170000000764 ], [ 110.350150000000184, -7.83606 ], [ 110.350099999999628, -7.8357 ], [ 110.350029999999563, -7.83552000000082 ], [ 110.34987, -7.835320000000419 ], [ 110.349689999999057, -7.835090000000768 ], [ 110.349539999999223, -7.834839999999801 ], [ 110.349539999999223, -7.834650000000963 ], [ 110.349640000000321, -7.834530000000353 ], [ 110.349780000000436, -7.834339999999703 ], [ 110.349910000000776, -7.834160000000613 ], [ 110.350080000000133, -7.833960000000214 ], [ 110.350210000000473, -7.833780000001114 ], [ 110.350389999999578, -7.833559999999405 ], [ 110.35059, -7.833530000000167 ], [ 110.351420000000843, -7.833140000000912 ], [ 110.352150000000577, -7.83282 ], [ 110.35243000000078, -7.832490000000972 ], [ 110.352129999999264, -7.831990000000868 ], [ 110.352080000000527, -7.831800000000204 ], [ 110.352000000000743, -7.831459999999704 ], [ 110.351919999999112, -7.831039999999401 ], [ 110.351889999999869, -7.830710000000464 ], [ 110.351839999999314, -7.830449999999751 ], [ 110.351930000000678, -7.830140000000307 ], [ 110.352160000000325, -7.829620000000701 ], [ 110.352269999999379, -7.829280000000195 ], [ 110.352199999999314, -7.829030000001056 ], [ 110.351989999999176, -7.828750000000866 ], [ 110.35174, -7.828289999999738 ], [ 110.351590000000172, -7.82811000000065 ], [ 110.351590000000172, -7.82792 ], [ 110.351529999999869, -7.827649999999542 ], [ 110.351549999999364, -7.827059999999893 ], [ 110.351609999999667, -7.826559999999795 ], [ 110.351699999999227, -7.826180000000289 ], [ 110.351819999999819, -7.825940000000897 ], [ 110.35167, -7.825629999999646 ], [ 110.351930000000678, -7.825619999999899 ], [ 110.352119999999516, -7.825600000000404 ], [ 110.353510000000796, -7.825790000001059 ], [ 110.353979999999822, -7.82583 ], [ 110.354209999999483, -7.825849999999536 ], [ 110.354470000000191, -7.825909999999849 ], [ 110.355589999999168, -7.825960000000403 ], [ 110.355869999999371, -7.825979999999895 ], [ 110.356209999999876, -7.826010000000958 ], [ 110.35632000000075, -7.826020000000692 ], [ 110.356569999999877, -7.826030000000442 ], [ 110.35743, -7.82605 ], [ 110.357850000000298, -7.826080000001007 ], [ 110.35829, -7.826110000000238 ], [ 110.358759999999137, -7.826069999999436 ], [ 110.35966, -7.826020000000703 ], [ 110.359780000000654, -7.825259999999889 ], [ 110.359850000000691, -7.825010000000754 ], [ 110.360249999999681, -7.8249600000002 ], [ 110.360409999999291, -7.82487000000065 ], [ 110.360549999999378, -7.824759999999793 ], [ 110.360590000000187, -7.824520000000398 ], [ 110.361070000000808, -7.824510000000639 ], [ 110.361049999999494, -7.824660000000497 ], [ 110.361020000000252, -7.824880000000388 ], [ 110.360979999999444, -7.825119999999786 ], [ 110.360829999999581, -7.825960000000405 ], [ 110.362880000000558, -7.825790000001059 ], [ 110.363810000000711, -7.825730000000747 ], [ 110.36413, -7.82569 ], [ 110.364519999999132, -7.825660000000706 ], [ 110.364999999999753, -7.82562 ], [ 110.36513, -7.825619999999898 ], [ 110.365460000000851, -7.825600000000396 ], [ 110.365610000000714, -7.825580000000902 ], [ 110.365910000000412, -7.825559999999587 ], [ 110.36643, -7.825549999999845 ], [ 110.366260000000665, -7.826960000000598 ], [ 110.36643, -7.827030000000649 ], [ 110.366579999999857, -7.827030000000647 ], [ 110.366780000000247, -7.82698999999984 ], [ 110.366920000000363, -7.826989999999848 ], [ 110.367029999999389, -7.827010000001154 ], [ 110.367270000000616, -7.827110000000452 ], [ 110.367469999999201, -7.82691 ] ] ] } },
{ "type": "Feature", "properties": { "KECAMATAN": "Banguntapan", "DESA": "Jagalan", "Sektor": "Banguntapan" }, "geometry": { "type": "Polygon", "coordinates": [ [ [ 110.399429999999441, -7.827770000000153 ], [ 110.39957999999929, -7.82809000000116 ], [ 110.399590000000856, -7.828460000000911 ], [ 110.399460000000516, -7.828869999999642 ], [ 110.399349999999643, -7.829060000000295 ], [ 110.39919, -7.82941000000055 ], [ 110.39906999999944, -7.829850000000346 ], [ 110.39905, -7.83008 ], [ 110.398730000000754, -7.830379999999694 ], [ 110.397829999999843, -7.830400000001009 ], [ 110.397689999999756, -7.831169999999747 ], [ 110.39657000000075, -7.83116 ], [ 110.396590000000245, -7.831940000000298 ], [ 110.395459999999701, -7.832249999999745 ], [ 110.395370000000142, -7.832150000000455 ], [ 110.3953, -7.832050000001175 ], [ 110.394550000000862, -7.8313 ], [ 110.394299999999888, -7.831060000000708 ], [ 110.394200000000609, -7.830910000000864 ], [ 110.394099999999483, -7.830770000000759 ], [ 110.393910000000659, -7.830529999999543 ], [ 110.393729999999735, -7.8303 ], [ 110.393270000000456, -7.829630000000456 ], [ 110.393210000000138, -7.829509999999846 ], [ 110.393179999999077, -7.829229999999638 ], [ 110.393210000000138, -7.829100000001105 ], [ 110.393480000000594, -7.828789999999846 ], [ 110.39365, -7.828579999999693 ], [ 110.393770000000544, -7.828310000001055 ], [ 110.393809999999533, -7.828009999999545 ], [ 110.39379, -7.827779999999895 ], [ 110.393679999999179, -7.827450000000952 ], [ 110.39365, -7.827300000001114 ], [ 110.39358, -7.826989999999844 ], [ 110.39374999999923, -7.827040000000393 ], [ 110.394089999999736, -7.827139999999686 ], [ 110.394580000000104, -7.827230000001057 ], [ 110.395280000000596, -7.82734 ], [ 110.396469999999638, -7.827390000000652 ], [ 110.397129999999336, -7.827410000000154 ], [ 110.397269999999452, -7.827410000000143 ], [ 110.398030000000247, -7.827429999999637 ], [ 110.398950000000667, -7.827649999999545 ], [ 110.399139999999505, -7.8277 ], [ 110.399429999999441, -7.827770000000153 ] ] ] } },
{ "type": "Feature", "properties": { "KECAMATAN": "Banguntapan", "DESA": "Tamanan", "Sektor": "Banguntapan" }, "geometry": { "type": "Polygon", "coordinates": [ [ [ 110.386479999999182, -7.830420000000511 ], [ 110.386479999999182, -7.831730000000163 ], [ 110.385979999999066, -7.83177000000097 ], [ 110.386130000000747, -7.832039999999602 ], [ 110.386280000000582, -7.832360000000608 ], [ 110.386309999999824, -7.832700000001124 ], [ 110.38616, -7.83375 ], [ 110.386210000000546, -7.83397 ], [ 110.385299999999873, -7.834210000001168 ], [ 110.384099999999265, -7.834660000000709 ], [ 110.383690000000541, -7.834839999999797 ], [ 110.384179999999063, -7.835830000000263 ], [ 110.385140000000277, -7.835390000000465 ], [ 110.385500000000292, -7.835040000000205 ], [ 110.385739999999672, -7.83505 ], [ 110.385780000000494, -7.834769999999761 ], [ 110.386119999999181, -7.83467000000046 ], [ 110.386179999999484, -7.834290000000966 ], [ 110.387570000000736, -7.834600000000418 ], [ 110.388220000000686, -7.835330000000156 ], [ 110.388139999999069, -7.836569999999757 ], [ 110.387819999999877, -7.83735 ], [ 110.387790000000635, -7.837949999999458 ], [ 110.38781000000013, -7.838640000000215 ], [ 110.38767999999979, -7.839889999999555 ], [ 110.388119999999574, -7.839959999999617 ], [ 110.388489999999322, -7.840070000000474 ], [ 110.389579999999086, -7.840120000001034 ], [ 110.389789999999223, -7.84009 ], [ 110.390170000000552, -7.838140000000112 ], [ 110.390230000000855, -7.837760000000626 ], [ 110.390639999999578, -7.836359999999614 ], [ 110.390779999999694, -7.835789999999446 ], [ 110.3914800000002, -7.835779999999708 ], [ 110.391750000000656, -7.836530000000761 ], [ 110.392320000000808, -7.836569999999757 ], [ 110.39342000000029, -7.836680000000611 ], [ 110.394089999999736, -7.836750000000672 ], [ 110.394309999999635, -7.836760000000425 ], [ 110.39444, -7.836770000000166 ], [ 110.394659999999888, -7.836810000000965 ], [ 110.39494, -7.836830000000473 ], [ 110.395220000000307, -7.83685 ], [ 110.395039999999383, -7.836359999999612 ], [ 110.395039999999383, -7.836209999999755 ], [ 110.395000000000394, -7.835530000000557 ], [ 110.395169999999752, -7.835530000000555 ], [ 110.395350000000647, -7.83553000000057 ], [ 110.39552, -7.835540000000317 ], [ 110.395800000000207, -7.83554000000032 ], [ 110.396010000000345, -7.83555 ], [ 110.39621000000075, -7.835530000000563 ], [ 110.396510000000447, -7.835540000000312 ], [ 110.396679999999805, -7.835600000000613 ], [ 110.396800000000397, -7.83578999999945 ], [ 110.3968600000007, -7.836090000000973 ], [ 110.39689, -7.836340000000102 ], [ 110.396870000000447, -7.836690000000373 ], [ 110.396829999999639, -7.83699 ], [ 110.396759999999603, -7.83728 ], [ 110.39666000000031, -7.8375 ], [ 110.39660999999974, -7.837670000001074 ], [ 110.396539999999689, -7.837879999999406 ], [ 110.396419999999097, -7.83807 ], [ 110.396249999999739, -7.838309999999464 ], [ 110.396090000000157, -7.838530000001179 ], [ 110.396029999999854, -7.838680000001028 ], [ 110.396010000000345, -7.839110000001071 ], [ 110.396049999999349, -7.839430000000274 ], [ 110.396059999999096, -7.839809999999763 ], [ 110.396150000000461, -7.840210000000578 ], [ 110.3962800000008, -7.840510000000267 ], [ 110.396479999999386, -7.840790000000478 ], [ 110.396380000000107, -7.840889999999757 ], [ 110.396220000000497, -7.841090000000173 ], [ 110.396070000000663, -7.841380000000128 ], [ 110.395959999999789, -7.841720000000621 ], [ 110.395819999999702, -7.842070000000876 ], [ 110.39563000000085, -7.842510000000679 ], [ 110.395560000000799, -7.842829999999871 ], [ 110.395490000000763, -7.84311 ], [ 110.395270000000849, -7.84346000000032 ], [ 110.395179999999499, -7.843489999999559 ], [ 110.395080000000192, -7.843479999999825 ], [ 110.394930000000343, -7.843430000001078 ], [ 110.394879999999802, -7.843240000000426 ], [ 110.394920000000596, -7.84304 ], [ 110.395000000000394, -7.842820000000127 ], [ 110.395039999999383, -7.842730000000568 ], [ 110.395029999999636, -7.842570000000975 ], [ 110.394829999999246, -7.842490000001179 ], [ 110.39473, -7.842520000000429 ], [ 110.394589999999852, -7.84254 ], [ 110.394500000000306, -7.842670000000276 ], [ 110.394500000000306, -7.842829999999872 ], [ 110.394430000000241, -7.843119999999825 ], [ 110.394319999999382, -7.843320000000218 ], [ 110.394169999999548, -7.843380000000518 ], [ 110.393889999999345, -7.843430000001085 ], [ 110.393679999999179, -7.84347 ], [ 110.393410000000543, -7.843479999999816 ], [ 110.393210000000138, -7.843489999999568 ], [ 110.393040000000809, -7.843460000000325 ], [ 110.392789999999835, -7.843450000000584 ], [ 110.392540000000693, -7.843440000000829 ], [ 110.39228, -7.84333 ], [ 110.392369999999545, -7.84268 ], [ 110.391929999999732, -7.842580000000728 ], [ 110.391289999999529, -7.842530000000178 ], [ 110.390639999999578, -7.842510000000684 ], [ 110.390100000000487, -7.842479999999624 ], [ 110.389999999999375, -7.842580000000732 ], [ 110.389880000000602, -7.843199999999613 ], [ 110.389820000000299, -7.843600000000429 ], [ 110.389559999999591, -7.843699999999723 ], [ 110.38897, -7.843769999999777 ], [ 110.38885999999907, -7.843929999999375 ], [ 110.388580000000701, -7.844559999999817 ], [ 110.38849999999907, -7.84477 ], [ 110.388899999999893, -7.844810000000789 ], [ 110.389339999999677, -7.84477 ], [ 110.389660000000688, -7.844849999999775 ], [ 110.389639999999375, -7.845240000000834 ], [ 110.389569999999338, -7.845690000000386 ], [ 110.389579999999086, -7.84597000000059 ], [ 110.38947, -7.846729999999575 ], [ 110.389320000000197, -7.84743 ], [ 110.389189999999843, -7.848040000001045 ], [ 110.388999999999186, -7.848920000000644 ], [ 110.38885999999907, -7.849940000000341 ], [ 110.388730000000535, -7.850619999999538 ], [ 110.388590000000448, -7.851300000000549 ], [ 110.388450000000333, -7.851909999999679 ], [ 110.388370000000549, -7.852440000000851 ], [ 110.388290000000751, -7.852720000001048 ], [ 110.38825999999969, -7.853080000001039 ], [ 110.388709999999222, -7.853199999999832 ], [ 110.389670000000436, -7.853250000000389 ], [ 110.390100000000487, -7.853359999999431 ], [ 110.390339999999881, -7.853590000000898 ], [ 110.390579999999275, -7.853830000000299 ], [ 110.391100000000705, -7.854729999999387 ], [ 110.390729999999124, -7.854700000000138 ], [ 110.390320000000386, -7.854660000001146 ], [ 110.389929999999339, -7.854729999999388 ], [ 110.389859999999288, -7.854869999999478 ], [ 110.38983, -7.855250000000797 ], [ 110.389849999999541, -7.85557 ], [ 110.38980000000079, -7.855879999999435 ], [ 110.389660000000688, -7.85600999999979 ], [ 110.389349999999425, -7.856050000000608 ], [ 110.388960000000196, -7.856079999999844 ], [ 110.388549999999626, -7.856089999999578 ], [ 110.388179999999878, -7.856159999999648 ], [ 110.38796999999974, -7.856149999999889 ], [ 110.387720000000598, -7.856509999999884 ], [ 110.387689999999537, -7.856799999999835 ], [ 110.387510000000432, -7.857019999999735 ], [ 110.387220000000482, -7.857060000000551 ], [ 110.386870000000229, -7.856949999999697 ], [ 110.38659, -7.856840000000643 ], [ 110.386280000000582, -7.85679 ], [ 110.386150000000242, -7.856589999999695 ], [ 110.386039999999369, -7.856299999999731 ], [ 110.385979999999066, -7.85591000000049 ], [ 110.385899999999282, -7.855719999999841 ], [ 110.385650000000126, -7.855690000000601 ], [ 110.38537, -7.85564 ], [ 110.38501, -7.855519999999426 ], [ 110.384560000000391, -7.8553900000009 ], [ 110.383959999999178, -7.855190000000497 ], [ 110.383669999999228, -7.855149999999679 ], [ 110.383169999999112, -7.855030000000893 ], [ 110.382709999999832, -7.854970000000589 ], [ 110.382439999999377, -7.85497000000059 ], [ 110.382229999999211, -7.854859999999737 ], [ 110.382040000000373, -7.854480000000232 ], [ 110.382059999999882, -7.854160000001052 ], [ 110.382229999999211, -7.853900000000347 ], [ 110.382349999999818, -7.853660000000941 ], [ 110.382289999999514, -7.85348 ], [ 110.382019999999059, -7.853380000000739 ], [ 110.381579999999261, -7.853320000000443 ], [ 110.381079999999159, -7.853279999999645 ], [ 110.380629999999627, -7.853209999999581 ], [ 110.380259999999879, -7.853260000000135 ], [ 110.379539999999864, -7.853370000001005 ], [ 110.379199999999358, -7.853330000000192 ], [ 110.378880000000166, -7.853279999999637 ], [ 110.37853999999966, -7.853199999999841 ], [ 110.378300000000266, -7.853359999999426 ], [ 110.378189999999407, -7.853610000000397 ], [ 110.377979999999255, -7.85368000000045 ], [ 110.377769999999117, -7.853639999999638 ], [ 110.377440000000178, -7.853690000000197 ], [ 110.377169999999722, -7.853849999999779 ], [ 110.377049999999102, -7.85418000000054 ], [ 110.377099999999672, -7.85457999999953 ], [ 110.377210000000531, -7.854960000000857 ], [ 110.377130000000733, -7.855340000000347 ], [ 110.376819999999469, -7.855620000000543 ], [ 110.376570000000328, -7.855610000000797 ], [ 110.376430000000212, -7.855420000000144 ], [ 110.376399999999151, -7.85499 ], [ 110.376389999999404, -7.854569999999783 ], [ 110.376410000000718, -7.854040000000453 ], [ 110.376399999999151, -7.853620000000146 ], [ 110.37620000000058, -7.85352000000085 ], [ 110.376029999999403, -7.853600000000644 ], [ 110.375949999999619, -7.85344000000105 ], [ 110.37591000000063, -7.853269999999881 ], [ 110.375770000000514, -7.85287000000089 ], [ 110.375729999999706, -7.852530000000392 ], [ 110.375640000000175, -7.852170000000382 ], [ 110.375449999999503, -7.85175 ], [ 110.37536, -7.851339999999537 ], [ 110.375350000000225, -7.850899999999726 ], [ 110.375470000000817, -7.850759999999633 ], [ 110.375780000000262, -7.850759999999633 ], [ 110.376280000000378, -7.8507900000007 ], [ 110.376669999999606, -7.850790000000692 ], [ 110.376910000000834, -7.85083999999943 ], [ 110.377220000000264, -7.85089 ], [ 110.377679999999557, -7.850940000000546 ], [ 110.378300000000266, -7.851000000000836 ], [ 110.37867, -7.851100000000134 ], [ 110.379290000000736, -7.851170000000185 ], [ 110.37939, -7.851189999999683 ], [ 110.379660000000484, -7.851199999999432 ], [ 110.379859999999056, -7.851109999999878 ], [ 110.379880000000384, -7.85094000000054 ], [ 110.379880000000384, -7.8506 ], [ 110.379880000000384, -7.850130000000999 ], [ 110.379919999999373, -7.849510000000291 ], [ 110.37997, -7.848900000001144 ], [ 110.380010000000738, -7.84837 ], [ 110.380279999999374, -7.848120000000841 ], [ 110.380699999999663, -7.848110000001092 ], [ 110.380939999999072, -7.84801 ], [ 110.381079999999159, -7.847820000001148 ], [ 110.381209999999527, -7.847420000000333 ], [ 110.381320000000372, -7.84707 ], [ 110.381349999999614, -7.846680000000835 ], [ 110.381380000000675, -7.84631000000109 ], [ 110.381470000000235, -7.84592 ], [ 110.381470000000235, -7.845770000000178 ], [ 110.381250000000335, -7.845770000000186 ], [ 110.380960000000371, -7.845830000000477 ], [ 110.380709999999411, -7.845660000001139 ], [ 110.380569999999324, -7.84542 ], [ 110.380610000000132, -7.845170000000779 ], [ 110.380730000000725, -7.84491 ], [ 110.380849999999526, -7.844680000000424 ], [ 110.380970000000119, -7.844260000000127 ], [ 110.380989999999613, -7.843999999999416 ], [ 110.380979999999866, -7.843720000001041 ], [ 110.38090999999983, -7.843360000001033 ], [ 110.380820000000284, -7.842979999999721 ], [ 110.380730000000725, -7.842600000000224 ], [ 110.38061999999988, -7.842269999999463 ], [ 110.380520000000587, -7.841899999999708 ], [ 110.380419999999461, -7.84146 ], [ 110.380310000000435, -7.841000000000628 ], [ 110.380160000000572, -7.840440000000223 ], [ 110.379999999999171, -7.839930000000363 ], [ 110.379800000000571, -7.839360000000224 ], [ 110.37969999999946, -7.839019999999712 ], [ 110.379339999999473, -7.839130000000569 ], [ 110.378860000000671, -7.839190000000873 ], [ 110.378619999999458, -7.839260000000919 ], [ 110.378280000000771, -7.83937999999972 ], [ 110.37781, -7.839529999999562 ], [ 110.377399999999369, -7.839620000000922 ], [ 110.376969999999304, -7.8398 ], [ 110.376659999999859, -7.839930000000363 ], [ 110.376280000000378, -7.84005000000098 ], [ 110.376109999999201, -7.84002 ], [ 110.37586, -7.83978000000053 ], [ 110.375659999999669, -7.83942000000052 ], [ 110.375470000000817, -7.839050000000775 ], [ 110.375509999999807, -7.838780000000315 ], [ 110.375659999999669, -7.838439999999816 ], [ 110.375879999999569, -7.83807 ], [ 110.376000000000161, -7.837840000000413 ], [ 110.376210000000327, -7.837470000000669 ], [ 110.376360000000162, -7.83714 ], [ 110.376379999999656, -7.836799999999405 ], [ 110.376290000000111, -7.836400000000411 ], [ 110.376109999999201, -7.836090000000968 ], [ 110.375850000000327, -7.835929999999553 ], [ 110.375560000000377, -7.835580000001124 ], [ 110.37543, -7.835269999999862 ], [ 110.3753899999992, -7.834660000000724 ], [ 110.375439999999756, -7.834320000000205 ], [ 110.375739999999453, -7.833909999999658 ], [ 110.376039999999151, -7.833660000000518 ], [ 110.376399999999151, -7.833380000000302 ], [ 110.376630000000617, -7.83303 ], [ 110.376770000000718, -7.83267999999981 ], [ 110.375819999999251, -7.832899999999699 ], [ 110.375589999999619, -7.832780000000906 ], [ 110.375439999999756, -7.832580000000502 ], [ 110.375299999999669, -7.832319999999803 ], [ 110.375229999999618, -7.831910000001065 ], [ 110.375210000000109, -7.831529999999753 ], [ 110.375169999999301, -7.831029999999647 ], [ 110.37509999999925, -7.830710000000466 ], [ 110.375410000000514, -7.830959999999603 ], [ 110.375840000000579, -7.831130000000767 ], [ 110.376399999999151, -7.831270000000858 ], [ 110.376759999999152, -7.831260000001112 ], [ 110.37673, -7.83108000000021 ], [ 110.376669999999606, -7.830949999999852 ], [ 110.376539999999267, -7.83073 ], [ 110.376459999999469, -7.830589999999845 ], [ 110.376430000000212, -7.83005000000076 ], [ 110.37658, -7.83001999999969 ], [ 110.37688999999952, -7.830900000001114 ], [ 110.376969999999304, -7.831140000000501 ], [ 110.377210000000531, -7.831840000001018 ], [ 110.37821000000072, -7.831800000000197 ], [ 110.377940000000265, -7.83066 ], [ 110.378860000000671, -7.830389999999449 ], [ 110.379349999999221, -7.830270000000659 ], [ 110.380150000000825, -7.829990000000462 ], [ 110.38005999999946, -7.82968000000101 ], [ 110.38004, -7.829540000000907 ], [ 110.379839999999561, -7.828859999999892 ], [ 110.37975, -7.828519999999386 ], [ 110.380499999999273, -7.828550000000454 ], [ 110.380970000000119, -7.828589999999439 ], [ 110.381040000000169, -7.828750000000863 ], [ 110.381149999999224, -7.828869999999652 ], [ 110.381330000000119, -7.828939999999694 ], [ 110.382299999999262, -7.828939999999692 ], [ 110.382840000000172, -7.82893 ], [ 110.383470000000628, -7.829 ], [ 110.384110000000831, -7.828980000000509 ], [ 110.384309999999431, -7.828960000001011 ], [ 110.384480000000579, -7.829 ], [ 110.384519999999569, -7.829120000000599 ], [ 110.384519999999569, -7.829309999999437 ], [ 110.384609999999128, -7.83016999999955 ], [ 110.384930000000139, -7.830250000001165 ], [ 110.386029999999622, -7.830420000000511 ], [ 110.386479999999182, -7.830420000000511 ] ] ] } },
{ "type": "Feature", "properties": { "KECAMATAN": "Banguntapan", "DESA": "Singosaren", "Sektor": "Banguntapan" }, "geometry": { "type": "Polygon", "coordinates": [ [ [ 110.406800000000615, -7.831280000000606 ], [ 110.406769999999554, -7.83137000000016 ], [ 110.406709999999265, -7.831679999999593 ], [ 110.406810000000362, -7.831990000000863 ], [ 110.406859999999099, -7.832200000001009 ], [ 110.40682000000011, -7.83245000000016 ], [ 110.406839999999605, -7.832590000000254 ], [ 110.40697999999972, -7.833450000000363 ], [ 110.406999999999215, -7.833590000000457 ], [ 110.407020000000529, -7.833769999999554 ], [ 110.40697999999972, -7.834059999999495 ], [ 110.406960000000225, -7.834320000000213 ], [ 110.406960000000225, -7.834549999999862 ], [ 110.406999999999215, -7.83483 ], [ 110.407010000000781, -7.835030000000462 ], [ 110.407059999999504, -7.835330000000169 ], [ 110.407080000000818, -7.835569999999547 ], [ 110.40711, -7.835900000000317 ], [ 110.407149999999049, -7.836180000000519 ], [ 110.407240000000428, -7.836610000000577 ], [ 110.407310000000479, -7.836880000001032 ], [ 110.4074, -7.837159999999414 ], [ 110.407370000000768, -7.837369999999555 ], [ 110.407230000000681, -7.837600000001018 ], [ 110.407080000000818, -7.837830000000677 ], [ 110.406929999999164, -7.83817000000117 ], [ 110.406829999999857, -7.838420000000324 ], [ 110.406660000000528, -7.838710000000267 ], [ 110.406460000000109, -7.838920000000422 ], [ 110.406349999999264, -7.83905000000077 ], [ 110.406170000000159, -7.839290000000171 ], [ 110.406059999999314, -7.839500000000314 ], [ 110.40596, -7.839760000001027 ], [ 110.405880000000209, -7.840000000000427 ], [ 110.40582, -7.84019000000108 ], [ 110.405870000000462, -7.840490000000781 ], [ 110.40574999999987, -7.84052 ], [ 110.40315, -7.841020000000128 ], [ 110.402910000000674, -7.841070000000677 ], [ 110.40259999999941, -7.841160000000225 ], [ 110.40230999999946, -7.84124 ], [ 110.402079999999799, -7.841290000000572 ], [ 110.401799999999596, -7.841280000000819 ], [ 110.401519999999394, -7.84124 ], [ 110.40121, -7.841200000001027 ], [ 110.401009999999559, -7.841210000000781 ], [ 110.400680000000619, -7.841179999999722 ], [ 110.40049, -7.84117 ], [ 110.4002, -7.841179999999717 ], [ 110.399859999999506, -7.841220000000523 ], [ 110.398740000000501, -7.841179999999707 ], [ 110.398409999999743, -7.841160000000211 ], [ 110.39811, -7.841160000000211 ], [ 110.397699999999503, -7.841160000000223 ], [ 110.397489999999337, -7.841130000000985 ], [ 110.397199999999387, -7.841160000000213 ], [ 110.396950000000245, -7.841189999999457 ], [ 110.396759999999603, -7.841090000000167 ], [ 110.396479999999386, -7.840790000000478 ], [ 110.3962800000008, -7.840510000000267 ], [ 110.396150000000461, -7.840210000000578 ], [ 110.396059999999096, -7.839809999999763 ], [ 110.396049999999349, -7.839430000000274 ], [ 110.396010000000345, -7.839110000001071 ], [ 110.396029999999854, -7.838680000001028 ], [ 110.396090000000157, -7.838530000001179 ], [ 110.396249999999739, -7.838309999999464 ], [ 110.396419999999097, -7.83807 ], [ 110.396539999999689, -7.837879999999406 ], [ 110.39660999999974, -7.837670000001074 ], [ 110.39666000000031, -7.8375 ], [ 110.396759999999603, -7.83728 ], [ 110.396829999999639, -7.83699 ], [ 110.396870000000447, -7.836690000000373 ], [ 110.39689, -7.836340000000102 ], [ 110.3968600000007, -7.836090000000973 ], [ 110.396800000000397, -7.83578999999945 ], [ 110.396679999999805, -7.835600000000613 ], [ 110.396510000000447, -7.835540000000312 ], [ 110.39621000000075, -7.835530000000563 ], [ 110.396010000000345, -7.83555 ], [ 110.395800000000207, -7.83554000000032 ], [ 110.39552, -7.835540000000317 ], [ 110.395350000000647, -7.83553000000057 ], [ 110.395169999999752, -7.835530000000555 ], [ 110.395000000000394, -7.835530000000557 ], [ 110.39497999999908, -7.835129999999756 ], [ 110.394959999999585, -7.834440000000812 ], [ 110.394959999999585, -7.834049999999756 ], [ 110.394949999999838, -7.8339 ], [ 110.394969999999333, -7.833759999999804 ], [ 110.395039999999383, -7.833629999999447 ], [ 110.395169999999752, -7.833510000000665 ], [ 110.395599999999789, -7.833350000001061 ], [ 110.395889999999739, -7.833280000001021 ], [ 110.3959200000008, -7.833199999999399 ], [ 110.395839999999197, -7.83286000000072 ], [ 110.395710000000648, -7.8326 ], [ 110.395549999999233, -7.832370000000355 ], [ 110.395459999999701, -7.832249999999745 ], [ 110.396590000000245, -7.831940000000298 ], [ 110.397209999999134, -7.832010000000355 ], [ 110.397960000000211, -7.832070000000653 ], [ 110.3979999999992, -7.83218999999945 ], [ 110.397779999999287, -7.833280000001019 ], [ 110.397960000000211, -7.833269999999454 ], [ 110.39833, -7.833329999999751 ], [ 110.398479999999793, -7.833360000000819 ], [ 110.398719999999187, -7.833399999999799 ], [ 110.398900000000111, -7.83340999999955 ], [ 110.399040000000198, -7.833440000000611 ], [ 110.399279999999592, -7.833490000001169 ], [ 110.399499999999506, -7.833520000000417 ], [ 110.399799999999203, -7.833530000000165 ], [ 110.400040000000402, -7.833440000000604 ], [ 110.400240000000807, -7.8333399999995 ], [ 110.40042, -7.833240000000204 ], [ 110.400540000000504, -7.832880000000213 ], [ 110.400670000000858, -7.83217 ], [ 110.400690000000367, -7.831749999999651 ], [ 110.400760000000417, -7.831389999999652 ], [ 110.40092, -7.83143000000046 ], [ 110.401009999999559, -7.83145 ], [ 110.401169999999141, -7.831500000000505 ], [ 110.401299999999509, -7.831539999999499 ], [ 110.401480000000404, -7.83159 ], [ 110.401630000000267, -7.831640000000605 ], [ 110.401770000000354, -7.831679999999603 ], [ 110.401879999999394, -7.831710000000654 ], [ 110.401970000000773, -7.831800000000199 ], [ 110.40193, -7.831940000000309 ], [ 110.401819999999091, -7.83238999999986 ], [ 110.401920000000217, -7.832520000000212 ], [ 110.402770000000558, -7.83272000000062 ], [ 110.402809999999548, -7.832510000000451 ], [ 110.402669999999461, -7.832380000000104 ], [ 110.402760000000811, -7.832109999999644 ], [ 110.403099999999498, -7.832119999999398 ], [ 110.40315, -7.831739999999893 ], [ 110.402850000000356, -7.831620000001119 ], [ 110.403140000000306, -7.83103999999939 ], [ 110.404039999999398, -7.831200000000807 ], [ 110.404200000000827, -7.831340000000922 ], [ 110.40474, -7.831039999999401 ], [ 110.405020000000107, -7.83106000000071 ], [ 110.405029999999869, -7.83087 ], [ 110.405039999999616, -7.83063000000066 ], [ 110.405029999999869, -7.830449999999749 ], [ 110.404930000000562, -7.829949999999648 ], [ 110.405430000000678, -7.8300000000002 ], [ 110.405919999999199, -7.830270000000652 ], [ 110.406300000000527, -7.830500000000302 ], [ 110.40653000000016, -7.830710000000464 ], [ 110.406650000000781, -7.830910000000869 ], [ 110.406730000000564, -7.831109999999453 ], [ 110.406800000000615, -7.831280000000606 ] ] ] } },
{ "type": "Feature", "properties": { "KECAMATAN": "Pajangan", "DESA": "Triwidadi", "Sektor": "Sedayu" }, "geometry": { "type": "Polygon", "coordinates": [ [ [ 110.285519999999423, -7.835419999999709 ], [ 110.285410000000368, -7.835520000000817 ], [ 110.28536999999956, -7.83591 ], [ 110.285270000000281, -7.836289999999551 ], [ 110.285260000000534, -7.836569999999766 ], [ 110.285389999999055, -7.836900000000512 ], [ 110.285449999999358, -7.837149999999662 ], [ 110.285420000000116, -7.837359999999809 ], [ 110.28514, -7.83760000000102 ], [ 110.284799999999407, -7.837770000000367 ], [ 110.284540000000518, -7.837980000000513 ], [ 110.284480000000215, -7.838229999999656 ], [ 110.28442, -7.838589999999664 ], [ 110.28429999999932, -7.838930000000172 ], [ 110.2842, -7.839250000001175 ], [ 110.284019999999117, -7.839610000001172 ], [ 110.28381000000077, -7.840010000000158 ], [ 110.283509999999254, -7.840440000000227 ], [ 110.283359999999419, -7.84081 ], [ 110.283229999999051, -7.841140000000728 ], [ 110.282670000000465, -7.841539999999712 ], [ 110.282409999999771, -7.841829999999673 ], [ 110.2822199999991, -7.842210000000978 ], [ 110.282149999999064, -7.842549999999672 ], [ 110.282080000000832, -7.842860000000929 ], [ 110.282119999999821, -7.843189999999865 ], [ 110.282149999999064, -7.843580000000935 ], [ 110.282129999999569, -7.843870000000885 ], [ 110.281979999999706, -7.844240000000621 ], [ 110.281789999999063, -7.84454000000033 ], [ 110.281559999999416, -7.844830000000281 ], [ 110.281150000000679, -7.845139999999727 ], [ 110.28098999999925, -7.845310000000881 ], [ 110.280950000000274, -7.845610000000583 ], [ 110.280899999999718, -7.845960000000834 ], [ 110.280880000000224, -7.846270000000271 ], [ 110.280839999999415, -7.846620000000524 ], [ 110.280899999999718, -7.846809999999368 ], [ 110.281100000000109, -7.846820000000935 ], [ 110.281709999999251, -7.846949999999477 ], [ 110.281960000000211, -7.84693 ], [ 110.282300000000717, -7.847 ], [ 110.282540000000111, -7.84723999999942 ], [ 110.282880000000617, -7.847320000001033 ], [ 110.283310000000668, -7.847270000000484 ], [ 110.283569999999557, -7.847369999999774 ], [ 110.28384, -7.84758 ], [ 110.2842, -7.84780999999958 ], [ 110.284690000000381, -7.847869999999872 ], [ 110.285120000000418, -7.84779999999982 ], [ 110.285429999999863, -7.847630000000485 ], [ 110.285669999999257, -7.84736 ], [ 110.28601999999951, -7.84720000000044 ], [ 110.286459999999323, -7.846939999999729 ], [ 110.286760000000839, -7.846869999999677 ], [ 110.28715, -7.847019999999521 ], [ 110.287480000000841, -7.847309999999472 ], [ 110.287780000000538, -7.847630000000482 ], [ 110.288049999999174, -7.84794 ], [ 110.288280000000626, -7.848180000001145 ], [ 110.288759999999414, -7.848449999999782 ], [ 110.289300000000338, -7.84837999999972 ], [ 110.28974999999987, -7.848169999999569 ], [ 110.290049999999567, -7.848309999999685 ], [ 110.290279999999228, -7.84858999999987 ], [ 110.290469999999885, -7.848940000000129 ], [ 110.290709999999265, -7.849099999999722 ], [ 110.291279999999418, -7.849459999999731 ], [ 110.291429999999281, -7.849749999999684 ], [ 110.29162, -7.849959999999821 ], [ 110.291680000000227, -7.850270000001106 ], [ 110.291680000000227, -7.850630000001087 ], [ 110.291610000000176, -7.850930000000786 ], [ 110.29162, -7.851230000000487 ], [ 110.291730000000797, -7.85161 ], [ 110.29183, -7.851860000000939 ], [ 110.291810000000595, -7.852010000000799 ], [ 110.291610000000176, -7.852049999999785 ], [ 110.290769999999583, -7.851759999999828 ], [ 110.290499999999128, -7.851710000001093 ], [ 110.290240000000239, -7.851629999999481 ], [ 110.289989999999264, -7.851650000000788 ], [ 110.289679999999819, -7.851640000001046 ], [ 110.28946, -7.851600000000234 ], [ 110.28922000000054, -7.851559999999424 ], [ 110.288940000000338, -7.85161 ], [ 110.288629999999074, -7.851710000001101 ], [ 110.28809, -7.851699999999536 ], [ 110.28770000000074, -7.851699999999521 ], [ 110.28744, -7.851820000000145 ], [ 110.2873, -7.851780000001154 ], [ 110.28659999999941, -7.852000000001046 ], [ 110.286159999999626, -7.852129999999583 ], [ 110.285840000000434, -7.852300000000745 ], [ 110.28552999999917, -7.852370000000801 ], [ 110.285110000000671, -7.852409999999789 ], [ 110.28478999999966, -7.852460000000338 ], [ 110.284550000000266, -7.852510000000899 ], [ 110.284439999999407, -7.852750000000284 ], [ 110.284340000000128, -7.853150000001103 ], [ 110.284309999999067, -7.853499999999542 ], [ 110.284320000000633, -7.85378999999949 ], [ 110.284320000000633, -7.854110000000496 ], [ 110.284379999999118, -7.854410000000189 ], [ 110.28446000000072, -7.854869999999472 ], [ 110.284569999999775, -7.855159999999431 ], [ 110.28475000000067, -7.8555 ], [ 110.28504000000062, -7.855740000001149 ], [ 110.28533000000057, -7.855980000000554 ], [ 110.285939999999712, -7.856120000000648 ], [ 110.286299999999713, -7.85623999999944 ], [ 110.286620000000724, -7.856330000000805 ], [ 110.287070000000284, -7.85630999999948 ], [ 110.28765000000017, -7.856519999999643 ], [ 110.287549999999058, -7.856620000000754 ], [ 110.28737, -7.857239999999646 ], [ 110.287109999999274, -7.857710000000505 ], [ 110.286710000000269, -7.858070000000499 ], [ 110.286280000000218, -7.858350000000695 ], [ 110.285840000000434, -7.85867999999964 ], [ 110.285540000000736, -7.859080000000458 ], [ 110.285480000000419, -7.859539999999743 ], [ 110.285669999999257, -7.859780000000963 ], [ 110.286140000000131, -7.85974999999989 ], [ 110.286690000000775, -7.859580000000554 ], [ 110.287099999999526, -7.859609999999795 ], [ 110.287449999999779, -7.859860000000754 ], [ 110.2878, -7.86032999999979 ], [ 110.287889999999564, -7.86068 ], [ 110.287609999999361, -7.860909999999699 ], [ 110.286910000000674, -7.860940000000757 ], [ 110.286630000000471, -7.860960000000249 ], [ 110.28601999999951, -7.861070000001114 ], [ 110.285540000000736, -7.861180000000155 ], [ 110.285219999999725, -7.861240000000448 ], [ 110.284690000000381, -7.861470000000105 ], [ 110.284180000000518, -7.86155 ], [ 110.283779999999709, -7.861740000000554 ], [ 110.283569999999557, -7.862020000000753 ], [ 110.28355999999981, -7.862240000000662 ], [ 110.283620000000113, -7.862600000000657 ], [ 110.28341, -7.862940000001168 ], [ 110.283260000000112, -7.863180000000562 ], [ 110.28298, -7.863429999999703 ], [ 110.282530000000364, -7.863630000000108 ], [ 110.282149999999064, -7.863719999999652 ], [ 110.281600000000211, -7.86392 ], [ 110.281189999999668, -7.864050000000417 ], [ 110.280860000000729, -7.864240000001062 ], [ 110.280779999999098, -7.864620000000565 ], [ 110.280880000000224, -7.865 ], [ 110.281100000000109, -7.865860000000155 ], [ 110.281220000000729, -7.866459999999559 ], [ 110.281399999999806, -7.867190000001114 ], [ 110.281429999999048, -7.86767 ], [ 110.281429999999048, -7.868140000000777 ], [ 110.28154, -7.868590000000311 ], [ 110.281689999999756, -7.869020000000367 ], [ 110.281849999999366, -7.869420000001175 ], [ 110.282129999999569, -7.870020000000578 ], [ 110.282479999999822, -7.870440000000884 ], [ 110.282999999999404, -7.87112 ], [ 110.283380000000733, -7.871559999999873 ], [ 110.283540000000315, -7.87199 ], [ 110.28355, -7.872480000000269 ], [ 110.28348, -7.87292 ], [ 110.283349999999672, -7.87335999999987 ], [ 110.283299999999102, -7.873719999999872 ], [ 110.28332000000043, -7.874169999999421 ], [ 110.283419999999722, -7.874570000000224 ], [ 110.28352000000082, -7.87500000000028 ], [ 110.283600000000618, -7.875400000001081 ], [ 110.283649999999369, -7.875969999999411 ], [ 110.283569999999557, -7.876190000001138 ], [ 110.28319, -7.876329999999419 ], [ 110.283069999999469, -7.876360000000481 ], [ 110.282859999999303, -7.876319999999672 ], [ 110.282610000000162, -7.876350000000722 ], [ 110.28216000000063, -7.876259999999361 ], [ 110.282059999999504, -7.876270000000925 ], [ 110.281909999999655, -7.876259999999369 ], [ 110.281720000000817, -7.876280000000675 ], [ 110.281619999999705, -7.876319999999679 ], [ 110.281489999999366, -7.876440000000271 ], [ 110.281479999999618, -7.876550000001145 ], [ 110.281479999999618, -7.876790000000527 ], [ 110.281510000000679, -7.877020000000172 ], [ 110.281499999999113, -7.877280000000881 ], [ 110.281489999999366, -7.877510000000529 ], [ 110.281440000000615, -7.877660000000376 ], [ 110.281419999999301, -7.877800000000477 ], [ 110.28139, -7.877940000000573 ], [ 110.281329999999755, -7.878080000000677 ], [ 110.2812799999992, -7.878199999999476 ], [ 110.281189999999668, -7.878339999999572 ], [ 110.281080000000614, -7.878440000000692 ], [ 110.28096, -7.87854 ], [ 110.280849999999162, -7.878670000000339 ], [ 110.280749999999856, -7.878769999999632 ], [ 110.28067, -7.87883 ], [ 110.280510000000461, -7.87890999999972 ], [ 110.28037000000036, -7.878919999999474 ], [ 110.280230000000273, -7.879000000001098 ], [ 110.280020000000121, -7.879080000000889 ], [ 110.279800000000208, -7.87919 ], [ 110.279660000000121, -7.879250000000223 ], [ 110.279510000000258, -7.879390000000336 ], [ 110.279420000000727, -7.879470000000137 ], [ 110.27933999999911, -7.879540000000184 ], [ 110.27923, -7.879600000000478 ], [ 110.279109999999449, -7.879680000000282 ], [ 110.278990000000675, -7.879740000000589 ], [ 110.278860000000307, -7.879820000000389 ], [ 110.278710000000473, -7.879929999999423 ], [ 110.278550000000862, -7.88001000000104 ], [ 110.277969999999144, -7.880300000000998 ], [ 110.277830000000876, -7.880310000000739 ], [ 110.277739999999511, -7.880380000000795 ], [ 110.277609999999143, -7.880620000000185 ], [ 110.277509999999864, -7.88082000000059 ], [ 110.277459999999309, -7.880960000000695 ], [ 110.277410000000557, -7.88110000000079 ], [ 110.277379999999496, -7.881219999999574 ], [ 110.277319999999193, -7.88135 ], [ 110.277210000000167, -7.881550000000334 ], [ 110.277140000000117, -7.881690000000439 ], [ 110.277029999999243, -7.881880000001096 ], [ 110.276529999999156, -7.882079999999689 ], [ 110.276400000000606, -7.882110000000738 ], [ 110.276250000000772, -7.882170000001042 ], [ 110.27609999999909, -7.882250000000848 ], [ 110.275980000000317, -7.882320000000887 ], [ 110.275830000000454, -7.882379999999369 ], [ 110.275729999999342, -7.882470000000732 ], [ 110.275600000000821, -7.882550000000538 ], [ 110.275499999999695, -7.882630000000344 ], [ 110.275349999999861, -7.882799999999683 ], [ 110.2752, -7.882970000000851 ], [ 110.275040000000416, -7.882939999999786 ], [ 110.27448, -7.882900000000795 ], [ 110.27419, -7.882850000000232 ], [ 110.274100000000516, -7.882820000000994 ], [ 110.273999999999404, -7.882690000000648 ], [ 110.273870000000855, -7.8825 ], [ 110.273779999999505, -7.882420000000185 ], [ 110.273579999999086, -7.882390000000951 ], [ 110.273479999999807, -7.882310000001151 ], [ 110.273349999999439, -7.882120000000492 ], [ 110.273250000000147, -7.882040000000684 ], [ 110.273059999999489, -7.88199999999988 ], [ 110.272940000000702, -7.882009999999625 ], [ 110.272839999999604, -7.881960000000896 ], [ 110.272759999999806, -7.881929999999824 ], [ 110.272670000000247, -7.88185 ], [ 110.272580000000715, -7.88178 ], [ 110.272510000000665, -7.881700000000182 ], [ 110.272469999999856, -7.881610000000631 ], [ 110.272460000000109, -7.881509999999534 ], [ 110.272489999999351, -7.881320000000698 ], [ 110.272499999999098, -7.881230000001147 ], [ 110.27253000000016, -7.881090000001051 ], [ 110.272629999999438, -7.880730000001042 ], [ 110.27261, -7.880600000000693 ], [ 110.272549999999654, -7.880390000000533 ], [ 110.272460000000109, -7.88034999999972 ], [ 110.272360000000802, -7.880330000000239 ], [ 110.272220000000715, -7.880300000000997 ], [ 110.272080000000599, -7.880279999999678 ], [ 110.271880000000209, -7.880279999999672 ], [ 110.271710000000851, -7.88032000000049 ], [ 110.271520000000208, -7.880359999999476 ], [ 110.271339999999299, -7.880460000000589 ], [ 110.271199999999183, -7.88052000000089 ], [ 110.271080000000396, -7.880550000000127 ], [ 110.270889999999739, -7.88063 ], [ 110.270769999999132, -7.880649999999418 ], [ 110.270660000000106, -7.880610000000444 ], [ 110.270529999999738, -7.880579999999369 ], [ 110.270409999999146, -7.880550000000129 ], [ 110.270210000000546, -7.880489999999825 ], [ 110.270049999999145, -7.880470000000331 ], [ 110.269860000000293, -7.88048999999983 ], [ 110.269679999999397, -7.880530000000642 ], [ 110.269360000000205, -7.880559999999869 ], [ 110.26915, -7.880590000000941 ], [ 110.268770000000558, -7.880600000000689 ], [ 110.268449999999547, -7.880600000000688 ], [ 110.268239999999381, -7.880579999999383 ], [ 110.268029999999229, -7.880559999999877 ], [ 110.267850000000152, -7.880520000000893 ], [ 110.267690000000542, -7.88048 ], [ 110.265579999999275, -7.879880000000681 ], [ 110.26512, -7.878919999999474 ], [ 110.262590000000245, -7.87595 ], [ 110.261019999999888, -7.874990000000532 ], [ 110.260060000000493, -7.87369000000063 ], [ 110.259280000000174, -7.871940000001186 ], [ 110.258410000000325, -7.869940000000772 ], [ 110.257890000000742, -7.868200000001081 ], [ 110.257279999999781, -7.867070000000517 ], [ 110.256670000000639, -7.86594 ], [ 110.25650999999921, -7.865790000000117 ], [ 110.25612, -7.863590000001114 ], [ 110.256030000000436, -7.862600000000652 ], [ 110.256390000000437, -7.861610000000205 ], [ 110.257110000000424, -7.861160000000654 ], [ 110.258200000000187, -7.86061 ], [ 110.258830000000643, -7.860150000000703 ], [ 110.259099999999279, -7.859070000000697 ], [ 110.258900000000693, -7.85737 ], [ 110.25907999999977, -7.856190000000705 ], [ 110.259350000000225, -7.855030000000903 ], [ 110.25979, -7.853849999999793 ], [ 110.260790000000242, -7.853129999999784 ], [ 110.261959999999789, -7.8524 ], [ 110.262510000000432, -7.85168 ], [ 110.262769999999321, -7.85040999999937 ], [ 110.263670000000232, -7.848609999999375 ], [ 110.264300000000688, -7.847260000000734 ], [ 110.265020000000703, -7.84599 ], [ 110.265279999999578, -7.84455 ], [ 110.265450000000754, -7.843119999999813 ], [ 110.26526, -7.841410000001178 ], [ 110.266159999999175, -7.84023 ], [ 110.266890000000757, -7.839239999999609 ], [ 110.267369999999531, -7.837310000001072 ], [ 110.267529999999141, -7.83704000000061 ], [ 110.267719999999784, -7.836910000000257 ], [ 110.268050000000542, -7.836869999999461 ], [ 110.268280000000189, -7.836890000000764 ], [ 110.268560000000392, -7.836929999999759 ], [ 110.26893000000014, -7.836890000000766 ], [ 110.269350000000458, -7.836950000001068 ], [ 110.269679999999397, -7.837229999999456 ], [ 110.269990000000661, -7.837359999999807 ], [ 110.270249999999535, -7.837460000000919 ], [ 110.270599999999803, -7.83764 ], [ 110.270889999999739, -7.837900000000727 ], [ 110.271140000000699, -7.838190000000676 ], [ 110.271409999999335, -7.838320000001016 ], [ 110.271699999999285, -7.838239999999409 ], [ 110.272059999999286, -7.83822999999966 ], [ 110.27232, -7.838439999999812 ], [ 110.272580000000715, -7.838480000000614 ], [ 110.273189999999857, -7.83813000000037 ], [ 110.273289999999136, -7.837810000001166 ], [ 110.273419999999504, -7.837240000001021 ], [ 110.273719999999201, -7.836649999999556 ], [ 110.273999999999404, -7.836370000001176 ], [ 110.274240000000603, -7.83628999999955 ], [ 110.27486999999924, -7.836040000000413 ], [ 110.275369999999356, -7.835730000000972 ], [ 110.275750000000656, -7.835660000000916 ], [ 110.27599, -7.835730000000974 ], [ 110.276309999999256, -7.83551000000106 ], [ 110.276420000000101, -7.835090000000758 ], [ 110.27664, -7.834419999999493 ], [ 110.276760000000607, -7.834090000000559 ], [ 110.277079999999799, -7.83445000000057 ], [ 110.27749000000037, -7.834790000001066 ], [ 110.27794, -7.835180000000312 ], [ 110.278210000000357, -7.835279999999612 ], [ 110.278700000000725, -7.835240000000608 ], [ 110.279119999999196, -7.835250000000364 ], [ 110.279660000000121, -7.835489999999749 ], [ 110.279839999999197, -7.835590000000861 ], [ 110.280290000000576, -7.835629999999855 ], [ 110.28082, -7.835530000000563 ], [ 110.28118, -7.835359999999398 ], [ 110.281440000000615, -7.83541 ], [ 110.281600000000211, -7.835650000001174 ], [ 110.28161, -7.836160000001022 ], [ 110.281859999999114, -7.836639999999816 ], [ 110.282139999999316, -7.836700000000107 ], [ 110.282460000000327, -7.83663 ], [ 110.28283, -7.836480000000215 ], [ 110.283229999999051, -7.83654000000051 ], [ 110.283760000000228, -7.836610000000565 ], [ 110.284139999999709, -7.836680000000617 ], [ 110.284429999999659, -7.83664999999955 ], [ 110.284519999999205, -7.836289999999558 ], [ 110.284509999999457, -7.835950000000863 ], [ 110.284439999999407, -7.835559999999817 ], [ 110.28456, -7.835260000000106 ], [ 110.28475000000067, -7.835220000001117 ], [ 110.285029999999054, -7.835349999999663 ], [ 110.285190000000483, -7.835320000000411 ], [ 110.28535, -7.835330000000157 ], [ 110.285519999999423, -7.835419999999709 ] ] ] } },
{ "type": "Feature", "properties": { "KECAMATAN": "Banguntapan", "DESA": "Jambidan", "Sektor": "Banguntapan" }, "geometry": { "type": "Polygon", "coordinates": [ [ [ 110.4283099999993, -7.846270000000285 ], [ 110.428229999999488, -7.846530000000984 ], [ 110.42807, -7.846920000000233 ], [ 110.427970000000599, -7.847169999999366 ], [ 110.42801999999935, -7.84776000000084 ], [ 110.42821, -7.848089999999771 ], [ 110.428379999999351, -7.848430000000278 ], [ 110.428540000000751, -7.848650000000183 ], [ 110.428819999999135, -7.849039999999426 ], [ 110.428990000000312, -7.849350000000685 ], [ 110.429140000000146, -7.84952 ], [ 110.429309999999504, -7.84988 ], [ 110.429369999999807, -7.850189999999469 ], [ 110.429550000000702, -7.850469999999686 ], [ 110.429690000000818, -7.850710000000886 ], [ 110.42979, -7.85096 ], [ 110.429910000000717, -7.851290000000793 ], [ 110.429910000000717, -7.85161 ], [ 110.429819999999339, -7.851839999999626 ], [ 110.429599999999454, -7.852059999999523 ], [ 110.429330000000817, -7.852339999999732 ], [ 110.429179999999135, -7.852540000000137 ], [ 110.428920000000247, -7.852779999999531 ], [ 110.428690000000614, -7.853010000000991 ], [ 110.42843, -7.85334 ], [ 110.42821, -7.85362000000014 ], [ 110.427999999999855, -7.853919999999841 ], [ 110.4277299999994, -7.85436999999938 ], [ 110.427519999999234, -7.854680000000646 ], [ 110.42727999999984, -7.855110000000695 ], [ 110.427050000000193, -7.855449999999381 ], [ 110.426900000000344, -7.855740000001147 ], [ 110.426719999999435, -7.855949999999483 ], [ 110.4265699999996, -7.856190000000691 ], [ 110.426289999999383, -7.856439999999835 ], [ 110.42598, -7.856680000001052 ], [ 110.424370000000607, -7.858210000000603 ], [ 110.424269999999495, -7.858319999999631 ], [ 110.424080000000657, -7.858510000000302 ], [ 110.423899999999733, -7.858650000000407 ], [ 110.423650000000592, -7.858829999999501 ], [ 110.423409999999393, -7.85902000000014 ], [ 110.423039999999645, -7.859380000000156 ], [ 110.422699999999125, -7.8596 ], [ 110.422179999999543, -7.859950000000308 ], [ 110.4218, -7.860259999999747 ], [ 110.42144, -7.860600000000254 ], [ 110.421239999999642, -7.860769999999598 ], [ 110.421060000000537, -7.860989999999489 ], [ 110.420860000000147, -7.86130000000075 ], [ 110.420700000000537, -7.86162 ], [ 110.420539999999122, -7.862040000000247 ], [ 110.420410000000587, -7.862330000000197 ], [ 110.420280000000247, -7.862629999999895 ], [ 110.420159999999626, -7.862940000001172 ], [ 110.42022, -7.863340000000163 ], [ 110.41945999999912, -7.863859999999755 ], [ 110.41921, -7.863830000000519 ], [ 110.418999999999841, -7.863900000000559 ], [ 110.418859999999725, -7.864110000000705 ], [ 110.41885, -7.864380000001169 ], [ 110.419029999999083, -7.864560000000252 ], [ 110.418999999999841, -7.864770000000409 ], [ 110.41887999999922, -7.864960000001058 ], [ 110.418669999999068, -7.86490000000077 ], [ 110.418410000000193, -7.864620000000567 ], [ 110.418289999999573, -7.864480000000463 ], [ 110.418040000000431, -7.864310000001118 ], [ 110.4177, -7.86421 ], [ 110.417400000000228, -7.864089999999407 ], [ 110.417059999999722, -7.863999999999852 ], [ 110.416869999999079, -7.863789999999706 ], [ 110.41693999999913, -7.863569999999806 ], [ 110.41703000000048, -7.863320000000665 ], [ 110.417110000000278, -7.863110000000519 ], [ 110.41712, -7.862910000000106 ], [ 110.417199999999838, -7.8627 ], [ 110.417240000000646, -7.862460000000562 ], [ 110.417279999999622, -7.862230000000905 ], [ 110.417349999999672, -7.862040000000247 ], [ 110.41742999999947, -7.861820000000362 ], [ 110.417470000000293, -7.861559999999653 ], [ 110.417419999999723, -7.86143000000111 ], [ 110.41722999999908, -7.861390000000307 ], [ 110.416989999999672, -7.861430000001109 ], [ 110.416660000000732, -7.861549999999899 ], [ 110.416530000000392, -7.861740000000548 ], [ 110.416559999999635, -7.86190000000015 ], [ 110.41654000000014, -7.862180000000351 ], [ 110.41638000000053, -7.86245000000081 ], [ 110.416149999999064, -7.862580000001168 ], [ 110.41587000000068, -7.862489999999804 ], [ 110.41551000000068, -7.862359999999438 ], [ 110.415160000000427, -7.862250000000408 ], [ 110.414800000000426, -7.86212 ], [ 110.414489999999162, -7.861970000000197 ], [ 110.414070000000692, -7.86188000000065 ], [ 110.413660000000121, -7.861800000000852 ], [ 110.413200000000842, -7.861720000001058 ], [ 110.412549999999072, -7.86158000000096 ], [ 110.41208, -7.86152000000066 ], [ 110.411679999999208, -7.861479999999845 ], [ 110.411480000000623, -7.861419999999542 ], [ 110.410970000000788, -7.861320000000247 ], [ 110.4105, -7.861279999999446 ], [ 110.409999999999826, -7.861209999999394 ], [ 110.409659999999306, -7.8611700000004 ], [ 110.4092, -7.861129999999604 ], [ 110.408960000000619, -7.861119999999851 ], [ 110.408690000000163, -7.860909999999705 ], [ 110.408690000000163, -7.860689999999798 ], [ 110.408719999999406, -7.860360000000856 ], [ 110.408760000000228, -7.860129999999391 ], [ 110.408830000000279, -7.859829999999699 ], [ 110.40884, -7.859609999999793 ], [ 110.408729999999153, -7.859430000000697 ], [ 110.408709999999658, -7.85924999999979 ], [ 110.4087, -7.859020000000153 ], [ 110.408729999999153, -7.85875999999944 ], [ 110.408799999999218, -7.85845999999974 ], [ 110.408880000000835, -7.85816 ], [ 110.40891, -7.857949999999896 ], [ 110.40884, -7.857700000000744 ], [ 110.408859999999521, -7.857540000001153 ], [ 110.408900000000315, -7.856949999999698 ], [ 110.40891999999981, -7.856490000000393 ], [ 110.40891999999981, -7.856030000001102 ], [ 110.408960000000619, -7.855750000000907 ], [ 110.408999999999608, -7.855490000000186 ], [ 110.408989999999861, -7.85514 ], [ 110.409100000000734, -7.855060000000141 ], [ 110.409330000000367, -7.854770000000186 ], [ 110.409359999999609, -7.854340000000152 ], [ 110.409379999999118, -7.853929999999591 ], [ 110.409439999999421, -7.853380000000747 ], [ 110.409519999999205, -7.852900000000148 ], [ 110.409579999999508, -7.852520000000641 ], [ 110.409649999999559, -7.852189999999878 ], [ 110.409719999999623, -7.852090000000596 ], [ 110.409980000000317, -7.852010000000795 ], [ 110.410029999999068, -7.85180000000064 ], [ 110.410050000000382, -7.851580000000744 ], [ 110.410069999999877, -7.851100000000135 ], [ 110.410110000000685, -7.850749999999879 ], [ 110.410180000000722, -7.850370000000392 ], [ 110.410250000000772, -7.849990000000893 ], [ 110.410250000000772, -7.849710000000682 ], [ 110.410299999999523, -7.84945 ], [ 110.410320000000837, -7.849239999999835 ], [ 110.410270000000267, -7.849109999999484 ], [ 110.41042000000013, -7.84902 ], [ 110.410509999999661, -7.848969999999377 ], [ 110.410579999999712, -7.848910000000895 ], [ 110.410719999999827, -7.84849000000058 ], [ 110.410729999999575, -7.84828000000044 ], [ 110.410749999999055, -7.84798000000074 ], [ 110.410780000000116, -7.84779 ], [ 110.410799999999611, -7.847529999999368 ], [ 110.410819999999106, -7.847229999999668 ], [ 110.410869999999662, -7.847 ], [ 110.410900000000723, -7.846760000000625 ], [ 110.41093, -7.846530000000985 ], [ 110.410959999999221, -7.846240000001031 ], [ 110.410959999999221, -7.84600999999958 ], [ 110.410990000000282, -7.84581000000099 ], [ 110.411040000000838, -7.84556 ], [ 110.41107, -7.845330000000378 ], [ 110.411079999999814, -7.845160000001032 ], [ 110.411120000000622, -7.844890000000585 ], [ 110.411149999999864, -7.844709999999678 ], [ 110.411190000000673, -7.84441 ], [ 110.411280000000232, -7.84398 ], [ 110.41129, -7.843810000000584 ], [ 110.411309999999474, -7.843540000000126 ], [ 110.411350000000283, -7.843320000000218 ], [ 110.411389999999258, -7.843199999999617 ], [ 110.411570000000182, -7.843180000000118 ], [ 110.411860000000132, -7.843240000000431 ], [ 110.412169999999577, -7.843310000000474 ], [ 110.412480000000841, -7.843440000000824 ], [ 110.412969999999362, -7.843520000000624 ], [ 110.413309999999868, -7.843549999999866 ], [ 110.413650000000374, -7.843530000000372 ], [ 110.413899999999515, -7.843279999999422 ], [ 110.413920000000829, -7.843049999999759 ], [ 110.413920000000829, -7.842469999999867 ], [ 110.413909999999262, -7.842339999999514 ], [ 110.41395, -7.84225 ], [ 110.414119999999429, -7.842199999999424 ], [ 110.414389999999884, -7.84225999999972 ], [ 110.414650000000591, -7.842360000000831 ], [ 110.41493000000078, -7.842460000000123 ], [ 110.415160000000427, -7.842479999999621 ], [ 110.415370000000593, -7.842469999999875 ], [ 110.415569999999164, -7.842360000000832 ], [ 110.415650000000795, -7.842189999999674 ], [ 110.415689999999785, -7.84203 ], [ 110.415699999999532, -7.841730000000378 ], [ 110.415709999999279, -7.841560000001026 ], [ 110.415740000000326, -7.841420000000924 ], [ 110.415820000000124, -7.84117 ], [ 110.415890000000189, -7.841039999999604 ], [ 110.41596000000024, -7.84081 ], [ 110.415979999999735, -7.840679999999614 ], [ 110.415909999999684, -7.84052 ], [ 110.415769999999569, -7.840360000000416 ], [ 110.415759999999821, -7.84023999999981 ], [ 110.415810000000377, -7.840120000001032 ], [ 110.415989999999482, -7.840010000000169 ], [ 110.416119999999822, -7.839830000001076 ], [ 110.416180000000125, -7.839640000000416 ], [ 110.416209999999381, -7.839540000001127 ], [ 110.416359999999216, -7.839490000000578 ], [ 110.416670000000479, -7.839550000000882 ], [ 110.416950000000696, -7.839640000000425 ], [ 110.417180000000343, -7.839690000000974 ], [ 110.417419999999723, -7.8398 ], [ 110.417559999999838, -7.839949999999868 ], [ 110.417559999999838, -7.840150000000263 ], [ 110.417499999999535, -7.840410000000973 ], [ 110.417450000000798, -7.840630000000868 ], [ 110.417419999999723, -7.840870000000264 ], [ 110.41735999999942, -7.841090000000173 ], [ 110.417279999999622, -7.841410000001186 ], [ 110.417250000000394, -7.841640000000827 ], [ 110.417400000000228, -7.84182 ], [ 110.417559999999838, -7.841839999999419 ], [ 110.41771999999942, -7.84185000000098 ], [ 110.417799999999232, -7.841930000000776 ], [ 110.417789999999485, -7.842119999999612 ], [ 110.417799999999232, -7.842310000000277 ], [ 110.417810000000799, -7.842490000001185 ], [ 110.417799999999232, -7.842689999999761 ], [ 110.417789999999485, -7.842870000000675 ], [ 110.417740000000734, -7.843150000000886 ], [ 110.4177, -7.843339999999714 ], [ 110.4177, -7.843500000001138 ], [ 110.417709999999673, -7.84370999999947 ], [ 110.417740000000734, -7.843860000001144 ], [ 110.418180000000547, -7.84401000000099 ], [ 110.418400000000446, -7.84405999999972 ], [ 110.418600000000836, -7.844110000000269 ], [ 110.41885, -7.844220000001137 ], [ 110.419089999999386, -7.844289999999365 ], [ 110.419270000000282, -7.844330000000173 ], [ 110.419630000000296, -7.844419999999721 ], [ 110.420089999999576, -7.844520000000839 ], [ 110.420529999999374, -7.844660000000935 ], [ 110.420899999999136, -7.844810000000775 ], [ 110.421350000000487, -7.844960000000634 ], [ 110.421840000000856, -7.845050000000173 ], [ 110.422399999999428, -7.845120000000225 ], [ 110.422889999999782, -7.84524000000083 ], [ 110.423370000000403, -7.845349999999878 ], [ 110.423919999999228, -7.845470000000475 ], [ 110.424380000000355, -7.845620000000324 ], [ 110.424849999999381, -7.845760000000432 ], [ 110.425170000000392, -7.845810000000982 ], [ 110.42533999999975, -7.845820000000733 ], [ 110.425530000000407, -7.845770000000181 ], [ 110.425670000000494, -7.845670000000884 ], [ 110.425800000000848, -7.845680000000629 ], [ 110.42591, -7.845880000001045 ], [ 110.426069999999484, -7.846050000000372 ], [ 110.426299999999131, -7.846200000000233 ], [ 110.426559999999853, -7.84628 ], [ 110.42684, -7.846320000000832 ], [ 110.427030000000698, -7.846420000000125 ], [ 110.42727, -7.8465 ], [ 110.427509999999501, -7.846340000000335 ], [ 110.427680000000649, -7.846229999999466 ], [ 110.42801999999935, -7.846240000001031 ], [ 110.4283099999993, -7.846270000000285 ] ] ] } },
{ "type": "Feature", "properties": { "KECAMATAN": "Banguntapan", "DESA": "Wirokerten", "Sektor": "Banguntapan" }, "geometry": { "type": "Polygon", "coordinates": [ [ [ 110.410270000000267, -7.849109999999484 ], [ 110.410320000000837, -7.849239999999835 ], [ 110.410299999999523, -7.84945 ], [ 110.410250000000772, -7.849710000000682 ], [ 110.410250000000772, -7.849990000000893 ], [ 110.410180000000722, -7.850370000000392 ], [ 110.410110000000685, -7.850749999999879 ], [ 110.410069999999877, -7.851100000000135 ], [ 110.410050000000382, -7.851580000000744 ], [ 110.410029999999068, -7.85180000000064 ], [ 110.409980000000317, -7.852010000000795 ], [ 110.409719999999623, -7.852090000000596 ], [ 110.409649999999559, -7.852189999999878 ], [ 110.409579999999508, -7.852520000000641 ], [ 110.409519999999205, -7.852900000000148 ], [ 110.409439999999421, -7.853380000000747 ], [ 110.409379999999118, -7.853929999999591 ], [ 110.409359999999609, -7.854340000000152 ], [ 110.409330000000367, -7.854770000000186 ], [ 110.409100000000734, -7.855060000000141 ], [ 110.408849999999774, -7.854859999999736 ], [ 110.407769999999758, -7.854639999999845 ], [ 110.407440000000818, -7.854639999999839 ], [ 110.407080000000818, -7.854729999999385 ], [ 110.40682000000011, -7.854840000000238 ], [ 110.40639, -7.854830000000504 ], [ 110.406150000000665, -7.854799999999428 ], [ 110.405759999999617, -7.854690000000391 ], [ 110.405399999999617, -7.854620000000339 ], [ 110.405049999999363, -7.854579999999541 ], [ 110.404660000000106, -7.85456 ], [ 110.404560000000814, -7.854680000000644 ], [ 110.404500000000525, -7.854980000000342 ], [ 110.40440999999916, -7.85528 ], [ 110.404329999999348, -7.855550000000497 ], [ 110.404259999999297, -7.855869999999683 ], [ 110.404169999999766, -7.85629 ], [ 110.40409, -7.856560000000452 ], [ 110.404200000000827, -7.856809999999593 ], [ 110.404270000000864, -7.857169999999589 ], [ 110.404420000000727, -7.857690000001005 ], [ 110.404440000000221, -7.857840000000848 ], [ 110.404529999999767, -7.858120000001059 ], [ 110.404570000000561, -7.8585700000006 ], [ 110.404749999999666, -7.859020000000146 ], [ 110.4048999999995, -7.859259999999546 ], [ 110.405000000000612, -7.859500000000749 ], [ 110.405059999999111, -7.859740000000148 ], [ 110.405020000000107, -7.859870000000504 ], [ 110.404920000000814, -7.86004999999959 ], [ 110.404940000000309, -7.860450000000395 ], [ 110.404969999999551, -7.860640000001057 ], [ 110.405059999999111, -7.861160000000652 ], [ 110.4051, -7.861419999999537 ], [ 110.405140000000728, -7.861730000000803 ], [ 110.405109999999667, -7.861950000000705 ], [ 110.40501000000036, -7.862129999999799 ], [ 110.404679999999601, -7.862199999999855 ], [ 110.404479999999211, -7.862289999999403 ], [ 110.404319999999601, -7.86231000000071 ], [ 110.403990000000661, -7.862209999999605 ], [ 110.403790000000271, -7.862139999999553 ], [ 110.403239999999613, -7.862010000001018 ], [ 110.402949999999663, -7.86198 ], [ 110.40259999999941, -7.861989999999694 ], [ 110.402280000000218, -7.861999999999444 ], [ 110.402050000000571, -7.862040000000262 ], [ 110.401920000000217, -7.862139999999539 ], [ 110.401910000000456, -7.862400000000256 ], [ 110.401869999999647, -7.86262000000016 ], [ 110.40172999999956, -7.862680000000463 ], [ 110.401509999999647, -7.86222000000116 ], [ 110.401439999999596, -7.862069999999503 ], [ 110.401369999999559, -7.861839999999845 ], [ 110.401239999999191, -7.861569999999396 ], [ 110.401200000000202, -7.861349999999493 ], [ 110.401030000000873, -7.861240000000448 ], [ 110.400840000000201, -7.861290000001007 ], [ 110.400449999999154, -7.861419999999549 ], [ 110.4002, -7.8614 ], [ 110.399849999999759, -7.861380000000565 ], [ 110.399470000000264, -7.861339999999754 ], [ 110.39923000000087, -7.861310000000504 ], [ 110.3989600000004, -7.861290000001013 ], [ 110.398660000000703, -7.861250000000203 ], [ 110.39833, -7.861230000000706 ], [ 110.3979999999992, -7.861180000000146 ], [ 110.397709999999236, -7.86112999999959 ], [ 110.397469999999842, -7.86104 ], [ 110.39718999999964, -7.86097 ], [ 110.396930000000751, -7.860940000000763 ], [ 110.396650000000562, -7.860950000000505 ], [ 110.396380000000107, -7.861030000000294 ], [ 110.396150000000461, -7.861070000001102 ], [ 110.396059999999096, -7.86118000000016 ], [ 110.395899999999486, -7.860870000000709 ], [ 110.39595, -7.860650000000807 ], [ 110.396029999999854, -7.860380000000344 ], [ 110.396140000000713, -7.860199999999449 ], [ 110.3962800000008, -7.859990000001108 ], [ 110.396419999999097, -7.859839999999435 ], [ 110.396590000000245, -7.859689999999599 ], [ 110.396759999999603, -7.859469999999686 ], [ 110.396819999999892, -7.8592499999998 ], [ 110.396839999999386, -7.859060000000953 ], [ 110.396880000000195, -7.858860000000551 ], [ 110.396909999999437, -7.85867 ], [ 110.39696, -7.85852 ], [ 110.39703, -7.858389999999691 ], [ 110.397160000000397, -7.858249999999597 ], [ 110.397360000000816, -7.858169999999788 ], [ 110.397590000000463, -7.858029999999696 ], [ 110.397450000000347, -7.857920000000655 ], [ 110.397220000000701, -7.8578500000006 ], [ 110.396870000000447, -7.85773 ], [ 110.396580000000498, -7.857650000000191 ], [ 110.396329999999551, -7.857630000000697 ], [ 110.396020000000107, -7.857580000000143 ], [ 110.395699999999081, -7.857540000001149 ], [ 110.39545, -7.857529999999595 ], [ 110.395200000000813, -7.857570000000394 ], [ 110.394959999999585, -7.857650000000201 ], [ 110.3948, -7.857720000000239 ], [ 110.394459999999484, -7.85773 ], [ 110.394099999999483, -7.857580000000153 ], [ 110.393969999999143, -7.857379999999748 ], [ 110.394089999999736, -7.857159999999838 ], [ 110.394169999999548, -7.857019999999743 ], [ 110.394249999999346, -7.856820000001155 ], [ 110.394319999999382, -7.856599999999435 ], [ 110.394480000000812, -7.8563900000011 ], [ 110.394650000000141, -7.856260000000758 ], [ 110.394679999999383, -7.856050000000604 ], [ 110.394580000000104, -7.855890000001008 ], [ 110.39451, -7.855740000001149 ], [ 110.394459999999484, -7.855550000000495 ], [ 110.394360000000191, -7.855400000000651 ], [ 110.394179999999295, -7.8554100000004 ], [ 110.39401, -7.8555 ], [ 110.393879999999598, -7.85564 ], [ 110.393770000000544, -7.855600000001059 ], [ 110.393630000000456, -7.8555 ], [ 110.39342000000029, -7.855410000000393 ], [ 110.39316999999933, -7.85539000000091 ], [ 110.392920000000203, -7.855420000000138 ], [ 110.392789999999835, -7.855550000000503 ], [ 110.392620000000505, -7.855760000000655 ], [ 110.392509999999632, -7.855670000001095 ], [ 110.392470000000642, -7.855460000000946 ], [ 110.392470000000642, -7.855260000000544 ], [ 110.392340000000303, -7.85520000000024 ], [ 110.392169999999126, -7.855030000000901 ], [ 110.391890000000743, -7.854789999999692 ], [ 110.391519999999176, -7.854700000000135 ], [ 110.391100000000705, -7.854729999999387 ], [ 110.390579999999275, -7.853830000000299 ], [ 110.390339999999881, -7.853590000000898 ], [ 110.390100000000487, -7.853359999999431 ], [ 110.389670000000436, -7.853250000000389 ], [ 110.388709999999222, -7.853199999999832 ], [ 110.38825999999969, -7.853080000001039 ], [ 110.388290000000751, -7.852720000001048 ], [ 110.388370000000549, -7.852440000000851 ], [ 110.388450000000333, -7.851909999999679 ], [ 110.388590000000448, -7.851300000000549 ], [ 110.388730000000535, -7.850619999999538 ], [ 110.38885999999907, -7.849940000000341 ], [ 110.388999999999186, -7.848920000000644 ], [ 110.389189999999843, -7.848040000001045 ], [ 110.389320000000197, -7.84743 ], [ 110.38947, -7.846729999999575 ], [ 110.389579999999086, -7.84597000000059 ], [ 110.389569999999338, -7.845690000000386 ], [ 110.389639999999375, -7.845240000000834 ], [ 110.389660000000688, -7.844849999999775 ], [ 110.389339999999677, -7.84477 ], [ 110.388899999999893, -7.844810000000789 ], [ 110.38849999999907, -7.84477 ], [ 110.388580000000701, -7.844559999999817 ], [ 110.38885999999907, -7.843929999999375 ], [ 110.38897, -7.843769999999777 ], [ 110.389559999999591, -7.843699999999723 ], [ 110.389820000000299, -7.843600000000429 ], [ 110.389880000000602, -7.843199999999613 ], [ 110.389999999999375, -7.842580000000732 ], [ 110.390100000000487, -7.842479999999624 ], [ 110.390639999999578, -7.842510000000684 ], [ 110.391289999999529, -7.842530000000178 ], [ 110.391929999999732, -7.842580000000728 ], [ 110.392369999999545, -7.84268 ], [ 110.39228, -7.84333 ], [ 110.392540000000693, -7.843440000000829 ], [ 110.392789999999835, -7.843450000000584 ], [ 110.393040000000809, -7.843460000000325 ], [ 110.393210000000138, -7.843489999999568 ], [ 110.393410000000543, -7.843479999999816 ], [ 110.393679999999179, -7.84347 ], [ 110.393889999999345, -7.843430000001085 ], [ 110.394169999999548, -7.843380000000518 ], [ 110.394319999999382, -7.843320000000218 ], [ 110.394430000000241, -7.843119999999825 ], [ 110.394500000000306, -7.842829999999872 ], [ 110.394500000000306, -7.842670000000276 ], [ 110.394589999999852, -7.84254 ], [ 110.39473, -7.842520000000429 ], [ 110.394829999999246, -7.842490000001179 ], [ 110.395029999999636, -7.842570000000975 ], [ 110.395039999999383, -7.842730000000568 ], [ 110.395000000000394, -7.842820000000127 ], [ 110.394920000000596, -7.84304 ], [ 110.394879999999802, -7.843240000000426 ], [ 110.394930000000343, -7.843430000001078 ], [ 110.395080000000192, -7.843479999999825 ], [ 110.395179999999499, -7.843489999999559 ], [ 110.395270000000849, -7.84346000000032 ], [ 110.395490000000763, -7.84311 ], [ 110.395560000000799, -7.842829999999871 ], [ 110.39563000000085, -7.842510000000679 ], [ 110.395819999999702, -7.842070000000876 ], [ 110.395959999999789, -7.841720000000621 ], [ 110.396070000000663, -7.841380000000128 ], [ 110.396220000000497, -7.841090000000173 ], [ 110.396380000000107, -7.840889999999757 ], [ 110.396479999999386, -7.840790000000478 ], [ 110.396759999999603, -7.841090000000167 ], [ 110.396950000000245, -7.841189999999457 ], [ 110.397199999999387, -7.841160000000213 ], [ 110.397489999999337, -7.841130000000985 ], [ 110.397699999999503, -7.841160000000223 ], [ 110.39811, -7.841160000000211 ], [ 110.398409999999743, -7.841160000000211 ], [ 110.398740000000501, -7.841179999999707 ], [ 110.399859999999506, -7.841220000000523 ], [ 110.4002, -7.841179999999717 ], [ 110.40049, -7.84117 ], [ 110.400680000000619, -7.841179999999722 ], [ 110.401009999999559, -7.841210000000781 ], [ 110.40121, -7.841200000001027 ], [ 110.401519999999394, -7.84124 ], [ 110.401799999999596, -7.841280000000819 ], [ 110.402079999999799, -7.841290000000572 ], [ 110.40230999999946, -7.84124 ], [ 110.40259999999941, -7.841160000000225 ], [ 110.402910000000674, -7.841070000000677 ], [ 110.40315, -7.841020000000128 ], [ 110.40574999999987, -7.84052 ], [ 110.40571000000088, -7.840730000000169 ], [ 110.405689999999566, -7.840980000001137 ], [ 110.40571000000088, -7.841119999999412 ], [ 110.405829999999654, -7.84138000000012 ], [ 110.40595000000026, -7.841590000000272 ], [ 110.406080000000628, -7.841759999999617 ], [ 110.406150000000665, -7.841940000000523 ], [ 110.406220000000715, -7.842160000000418 ], [ 110.406230000000463, -7.842339999999522 ], [ 110.406170000000159, -7.84261 ], [ 110.406049999999567, -7.842839999999613 ], [ 110.405880000000209, -7.843059999999523 ], [ 110.405790000000664, -7.843189999999874 ], [ 110.405699999999314, -7.843360000001036 ], [ 110.405660000000324, -7.843549999999868 ], [ 110.405590000000259, -7.84376 ], [ 110.405539999999704, -7.843960000000425 ], [ 110.405520000000209, -7.844209999999562 ], [ 110.405489999999148, -7.844499999999515 ], [ 110.405520000000209, -7.844730000000978 ], [ 110.405510000000461, -7.844890000000587 ], [ 110.40546, -7.845110000000472 ], [ 110.405220000000512, -7.845390000000685 ], [ 110.404979999999298, -7.845600000000839 ], [ 110.404839999999211, -7.845750000000685 ], [ 110.404669999999854, -7.845980000000328 ], [ 110.404599999999803, -7.846100000000927 ], [ 110.404529999999767, -7.846369999999579 ], [ 110.40445, -7.846490000000186 ], [ 110.40440999999916, -7.846680000000841 ], [ 110.4045399999995, -7.846960000001041 ], [ 110.404679999999601, -7.84720000000044 ], [ 110.404920000000814, -7.847369999999783 ], [ 110.405109999999667, -7.847449999999572 ], [ 110.405469999999653, -7.847560000000436 ], [ 110.405740000000122, -7.847630000000481 ], [ 110.40603, -7.847680000001042 ], [ 110.40629000000078, -7.847669999999469 ], [ 110.406660000000528, -7.84773999999953 ], [ 110.406960000000225, -7.847910000000692 ], [ 110.407219999999114, -7.84815 ], [ 110.407370000000768, -7.848249999999379 ], [ 110.407639999999418, -7.848360000000242 ], [ 110.40784999999957, -7.84844 ], [ 110.408180000000328, -7.848500000000324 ], [ 110.408470000000278, -7.84857000000039 ], [ 110.408750000000481, -7.848650000000187 ], [ 110.408999999999608, -7.848720000000237 ], [ 110.409289999999558, -7.848840000000843 ], [ 110.409610000000569, -7.848920000000632 ], [ 110.409910000000266, -7.849039999999423 ], [ 110.410019999999321, -7.849080000000226 ], [ 110.410270000000267, -7.849109999999484 ] ] ] } },
{ "type": "Feature", "properties": { "KECAMATAN": "Sewon", "DESA": "Pendowoharjo", "Sektor": "Kasihan" }, "geometry": { "type": "Polygon", "coordinates": [ [ [ 110.335300000000615, -7.847470000000889 ], [ 110.335160000000499, -7.847570000000173 ], [ 110.335059999999388, -7.84765 ], [ 110.334810000000246, -7.847710000000284 ], [ 110.334549999999552, -7.847729999999765 ], [ 110.334310000000158, -7.847860000000138 ], [ 110.33426999999935, -7.848050000000783 ], [ 110.334349999999148, -7.84843000000029 ], [ 110.334419999999184, -7.848720000000236 ], [ 110.334520000000296, -7.848959999999633 ], [ 110.334629999999351, -7.849109999999482 ], [ 110.334839999999488, -7.849150000000281 ], [ 110.335170000000261, -7.849130000000782 ], [ 110.335450000000449, -7.849080000000232 ], [ 110.33562999999954, -7.849060000000736 ], [ 110.335929999999237, -7.849039999999429 ], [ 110.336010000000854, -7.849080000000236 ], [ 110.336010000000854, -7.84921000000058 ], [ 110.335940000000804, -7.849399999999433 ], [ 110.335859999999201, -7.849660000000138 ], [ 110.335769999999641, -7.849850000000786 ], [ 110.3359, -7.850109999999681 ], [ 110.336139999999403, -7.850060000000934 ], [ 110.336349999999541, -7.850029999999891 ], [ 110.336610000000249, -7.850029999999888 ], [ 110.336880000000704, -7.850020000000139 ], [ 110.337159999999102, -7.850020000000135 ], [ 110.337149999999355, -7.849829999999476 ], [ 110.337110000000365, -7.849599999999823 ], [ 110.337100000000618, -7.84938 ], [ 110.337159999999102, -7.849280000000639 ], [ 110.33727, -7.849190000001088 ], [ 110.3376200000002, -7.848920000000642 ], [ 110.337830000000352, -7.848690000000999 ], [ 110.337970000000468, -7.84852999999958 ], [ 110.338170000000858, -7.848200000000645 ], [ 110.338250000000656, -7.84808 ], [ 110.338460000000808, -7.84780999999957 ], [ 110.338599999999104, -7.847680000001044 ], [ 110.338799999999495, -7.84743 ], [ 110.338920000000115, -7.847420000000326 ], [ 110.339079999999697, -7.847410000000575 ], [ 110.339309999999358, -7.847480000000627 ], [ 110.339509999999748, -7.84758 ], [ 110.33972, -7.847620000000738 ], [ 110.339889999999258, -7.84769000000079 ], [ 110.340070000000154, -7.847820000001138 ], [ 110.340200000000522, -7.847930000000183 ], [ 110.340319999999295, -7.848070000000282 ], [ 110.340399999999093, -7.848309999999679 ], [ 110.340599999999498, -7.848410000000788 ], [ 110.340990000000559, -7.84837 ], [ 110.341290000000257, -7.848360000000236 ], [ 110.341539999999398, -7.84833000000099 ], [ 110.341700000000827, -7.848260000000942 ], [ 110.341839999999095, -7.848159999999825 ], [ 110.342049999999261, -7.84815 ], [ 110.342210000000662, -7.848200000000643 ], [ 110.342319999999717, -7.848309999999669 ], [ 110.342389999999767, -7.848480000000847 ], [ 110.342420000000828, -7.848630000000685 ], [ 110.342409999999262, -7.848809999999773 ], [ 110.342370000000273, -7.848910000000889 ], [ 110.342350000000778, -7.849029999999679 ], [ 110.342399999999515, -7.849150000000286 ], [ 110.342539999999602, -7.849200000000849 ], [ 110.342660000000222, -7.849270000000889 ], [ 110.342839999999299, -7.849389999999675 ], [ 110.343070000000765, -7.84957000000058 ], [ 110.34324999999987, -7.849700000000936 ], [ 110.343370000000476, -7.849580000000338 ], [ 110.343479999999502, -7.849500000000547 ], [ 110.343600000000123, -7.849480000001048 ], [ 110.343800000000513, -7.849599999999827 ], [ 110.343919999999315, -7.849689999999374 ], [ 110.34403000000016, -7.849689999999369 ], [ 110.344170000000261, -7.849689999999378 ], [ 110.34432000000011, -7.84956000000084 ], [ 110.344370000000666, -7.849410000000987 ], [ 110.344339999999605, -7.849280000000633 ], [ 110.344329999999857, -7.849099999999726 ], [ 110.34432000000011, -7.848969999999369 ], [ 110.344359999999099, -7.848850000000588 ], [ 110.3444, -7.848669999999684 ], [ 110.344450000000464, -7.848560000000632 ], [ 110.34454, -7.84841000000079 ], [ 110.34461, -7.84828000000043 ], [ 110.344789999999165, -7.848130000000591 ], [ 110.34497, -7.848060000000545 ], [ 110.345049999999858, -7.848260000000944 ], [ 110.345110000000176, -7.848389999999477 ], [ 110.34526, -7.84844 ], [ 110.345419999999621, -7.848400000001048 ], [ 110.34548, -7.848280000000432 ], [ 110.345559999999708, -7.84808 ], [ 110.345600000000516, -7.847920000000441 ], [ 110.345600000000516, -7.847669999999475 ], [ 110.34553000000048, -7.847509999999883 ], [ 110.345489999999671, -7.847280000000223 ], [ 110.345559999999708, -7.847140000000127 ], [ 110.345660000000819, -7.847 ], [ 110.345939999999203, -7.846920000000223 ], [ 110.34611000000038, -7.847420000000329 ], [ 110.346229999999153, -7.847540000000934 ], [ 110.346489999999861, -7.847750000001086 ], [ 110.34677, -7.84794 ], [ 110.347030000000785, -7.848120000000833 ], [ 110.34728, -7.848249999999369 ], [ 110.347460000000822, -7.848330000000995 ], [ 110.347729999999459, -7.848140000000329 ], [ 110.347859999999812, -7.84790000000093 ], [ 110.347939999999625, -7.84769000000079 ], [ 110.347970000000686, -7.847490000000383 ], [ 110.347879999999307, -7.847200000000438 ], [ 110.347789999999762, -7.847019999999519 ], [ 110.347690000000483, -7.846900000000732 ], [ 110.347550000000368, -7.846789999999871 ], [ 110.347499999999812, -7.846700000000326 ], [ 110.347499999999812, -7.846560000000224 ], [ 110.347519999999307, -7.846460000000944 ], [ 110.347610000000685, -7.846380000001136 ], [ 110.34783000000057, -7.846320000000837 ], [ 110.34805000000047, -7.846359999999829 ], [ 110.348260000000636, -7.846540000000734 ], [ 110.348490000000268, -7.846780000000132 ], [ 110.348550000000586, -7.847019999999524 ], [ 110.348550000000586, -7.847159999999621 ], [ 110.34857, -7.847330000000794 ], [ 110.348630000000384, -7.847500000000125 ], [ 110.34880999999946, -7.847589999999671 ], [ 110.349009999999865, -7.847680000001044 ], [ 110.349169999999475, -7.847840000000629 ], [ 110.349309999999562, -7.848099999999531 ], [ 110.349340000000623, -7.848400000001038 ], [ 110.349369999999865, -7.84865000000018 ], [ 110.349369999999865, -7.848920000000632 ], [ 110.349340000000623, -7.84902 ], [ 110.349340000000623, -7.849140000000542 ], [ 110.349350000000371, -7.849290000000383 ], [ 110.349369999999865, -7.849490000000782 ], [ 110.349329999999057, -7.849669999999884 ], [ 110.34931999999931, -7.849790000000485 ], [ 110.349260000000839, -7.84995 ], [ 110.349070000000168, -7.850060000000948 ], [ 110.348749999999157, -7.85014000000074 ], [ 110.348389999999156, -7.850230000000288 ], [ 110.348099999999206, -7.850230000000288 ], [ 110.347820000000823, -7.850280000000838 ], [ 110.347560000000115, -7.850340000001154 ], [ 110.347449999999256, -7.85039999999963 ], [ 110.347400000000533, -7.850609999999772 ], [ 110.34749, -7.851000000000852 ], [ 110.347669999999169, -7.851510000000689 ], [ 110.34776000000052, -7.851880000000441 ], [ 110.347809999999257, -7.852129999999588 ], [ 110.34786999999956, -7.852380000000534 ], [ 110.347900000000635, -7.852660000000745 ], [ 110.347980000000433, -7.852970000000193 ], [ 110.348130000000268, -7.853359999999431 ], [ 110.348260000000636, -7.853730000000999 ], [ 110.34836, -7.854110000000498 ], [ 110.34841000000047, -7.854330000000386 ], [ 110.348379999999409, -7.854550000000294 ], [ 110.34828000000013, -7.855260000000546 ], [ 110.348260000000636, -7.855460000000952 ], [ 110.348200000000318, -7.855820000000952 ], [ 110.348229999999575, -7.85618000000096 ], [ 110.348420000000218, -7.856760000000846 ], [ 110.348470000000773, -7.857050000000805 ], [ 110.34841000000047, -7.857580000000153 ], [ 110.348289999999878, -7.857860000000354 ], [ 110.34814, -7.858200000000853 ], [ 110.34807, -7.858620000001163 ], [ 110.34802999999917, -7.858990000000909 ], [ 110.348019999999423, -7.859220000000554 ], [ 110.348040000000722, -7.859420000000957 ], [ 110.348620000000636, -7.859580000000561 ], [ 110.349490000000486, -7.85982 ], [ 110.349490000000486, -7.86003 ], [ 110.349469999999172, -7.86036000000085 ], [ 110.34944, -7.86075999999984 ], [ 110.349399999999108, -7.861110000000102 ], [ 110.349360000000118, -7.8614 ], [ 110.349309999999562, -7.861810000000612 ], [ 110.349299999999815, -7.862139999999544 ], [ 110.34929, -7.862419999999746 ], [ 110.349260000000839, -7.862740000000755 ], [ 110.349239999999526, -7.862960000000657 ], [ 110.34922, -7.86313 ], [ 110.349190000000789, -7.863380000000967 ], [ 110.34915, -7.86363 ], [ 110.34915, -7.86392 ], [ 110.349130000000471, -7.864170000001008 ], [ 110.349130000000471, -7.864320000000862 ], [ 110.349140000000233, -7.864550000000513 ], [ 110.349140000000233, -7.864649999999809 ], [ 110.34909999999941, -7.864960000001073 ], [ 110.34908, -7.865260000000761 ], [ 110.349060000000421, -7.865460000001164 ], [ 110.349019999999612, -7.86573999999955 ], [ 110.34899000000037, -7.865920000000461 ], [ 110.34893, -7.866159999999851 ], [ 110.348830000000788, -7.866249999999402 ], [ 110.348679999999106, -7.86623 ], [ 110.34831999999912, -7.86613000000062 ], [ 110.348099999999206, -7.86605000000081 ], [ 110.347799999999509, -7.866060000000563 ], [ 110.347690000000483, -7.866130000000609 ], [ 110.34754000000062, -7.866290000000218 ], [ 110.347569999999862, -7.866560000000665 ], [ 110.347599999999119, -7.866819999999546 ], [ 110.34764, -7.86709 ], [ 110.34764, -7.867200000000866 ], [ 110.347659999999422, -7.86738 ], [ 110.347659999999422, -7.867640000000672 ], [ 110.347649999999675, -7.867800000000265 ], [ 110.347669999999169, -7.867959999999867 ], [ 110.34764, -7.868150000000514 ], [ 110.347599999999119, -7.868490000001024 ], [ 110.347569999999862, -7.868640000000863 ], [ 110.347499999999812, -7.86888000000026 ], [ 110.347429999999761, -7.869100000000169 ], [ 110.347330000000483, -7.869360000000874 ], [ 110.347200000000115, -7.869650000000814 ], [ 110.347120000000317, -7.869880000000459 ], [ 110.34706, -7.87018000000017 ], [ 110.347030000000785, -7.870279999999466 ], [ 110.346219999999406, -7.870290000001021 ], [ 110.346079999999318, -7.870310000000513 ], [ 110.34584, -7.870370000000817 ], [ 110.345729999999065, -7.870430000001133 ], [ 110.345639999999506, -7.870530000000424 ], [ 110.345540000000227, -7.870720000001084 ], [ 110.345470000000176, -7.87098 ], [ 110.345439999999115, -7.87111000000032 ], [ 110.345409999999859, -7.871300000000976 ], [ 110.345419999999621, -7.871600000000667 ], [ 110.345419999999621, -7.871810000000822 ], [ 110.345450000000682, -7.87199 ], [ 110.345600000000516, -7.872139999999758 ], [ 110.34584, -7.872289999999613 ], [ 110.34602000000082, -7.872410000000226 ], [ 110.346180000000416, -7.872579999999574 ], [ 110.34627, -7.872740000000975 ], [ 110.346299999999204, -7.872970000000629 ], [ 110.34631000000077, -7.873219999999773 ], [ 110.34634, -7.873420000000163 ], [ 110.346419999999824, -7.87363000000033 ], [ 110.346449999999066, -7.873920000000273 ], [ 110.346390000000582, -7.874239999999463 ], [ 110.3462, -7.875860000000379 ], [ 110.346129999999874, -7.876109999999525 ], [ 110.346149999999369, -7.87631 ], [ 110.346260000000214, -7.876539999999569 ], [ 110.346380000000835, -7.876679999999675 ], [ 110.346509999999356, -7.876819999999765 ], [ 110.346589999999154, -7.87718999999952 ], [ 110.346480000000128, -7.877360000000681 ], [ 110.346330000000265, -7.877510000000532 ], [ 110.346209999999658, -7.877679999999872 ], [ 110.34611000000038, -7.877909999999519 ], [ 110.34611000000038, -7.878100000000175 ], [ 110.346170000000683, -7.878280000001098 ], [ 110.346299999999204, -7.87854 ], [ 110.34660000000072, -7.87873000000063 ], [ 110.346460000000633, -7.878909999999734 ], [ 110.346349999999774, -7.87909000000063 ], [ 110.346369999999268, -7.879269999999731 ], [ 110.346449999999066, -7.879460000000385 ], [ 110.346550000000164, -7.87962 ], [ 110.346579999999406, -7.879810000000635 ], [ 110.34641, -7.880010000001049 ], [ 110.34611000000038, -7.879989999999728 ], [ 110.345859999999405, -7.88010000000058 ], [ 110.345660000000819, -7.880230000000938 ], [ 110.34548, -7.88048 ], [ 110.345250000000263, -7.880690000000242 ], [ 110.345020000000616, -7.880750000000535 ], [ 110.344820000000226, -7.880760000000292 ], [ 110.344569999999266, -7.880910000000124 ], [ 110.34442999999915, -7.881030000000745 ], [ 110.344279999999316, -7.8812 ], [ 110.34418, -7.881340000000184 ], [ 110.3441399999992, -7.881480000000294 ], [ 110.344059999999402, -7.881579999999572 ], [ 110.343880000000325, -7.881639999999878 ], [ 110.343699999999401, -7.881670000000939 ], [ 110.343549999999567, -7.881630000000144 ], [ 110.343310000000173, -7.881670000000939 ], [ 110.343210000000866, -7.881840000000278 ], [ 110.343020000000223, -7.881929999999826 ], [ 110.342839999999299, -7.881900000000582 ], [ 110.342259999999399, -7.881820000000798 ], [ 110.342130000000878, -7.881659999999383 ], [ 110.342109999999565, -7.881439999999482 ], [ 110.342119999999312, -7.881209999999835 ], [ 110.342160000000106, -7.880919999999886 ], [ 110.342119999999312, -7.880680000000492 ], [ 110.34202, -7.880489999999825 ], [ 110.341829999999348, -7.880349999999725 ], [ 110.341210000000459, -7.880090000000848 ], [ 110.340949999999751, -7.88005 ], [ 110.340700000000609, -7.880059999999781 ], [ 110.340490000000472, -7.88011000000034 ], [ 110.340229999999764, -7.880289999999422 ], [ 110.340019999999598, -7.880419999999785 ], [ 110.339809999999446, -7.880440000001101 ], [ 110.3395, -7.880450000000835 ], [ 110.338299999999407, -7.880090000000839 ], [ 110.338120000000302, -7.88010000000059 ], [ 110.337849999999847, -7.880190000000124 ], [ 110.337639999999695, -7.880180000000387 ], [ 110.337460000000618, -7.880180000000382 ], [ 110.337289999999442, -7.879999999999477 ], [ 110.337170000000654, -7.879769999999831 ], [ 110.336939999999188, -7.879370000000831 ], [ 110.33698, -7.879100000000391 ], [ 110.33697000000025, -7.87883 ], [ 110.337030000000553, -7.87850000000098 ], [ 110.337139999999607, -7.878189999999726 ], [ 110.337279999999694, -7.877720000000682 ], [ 110.33738000000082, -7.877350000000941 ], [ 110.337530000000655, -7.87709000000022 ], [ 110.337589999999139, -7.876590000000121 ], [ 110.33741, -7.874620000000776 ], [ 110.33727, -7.874460000001188 ], [ 110.337030000000553, -7.874309999999509 ], [ 110.336719999999303, -7.87429 ], [ 110.336470000000162, -7.874260000000786 ], [ 110.335940000000804, -7.87422 ], [ 110.335510000000767, -7.87415 ], [ 110.333570000000648, -7.873840000000476 ], [ 110.333440000000309, -7.874009999999818 ], [ 110.333199999999081, -7.87415 ], [ 110.33309, -7.874050000000621 ], [ 110.332969999999435, -7.873780000000171 ], [ 110.33300000000051, -7.873530000001024 ], [ 110.333010000000257, -7.87328 ], [ 110.332940000000193, -7.87307 ], [ 110.332819999999586, -7.87286999999952 ], [ 110.33266, -7.872620000000365 ], [ 110.332500000000408, -7.872400000000481 ], [ 110.332290000000242, -7.87217000000082 ], [ 110.332070000000357, -7.87199 ], [ 110.331860000000205, -7.871830000000318 ], [ 110.33158, -7.871550000000116 ], [ 110.331350000000342, -7.871279999999664 ], [ 110.331089999999634, -7.87091 ], [ 110.330990000000341, -7.870720000001071 ], [ 110.330869999999749, -7.870520000000668 ], [ 110.33079, -7.870320000000273 ], [ 110.330729999999633, -7.870140000001173 ], [ 110.33079, -7.87004 ], [ 110.330910000000557, -7.869950000000523 ], [ 110.331039999999078, -7.869820000000171 ], [ 110.332140000000408, -7.869189999999713 ], [ 110.332259999999181, -7.86882 ], [ 110.332329999999232, -7.868469999999705 ], [ 110.332329999999232, -7.868150000000519 ], [ 110.332200000000711, -7.86803999999965 ], [ 110.331990000000545, -7.868119999999462 ], [ 110.331809999999649, -7.868249999999814 ], [ 110.33151, -7.868510000000515 ], [ 110.33122, -7.868399999999653 ], [ 110.331130000000442, -7.868249999999811 ], [ 110.331169999999446, -7.86795999999986 ], [ 110.33126000000081, -7.867650000000407 ], [ 110.33136, -7.867329999999406 ], [ 110.33143000000014, -7.867070000000522 ], [ 110.33144, -7.866870000000108 ], [ 110.331399999999078, -7.866650000000213 ], [ 110.331340000000594, -7.866410000000819 ], [ 110.33129, -7.866180000001164 ], [ 110.331089999999634, -7.865910000000709 ], [ 110.330819999999193, -7.86572 ], [ 110.33061000000086, -7.865480000000668 ], [ 110.330599999999293, -7.865309999999501 ], [ 110.330589999999546, -7.865089999999606 ], [ 110.330540000000809, -7.864910000000516 ], [ 110.330480000000492, -7.864710000000107 ], [ 110.33043, -7.864620000000555 ], [ 110.330299999999596, -7.864579999999746 ], [ 110.33008999999943, -7.864620000000567 ], [ 110.329840000000289, -7.864729999999613 ], [ 110.329700000000201, -7.864850000000204 ], [ 110.329499999999783, -7.865009999999796 ], [ 110.32927000000015, -7.865190000000715 ], [ 110.329050000000251, -7.865239999999451 ], [ 110.328869999999327, -7.86520000000047 ], [ 110.328670000000756, -7.865130000000419 ], [ 110.328499999999579, -7.86501999999955 ], [ 110.328299999999174, -7.864799999999645 ], [ 110.32795000000074, -7.864250000000816 ], [ 110.327740000000603, -7.863750000000712 ], [ 110.32762, -7.863369999999405 ], [ 110.32755, -7.863009999999396 ], [ 110.3274600000004, -7.86248 ], [ 110.327439999999086, -7.862139999999551 ], [ 110.327439999999086, -7.86192999999939 ], [ 110.327419999999591, -7.86160000000045 ], [ 110.327429999999339, -7.861489999999593 ], [ 110.327250000000234, -7.861320000000257 ], [ 110.327079999999071, -7.861470000000107 ], [ 110.326919999999475, -7.861680000000252 ], [ 110.326849999999439, -7.861970000000206 ], [ 110.32683, -7.86227 ], [ 110.326870000000753, -7.862460000000558 ], [ 110.32683, -7.862590000000917 ], [ 110.32668, -7.862610000000401 ], [ 110.326549999999742, -7.862610000000401 ], [ 110.326419999999374, -7.862620000000144 ], [ 110.326150000000737, -7.862569999999598 ], [ 110.325870000000549, -7.862499999999544 ], [ 110.32553, -7.86230000000096 ], [ 110.325329999999639, -7.862150000001114 ], [ 110.325220000000584, -7.86205 ], [ 110.325059999999169, -7.86198 ], [ 110.32488, -7.861929999999393 ], [ 110.324590000000128, -7.861849999999592 ], [ 110.324490000000836, -7.861660000000755 ], [ 110.324479999999269, -7.861300000000753 ], [ 110.324140000000583, -7.861170000000398 ], [ 110.32402, -7.861160000000661 ], [ 110.32360999999942, -7.861500000001158 ], [ 110.323850000000633, -7.861129999999602 ], [ 110.32402, -7.860849999999395 ], [ 110.324329999999435, -7.860629999999494 ], [ 110.32451000000033, -7.86044000000066 ], [ 110.32467, -7.860230000000495 ], [ 110.325020000000194, -7.859340000001159 ], [ 110.325310000000144, -7.859119999999441 ], [ 110.32553, -7.858950000000103 ], [ 110.325670000000144, -7.858840000001053 ], [ 110.325839999999474, -7.858630000000912 ], [ 110.325919999999286, -7.858399999999445 ], [ 110.325969999999842, -7.858249999999591 ], [ 110.326090000000434, -7.858000000000448 ], [ 110.326160000000485, -7.857809999999794 ], [ 110.326269999999539, -7.857669999999687 ], [ 110.32647, -7.857480000000846 ], [ 110.326709999999323, -7.857379999999732 ], [ 110.32697, -7.857309999999686 ], [ 110.327320000000284, -7.857270000000692 ], [ 110.327579999999173, -7.857089999999793 ], [ 110.327810000000653, -7.85672 ], [ 110.32798999999973, -7.856250000001005 ], [ 110.328059999999795, -7.856040000000852 ], [ 110.328069999999542, -7.855869999999685 ], [ 110.328090000000856, -7.855560000000247 ], [ 110.328129999999845, -7.855310000001104 ], [ 110.328110000000351, -7.85492 ], [ 110.328129999999845, -7.854789999999696 ], [ 110.32827, -7.854729999999381 ], [ 110.32843999999929, -7.85463 ], [ 110.328460000000604, -7.854300000001145 ], [ 110.328419999999795, -7.853929999999591 ], [ 110.328460000000604, -7.853580000001159 ], [ 110.328579999999377, -7.853279999999639 ], [ 110.328680000000503, -7.853010000001002 ], [ 110.328719999999493, -7.852660000000739 ], [ 110.3287, -7.852380000000534 ], [ 110.328659999999189, -7.85211 ], [ 110.328600000000691, -7.851979999999737 ], [ 110.328470000000351, -7.851759999999839 ], [ 110.328330000000236, -7.851530000000183 ], [ 110.328180000000387, -7.851269999999476 ], [ 110.328129999999845, -7.850850000000993 ], [ 110.32814999999934, -7.850609999999777 ], [ 110.328190000000134, -7.850380000000134 ], [ 110.328219999999376, -7.850280000000844 ], [ 110.328219999999376, -7.849870000000283 ], [ 110.328059999999795, -7.84971000000068 ], [ 110.32775000000035, -7.849440000000239 ], [ 110.3274, -7.849190000001096 ], [ 110.327100000000399, -7.849029999999684 ], [ 110.32683, -7.848860000000329 ], [ 110.326499999999186, -7.848710000000478 ], [ 110.326160000000485, -7.848640000000429 ], [ 110.325580000000599, -7.848700000000729 ], [ 110.325119999999472, -7.848809999999776 ], [ 110.324829999999523, -7.848980000000936 ], [ 110.324609999999637, -7.849210000000596 ], [ 110.32451000000033, -7.84955000000109 ], [ 110.324529999999825, -7.849910000001101 ], [ 110.324590000000128, -7.850210000000795 ], [ 110.324679999999688, -7.850609999999789 ], [ 110.324689999999435, -7.850870000000482 ], [ 110.324580000000381, -7.851080000000635 ], [ 110.32444000000028, -7.851189999999675 ], [ 110.32425999999937, -7.851280000001045 ], [ 110.324070000000546, -7.85132 ], [ 110.323870000000127, -7.851269999999479 ], [ 110.323700000000798, -7.851150000000692 ], [ 110.323640000000481, -7.851020000000336 ], [ 110.323630000000733, -7.85083999999943 ], [ 110.323650000000228, -7.85067 ], [ 110.323619999999167, -7.850510000000483 ], [ 110.323580000000177, -7.850399999999634 ], [ 110.323519999999874, -7.850300000000336 ], [ 110.323430000000343, -7.850179999999727 ], [ 110.32331999999947, -7.850010000000389 ], [ 110.32323, -7.849870000000287 ], [ 110.323130000000646, -7.849749999999674 ], [ 110.323000000000278, -7.84966999999988 ], [ 110.322809999999635, -7.849609999999569 ], [ 110.32258, -7.849529999999779 ], [ 110.322270000000529, -7.849490000000792 ], [ 110.321990000000326, -7.84945 ], [ 110.321830000000745, -7.848949999999872 ], [ 110.321749999999113, -7.848449999999779 ], [ 110.321700000000376, -7.84730999999948 ], [ 110.321679999999063, -7.847120000000644 ], [ 110.321679999999063, -7.846869999999667 ], [ 110.321669999999315, -7.846760000000637 ], [ 110.321749999999113, -7.846690000000576 ], [ 110.321889999999229, -7.846680000000839 ], [ 110.322009999999821, -7.84664 ], [ 110.322910000000732, -7.846659999999526 ], [ 110.323959999999673, -7.846670000001082 ], [ 110.324919999999082, -7.846840000000427 ], [ 110.325059999999169, -7.84672999999958 ], [ 110.325189999999523, -7.846390000000891 ], [ 110.325259999999588, -7.846320000000832 ], [ 110.325409999999422, -7.846170000000989 ], [ 110.325609999999841, -7.845999999999824 ], [ 110.325730000000434, -7.845939999999516 ], [ 110.325930000000852, -7.845890000000778 ], [ 110.32632, -7.84599 ], [ 110.326689999999829, -7.84611000000069 ], [ 110.326919999999475, -7.846289999999772 ], [ 110.327149999999136, -7.846429999999877 ], [ 110.3274600000004, -7.84657999999972 ], [ 110.327610000000234, -7.846649999999778 ], [ 110.32791, -7.846740000001141 ], [ 110.328190000000134, -7.846789999999871 ], [ 110.328349999999745, -7.846780000000119 ], [ 110.328519999999074, -7.846649999999785 ], [ 110.328659999999189, -7.846530000000986 ], [ 110.328890000000641, -7.846470000000678 ], [ 110.329030000000756, -7.846550000000476 ], [ 110.32913, -7.846700000000332 ], [ 110.329180000000591, -7.847040000000837 ], [ 110.32914999999953, -7.847210000000184 ], [ 110.329190000000338, -7.847599999999415 ], [ 110.329289999999645, -7.847900000000934 ], [ 110.32949, -7.8483 ], [ 110.329579999999595, -7.848550000000892 ], [ 110.329659999999393, -7.84894999999987 ], [ 110.329739999999177, -7.849300000000135 ], [ 110.329739999999177, -7.84952 ], [ 110.329770000000238, -7.849770000000986 ], [ 110.329840000000289, -7.849940000000343 ], [ 110.32995999999909, -7.850010000000389 ], [ 110.33014, -7.849959999999835 ], [ 110.330359999999885, -7.849860000000541 ], [ 110.330630000000355, -7.849790000000482 ], [ 110.331070000000139, -7.849640000000639 ], [ 110.331420000000392, -7.849510000000287 ], [ 110.331759999999093, -7.849340000000937 ], [ 110.331920000000494, -7.849099999999726 ], [ 110.332000000000292, -7.848739999999733 ], [ 110.332000000000292, -7.84849000000058 ], [ 110.331990000000545, -7.848280000000433 ], [ 110.331829999999144, -7.847959999999426 ], [ 110.331640000000291, -7.847620000000743 ], [ 110.331529999999447, -7.847280000000237 ], [ 110.33144, -7.84686 ], [ 110.331410000000645, -7.846579999999722 ], [ 110.331459999999396, -7.846390000000891 ], [ 110.331539999999194, -7.84635 ], [ 110.331729999999837, -7.846270000000283 ], [ 110.33201, -7.846240000001037 ], [ 110.332210000000444, -7.846270000000277 ], [ 110.332640000000495, -7.84628 ], [ 110.332959999999687, -7.84631000000109 ], [ 110.333280000000698, -7.846449999999371 ], [ 110.333479999999284, -7.846550000000478 ], [ 110.33381999999979, -7.846690000000585 ], [ 110.334119999999487, -7.846850000000171 ], [ 110.334430000000751, -7.846980000000528 ], [ 110.334720000000701, -7.847120000000632 ], [ 110.334909999999553, -7.847200000000434 ], [ 110.335300000000615, -7.847470000000889 ] ] ] } },
{ "type": "Feature", "properties": { "KECAMATAN": "Pajangan", "DESA": "Sendangsari", "Sektor": "Bantul" }, "geometry": { "type": "Polygon", "coordinates": [ [ [ 110.301670000000712, -7.853440000001054 ], [ 110.301670000000712, -7.853810000000793 ], [ 110.301639999999651, -7.854310000000895 ], [ 110.301680000000459, -7.854540000000552 ], [ 110.302120000000244, -7.854729999999379 ], [ 110.302799999999436, -7.855020000001151 ], [ 110.30278, -7.855299999999537 ], [ 110.302659999999349, -7.855879999999439 ], [ 110.302499999999739, -7.856350000000299 ], [ 110.302180000000547, -7.856480000000645 ], [ 110.30188000000085, -7.856390000001107 ], [ 110.301429999999499, -7.856169999999384 ], [ 110.301170000000596, -7.856169999999384 ], [ 110.301020000000761, -7.856640000000238 ], [ 110.300509999999093, -7.858370000000192 ], [ 110.30025000000019, -7.85867 ], [ 110.29983, -7.859039999999635 ], [ 110.29961, -7.859510000000499 ], [ 110.29975, -7.859930000000804 ], [ 110.30028999999918, -7.860310000000304 ], [ 110.300479999999851, -7.86061 ], [ 110.300419999999548, -7.861059999999544 ], [ 110.300279999999432, -7.861549999999895 ], [ 110.300080000000847, -7.862059999999749 ], [ 110.299699999999532, -7.862240000000654 ], [ 110.299220000000759, -7.86223000000092 ], [ 110.298609999999798, -7.86248 ], [ 110.29834999999909, -7.862810000000819 ], [ 110.298339999999342, -7.863110000000511 ], [ 110.29867, -7.863359999999657 ], [ 110.29931000000029, -7.863610000000602 ], [ 110.300059999999533, -7.86392 ], [ 110.300499999999346, -7.864050000000411 ], [ 110.300489999999598, -7.864250000000812 ], [ 110.30028999999918, -7.86504000000086 ], [ 110.300100000000356, -7.865910000000709 ], [ 110.299979999999735, -7.866360000000262 ], [ 110.29999999999923, -7.86656000000066 ], [ 110.300209999999396, -7.866760000001064 ], [ 110.300849999999585, -7.86709 ], [ 110.301380000000762, -7.867370000000208 ], [ 110.301810000000799, -7.867620000001167 ], [ 110.301869999999283, -7.86792000000088 ], [ 110.301760000000257, -7.868319999999865 ], [ 110.301439999999246, -7.869010000000621 ], [ 110.30122999999908, -7.869510000000727 ], [ 110.301069999999498, -7.870100000000372 ], [ 110.30086999999908, -7.870530000000412 ], [ 110.30054000000014, -7.870790000001125 ], [ 110.30028999999918, -7.87098 ], [ 110.300020000000544, -7.871400000000261 ], [ 110.299530000000203, -7.871440000001071 ], [ 110.299199999999445, -7.871400000000262 ], [ 110.298769999999379, -7.87140000000027 ], [ 110.298520000000238, -7.871499999999558 ], [ 110.29815000000049, -7.871910000000126 ], [ 110.297800000000237, -7.87235 ], [ 110.297479999999226, -7.87285 ], [ 110.297239999999832, -7.873229999999516 ], [ 110.297109999999492, -7.8735 ], [ 110.296860000000336, -7.874089999999614 ], [ 110.296560000000639, -7.874490000000426 ], [ 110.296319999999426, -7.874840000000676 ], [ 110.296000000000234, -7.87523 ], [ 110.295809999999591, -7.875449999999829 ], [ 110.295669999999475, -7.875650000000236 ], [ 110.294599999999235, -7.875780000000576 ], [ 110.294920000000246, -7.87595 ], [ 110.295420000000334, -7.87602999999972 ], [ 110.295690000000789, -7.87602 ], [ 110.296089999999793, -7.87612000000109 ], [ 110.29666, -7.876220000000385 ], [ 110.29687, -7.876210000000629 ], [ 110.297070000000502, -7.87621000000063 ], [ 110.297239999999832, -7.876230000000118 ], [ 110.297409999999189, -7.87627000000094 ], [ 110.297629999999089, -7.876329999999413 ], [ 110.29802000000015, -7.876430000000535 ], [ 110.298479999999429, -7.876630000000929 ], [ 110.299010000000592, -7.876749999999723 ], [ 110.299139999999127, -7.876780000000788 ], [ 110.299269999999495, -7.876819999999769 ], [ 110.299429999999077, -7.87688 ], [ 110.299720000000846, -7.87688 ], [ 110.299880000000456, -7.876870000000328 ], [ 110.300030000000291, -7.876870000000335 ], [ 110.300310000000493, -7.876910000001137 ], [ 110.301390000000509, -7.877189999999526 ], [ 110.30148, -7.877230000000333 ], [ 110.301579999999333, -7.877280000000885 ], [ 110.301680000000459, -7.877370000000432 ], [ 110.301680000000459, -7.877479999999473 ], [ 110.301629999999889, -7.87769999999937 ], [ 110.300600000000443, -7.880950000000949 ], [ 110.300569999999382, -7.881110000000545 ], [ 110.300499999999346, -7.88129999999938 ], [ 110.300479999999851, -7.881429999999738 ], [ 110.300460000000356, -7.881579999999582 ], [ 110.300419999999548, -7.88178 ], [ 110.30033, -7.88191000000034 ], [ 110.30019, -7.88206000000018 ], [ 110.300110000000103, -7.882130000000235 ], [ 110.299849999999395, -7.882379999999385 ], [ 110.299549999999698, -7.88264 ], [ 110.299440000000644, -7.882750000000946 ], [ 110.299300000000542, -7.88286 ], [ 110.29925, -7.882939999999777 ], [ 110.299160000000455, -7.883 ], [ 110.29889, -7.883239999999483 ], [ 110.29867, -7.883550000000739 ], [ 110.298590000000303, -7.883690000000847 ], [ 110.298510000000491, -7.883850000000436 ], [ 110.298430000000693, -7.883990000000543 ], [ 110.298249999999797, -7.884200000000697 ], [ 110.298129999999176, -7.884290000000242 ], [ 110.298010000000403, -7.884580000000193 ], [ 110.29789999999953, -7.884720000000284 ], [ 110.297790000000489, -7.884959999999689 ], [ 110.2977300000002, -7.885130000000852 ], [ 110.297629999999089, -7.885319999999682 ], [ 110.297469999999478, -7.885640000000703 ], [ 110.297409999999189, -7.885829999999541 ], [ 110.297300000000149, -7.886049999999438 ], [ 110.297220000000337, -7.886179999999785 ], [ 110.297140000000539, -7.886300000000396 ], [ 110.297060000000755, -7.88646 ], [ 110.296940000000134, -7.886730000000445 ], [ 110.29687, -7.886940000000597 ], [ 110.296739999999744, -7.887310000000352 ], [ 110.296609999999376, -7.887580000000794 ], [ 110.295710000000284, -7.888859999999391 ], [ 110.295589999999677, -7.88906999999954 ], [ 110.295599999999425, -7.88927 ], [ 110.295770000000601, -7.890509999999544 ], [ 110.295879999999627, -7.890600000000915 ], [ 110.296019999999729, -7.890649999999635 ], [ 110.296290000000184, -7.890680000000707 ], [ 110.296599999999628, -7.890649999999648 ], [ 110.296770000000805, -7.890380000001007 ], [ 110.296899999999326, -7.890190000000348 ], [ 110.296990000000704, -7.890050000000243 ], [ 110.29709, -7.889849999999846 ], [ 110.297549999999276, -7.889279999999695 ], [ 110.297629999999089, -7.889160000000908 ], [ 110.297720000000453, -7.889020000000796 ], [ 110.29789999999953, -7.888720000001101 ], [ 110.29802000000015, -7.888499999999397 ], [ 110.298329999999595, -7.887580000000807 ], [ 110.298389999999884, -7.887500000001004 ], [ 110.298549999999494, -7.887640000001104 ], [ 110.298629999999292, -7.887750000000148 ], [ 110.300269999999685, -7.888300000000801 ], [ 110.300349999999483, -7.888220000001009 ], [ 110.3004099999998, -7.888110000000145 ], [ 110.300499999999346, -7.888000000001107 ], [ 110.30069, -7.8879 ], [ 110.300999999999433, -7.888129999999639 ], [ 110.301149999999282, -7.888279999999491 ], [ 110.301269999999889, -7.888380000000608 ], [ 110.301299999999131, -7.888530000000448 ], [ 110.301310000000697, -7.888670000000551 ], [ 110.30119, -7.889080000001102 ], [ 110.301139999999549, -7.88927 ], [ 110.301059999999751, -7.88963 ], [ 110.300999999999433, -7.889810000000859 ], [ 110.300849999999585, -7.890020000001001 ], [ 110.29997, -7.891229999999548 ], [ 110.299909999999684, -7.891359999999897 ], [ 110.29968, -7.891739999999388 ], [ 110.299549999999698, -7.891920000000309 ], [ 110.299450000000391, -7.892050000000662 ], [ 110.299329999999784, -7.89215 ], [ 110.29918, -7.892200000000502 ], [ 110.299039999999835, -7.89218000000102 ], [ 110.298880000000253, -7.892159999999698 ], [ 110.298740000000137, -7.892120000000715 ], [ 110.298590000000303, -7.892079999999891 ], [ 110.298269999999292, -7.891970000000867 ], [ 110.298039999999645, -7.892089999999651 ], [ 110.29781, -7.892340000000613 ], [ 110.297669999999897, -7.89251 ], [ 110.29757000000059, -7.89265 ], [ 110.297529999999782, -7.8928 ], [ 110.297490000000792, -7.892980000000815 ], [ 110.297479999999226, -7.893190000000967 ], [ 110.297490000000792, -7.893319999999495 ], [ 110.297319999999644, -7.89337 ], [ 110.297119999999225, -7.893389999999542 ], [ 110.296899999999326, -7.893490000000658 ], [ 110.296739999999744, -7.893470000001158 ], [ 110.296580000000134, -7.89348000000091 ], [ 110.296389999999491, -7.893480000000916 ], [ 110.296140000000349, -7.89340000000112 ], [ 110.295889999999375, -7.893309999999743 ], [ 110.295599999999425, -7.893280000000503 ], [ 110.295500000000146, -7.893179999999396 ], [ 110.295469999999085, -7.892949999999741 ], [ 110.295550000000702, -7.892760000000918 ], [ 110.295749999999288, -7.892529999999443 ], [ 110.295819999999338, -7.892410000000657 ], [ 110.295840000000652, -7.892200000000503 ], [ 110.295829999999086, -7.892050000000654 ], [ 110.29573999999954, -7.891949999999549 ], [ 110.295570000000183, -7.891890000001055 ], [ 110.295439999999843, -7.891900000000811 ], [ 110.295299999999727, -7.891920000000305 ], [ 110.295130000000398, -7.891960000001101 ], [ 110.294809999999387, -7.892130000000454 ], [ 110.294659999999524, -7.89221000000025 ], [ 110.29450999999969, -7.892390000001157 ], [ 110.294379999999322, -7.892620000000815 ], [ 110.294340000000332, -7.892809999999642 ], [ 110.294299999999538, -7.893019999999792 ], [ 110.29428, -7.89316 ], [ 110.294260000000548, -7.8933 ], [ 110.294340000000332, -7.893550000000965 ], [ 110.294340000000332, -7.893640000000512 ], [ 110.294359999999827, -7.89373 ], [ 110.294330000000585, -7.89393000000045 ], [ 110.294120000000433, -7.894469999999557 ], [ 110.294040000000635, -7.894529999999861 ], [ 110.293859999999725, -7.894599999999896 ], [ 110.293729999999371, -7.894700000001016 ], [ 110.293690000000396, -7.894840000001122 ], [ 110.293719999999624, -7.895000000000705 ], [ 110.293820000000736, -7.895300000000418 ], [ 110.2938900000008, -7.895430000000767 ], [ 110.293970000000598, -7.89551000000056 ], [ 110.294180000000736, -7.895600000000116 ], [ 110.294309999999285, -7.895650000000663 ], [ 110.294439999999625, -7.895740000000207 ], [ 110.29450999999969, -7.895920000001112 ], [ 110.29457999999974, -7.895979999999599 ], [ 110.294620000000549, -7.896090000000465 ], [ 110.294610000000802, -7.896240000000319 ], [ 110.29464, -7.8964 ], [ 110.294719999999828, -7.897390000000367 ], [ 110.294770000000383, -7.897520000000717 ], [ 110.294830000000701, -7.897610000000261 ], [ 110.294910000000499, -7.897720000001123 ], [ 110.295, -7.898330000000262 ], [ 110.295009999999778, -7.898460000000628 ], [ 110.294900000000752, -7.898649999999455 ], [ 110.294819999999135, -7.898740000000816 ], [ 110.29471, -7.898779999999815 ], [ 110.294620000000549, -7.898779999999801 ], [ 110.294480000000434, -7.898789999999552 ], [ 110.294079999999624, -7.898849999999863 ], [ 110.293680000000649, -7.898960000000719 ], [ 110.293219999999522, -7.89913 ], [ 110.292880000000835, -7.89928 ], [ 110.292540000000329, -7.899530000000873 ], [ 110.292349999999686, -7.899680000000715 ], [ 110.292240000000632, -7.899770000000266 ], [ 110.292129999999787, -7.899830000000573 ], [ 110.291999999999419, -7.899900000000621 ], [ 110.29184999999957, -7.899980000000411 ], [ 110.29169, -7.900030000000981 ], [ 110.291429999999281, -7.900130000000266 ], [ 110.291209999999381, -7.900170000001077 ], [ 110.29104, -7.90017000000107 ], [ 110.290839999999633, -7.900120000000515 ], [ 110.290699999999518, -7.900110000000773 ], [ 110.290549999999683, -7.900079999999704 ], [ 110.289720000000628, -7.899620000000423 ], [ 110.289570000000793, -7.899540000000625 ], [ 110.289469999999667, -7.899450000001067 ], [ 110.289360000000627, -7.899400000000515 ], [ 110.289280000000844, -7.899310000000968 ], [ 110.289210000000779, -7.899219999999605 ], [ 110.289230000000288, -7.899040000000511 ], [ 110.289370000000375, -7.898750000000571 ], [ 110.289419999999112, -7.898610000000458 ], [ 110.289500000000729, -7.898460000000617 ], [ 110.289559999999227, -7.898380000000819 ], [ 110.289609999999783, -7.898300000001023 ], [ 110.289660000000339, -7.898209999999654 ], [ 110.289709999999062, -7.898080000001129 ], [ 110.289759999999617, -7.897999999999502 ], [ 110.28983999999943, -7.89779000000117 ], [ 110.28989, -7.897699999999805 ], [ 110.29003, -7.897460000000411 ], [ 110.290090000000376, -7.89739000000037 ], [ 110.290059999999315, -7.897230000000771 ], [ 110.290090000000376, -7.897129999999649 ], [ 110.290100000000123, -7.896940000000817 ], [ 110.290109999999871, -7.896699999999599 ], [ 110.290020000000325, -7.896510000000764 ], [ 110.289919999999228, -7.896450000000457 ], [ 110.289769999999365, -7.896409999999661 ], [ 110.289650000000591, -7.896360000000915 ], [ 110.289520000000223, -7.896329999999851 ], [ 110.289300000000338, -7.896320000000109 ], [ 110.289210000000779, -7.896320000000105 ], [ 110.289080000000425, -7.896370000000664 ], [ 110.289010000000388, -7.896440000000705 ], [ 110.288909999999277, -7.896670000000364 ], [ 110.288889999999768, -7.896769999999647 ], [ 110.288850000000778, -7.896849999999453 ], [ 110.288819999999717, -7.896950000000557 ], [ 110.288780000000727, -7.897049999999851 ], [ 110.288769999999161, -7.897139999999397 ], [ 110.288749999999666, -7.897240000000516 ], [ 110.288720000000438, -7.897360000001116 ], [ 110.288650000000388, -7.897470000000171 ], [ 110.288570000000576, -7.89755 ], [ 110.288479999999211, -7.897590000000775 ], [ 110.288329999999377, -7.897600000000513 ], [ 110.28816, -7.897639999999498 ], [ 110.288070000000488, -7.897670000000571 ], [ 110.287920000000625, -7.89769 ], [ 110.287819999999513, -7.897699999999801 ], [ 110.287469999999274, -7.897639999999503 ], [ 110.287379999999729, -7.897520000000714 ], [ 110.287280000000422, -7.897440000000921 ], [ 110.287099999999526, -7.897320000000311 ], [ 110.28694, -7.897279999999502 ], [ 110.286749999999273, -7.89725000000027 ], [ 110.286560000000435, -7.89730000000081 ], [ 110.286439999999828, -7.89739000000036 ], [ 110.28636, -7.89748 ], [ 110.286280000000218, -7.897540000000209 ], [ 110.28610999999907, -7.89755 ], [ 110.286040000000824, -7.897470000000162 ], [ 110.285959999999207, -7.897290000001074 ], [ 110.285900000000737, -7.897230000000772 ], [ 110.285840000000434, -7.89712 ], [ 110.285799999999625, -7.897000000001118 ], [ 110.285770000000369, -7.8969 ], [ 110.285680000000823, -7.896800000000712 ], [ 110.285470000000672, -7.896810000000462 ], [ 110.285299999999523, -7.896820000000212 ], [ 110.285130000000166, -7.896839999999711 ], [ 110.284999999999826, -7.8969 ], [ 110.28492, -7.897000000001117 ], [ 110.284869999999472, -7.897230000000766 ], [ 110.284859999999711, -7.897349999999554 ], [ 110.284890000000786, -7.89748 ], [ 110.284939999999523, -7.897660000000814 ], [ 110.28494999999927, -7.897880000000728 ], [ 110.28499, -7.898100000000615 ], [ 110.285159999999408, -7.89873000000108 ], [ 110.28521, -7.898830000000365 ], [ 110.285309999999271, -7.899079999999508 ], [ 110.28535, -7.899200000000108 ], [ 110.285410000000368, -7.899789999999755 ], [ 110.28535, -7.899920000000116 ], [ 110.285250000000786, -7.900040000000713 ], [ 110.285089999999357, -7.900180000000819 ], [ 110.284910000000281, -7.900280000000113 ], [ 110.284799999999407, -7.900330000000669 ], [ 110.284649999999573, -7.900390000000966 ], [ 110.28449, -7.90047000000077 ], [ 110.284279999999825, -7.900670000001177 ], [ 110.28427, -7.900820000001027 ], [ 110.284240000000821, -7.90096000000113 ], [ 110.284219999999507, -7.901050000000669 ], [ 110.284180000000518, -7.901140000000212 ], [ 110.28413, -7.901309999999564 ], [ 110.28406, -7.901420000000423 ], [ 110.283900000000315, -7.901459999999405 ], [ 110.283740000000734, -7.901519999999717 ], [ 110.283629999999874, -7.901550000000774 ], [ 110.28352000000082, -7.901610000001075 ], [ 110.283450000000784, -7.901680000001128 ], [ 110.283369999999167, -7.901739999999606 ], [ 110.28326999999986, -7.901850000000466 ], [ 110.28313999999952, -7.902060000000621 ], [ 110.283110000000278, -7.902169999999663 ], [ 110.283149999999253, -7.90226000000102 ], [ 110.28326999999986, -7.90237 ], [ 110.283450000000784, -7.902470000001176 ], [ 110.28352000000082, -7.90255000000098 ], [ 110.283659999999117, -7.902679999999514 ], [ 110.28371999999942, -7.902770000000872 ], [ 110.283729999999167, -7.902930000000466 ], [ 110.283729999999167, -7.903050000001085 ], [ 110.28368000000043, -7.903179999999618 ], [ 110.283589999999052, -7.903280000000725 ], [ 110.283439999999217, -7.903370000000279 ], [ 110.283349999999672, -7.903440000000315 ], [ 110.283160000000819, -7.903580000000428 ], [ 110.28310000000053, -7.903660000000214 ], [ 110.282999999999404, -7.903790000000573 ], [ 110.28298, -7.903920000000927 ], [ 110.283009999999166, -7.904140000000823 ], [ 110.283059999999722, -7.904290000000672 ], [ 110.283180000000314, -7.904490000001083 ], [ 110.28332000000043, -7.904600000000119 ], [ 110.283470000000264, -7.904650000000677 ], [ 110.283569999999557, -7.904730000000476 ], [ 110.28368000000043, -7.904769999999472 ], [ 110.283760000000228, -7.90489 ], [ 110.283799999999204, -7.90500000000093 ], [ 110.283820000000517, -7.905100000000222 ], [ 110.283709999999672, -7.905269999999558 ], [ 110.283629999999874, -7.905390000000173 ], [ 110.28355, -7.905460000000232 ], [ 110.283470000000264, -7.905580000000826 ], [ 110.283400000000228, -7.905670000000373 ], [ 110.283330000000177, -7.905839999999714 ], [ 110.28326999999986, -7.906000000001139 ], [ 110.283250000000365, -7.906090000000671 ], [ 110.283170000000567, -7.906220000001039 ], [ 110.283110000000278, -7.906320000000334 ], [ 110.283009999999166, -7.906460000000426 ], [ 110.282880000000617, -7.906590000000773 ], [ 110.28274000000053, -7.906709999999578 ], [ 110.28269, -7.90683000000018 ], [ 110.282649999999151, -7.90691 ], [ 110.282600000000414, -7.90710000000063 ], [ 110.282499999999317, -7.907310000000781 ], [ 110.282440000000832, -7.90742999999957 ], [ 110.282320000000212, -7.907600000000737 ], [ 110.28216000000063, -7.907800000001135 ], [ 110.282010000000767, -7.907980000000236 ], [ 110.28187000000068, -7.908110000000574 ], [ 110.281730000000564, -7.90821999999963 ], [ 110.28161, -7.90835 ], [ 110.281499999999113, -7.908450000001091 ], [ 110.281300000000513, -7.908560000000121 ], [ 110.281080000000614, -7.908729999999467 ], [ 110.28089, -7.90878 ], [ 110.280570000000779, -7.908830000000583 ], [ 110.28053, -7.908920000000133 ], [ 110.28053, -7.909410000000476 ], [ 110.280419999999097, -7.909850000000273 ], [ 110.280319999999818, -7.910060000000436 ], [ 110.280029999999869, -7.910130000000483 ], [ 110.279630000000878, -7.910200000000536 ], [ 110.2788, -7.910089999999678 ], [ 110.278329999999144, -7.909920000000327 ], [ 110.277830000000876, -7.909589999999582 ], [ 110.277470000000875, -7.909190000000589 ], [ 110.27722, -7.909050000000486 ], [ 110.27686, -7.909009999999679 ], [ 110.27621, -7.909190000000589 ], [ 110.275770000000151, -7.90941000000048 ], [ 110.27515999999919, -7.909480000000537 ], [ 110.274729999999153, -7.90965999999962 ], [ 110.27448, -7.90977000000048 ], [ 110.27419, -7.910050000000679 ], [ 110.273859999999289, -7.91049000000048 ], [ 110.273660000000703, -7.910739999999616 ], [ 110.273479999999807, -7.911169999999673 ], [ 110.272999999999186, -7.91193000000048 ], [ 110.272740000000297, -7.912420000000847 ], [ 110.272430000000853, -7.912950000000177 ], [ 110.272059999999286, -7.913520000000346 ], [ 110.272290000000751, -7.912679999999736 ], [ 110.273150000000868, -7.908009999999467 ], [ 110.27412, -7.902830000001173 ], [ 110.274170000000552, -7.902319999999508 ], [ 110.274610000000351, -7.90064999999987 ], [ 110.274709999999658, -7.899990000000169 ], [ 110.27483000000025, -7.899520000001129 ], [ 110.274919999999796, -7.898960000000724 ], [ 110.274970000000366, -7.898470000000356 ], [ 110.274929999999543, -7.89798 ], [ 110.274980000000113, -7.897470000000169 ], [ 110.27498999999986, -7.896919999999499 ], [ 110.274939999999305, -7.8964 ], [ 110.274919999999796, -7.895800000000513 ], [ 110.274890000000553, -7.895290000000652 ], [ 110.274820000000503, -7.894840000001111 ], [ 110.274729999999153, -7.894340000001013 ], [ 110.27462999999986, -7.89388 ], [ 110.274530000000553, -7.893379999999803 ], [ 110.274369999999152, -7.892819999999397 ], [ 110.2741800000003, -7.89225000000106 ], [ 110.273979999999895, -7.891809999999449 ], [ 110.27367000000045, -7.89128 ], [ 110.273479999999807, -7.890830000000549 ], [ 110.273240000000399, -7.890330000000452 ], [ 110.272989999999439, -7.889910000000143 ], [ 110.272619999999691, -7.889470000000346 ], [ 110.272139999999098, -7.889080000001112 ], [ 110.271629999999249, -7.888740000000601 ], [ 110.271249999999753, -7.888470000000146 ], [ 110.270920000000814, -7.888209999999437 ], [ 110.270490000000748, -7.88787000000075 ], [ 110.27002, -7.887440000000703 ], [ 110.269640000000393, -7.88714000000101 ], [ 110.269249999999332, -7.886769999999443 ], [ 110.268879999999584, -7.886510000000556 ], [ 110.268519999999597, -7.88611999999949 ], [ 110.268239999999381, -7.885850000000854 ], [ 110.268130000000355, -7.88574 ], [ 110.268040000000795, -7.885650000000443 ], [ 110.267959999999178, -7.885500000000599 ], [ 110.267789999999835, -7.885399999999485 ], [ 110.26757, -7.885179999999587 ], [ 110.26721, -7.883270000000533 ], [ 110.265579999999275, -7.879880000000681 ], [ 110.267690000000542, -7.88048 ], [ 110.267850000000152, -7.880520000000893 ], [ 110.268029999999229, -7.880559999999877 ], [ 110.268239999999381, -7.880579999999383 ], [ 110.268449999999547, -7.880600000000688 ], [ 110.268770000000558, -7.880600000000689 ], [ 110.26915, -7.880590000000941 ], [ 110.269360000000205, -7.880559999999869 ], [ 110.269679999999397, -7.880530000000642 ], [ 110.269860000000293, -7.88048999999983 ], [ 110.270049999999145, -7.880470000000331 ], [ 110.270210000000546, -7.880489999999825 ], [ 110.270409999999146, -7.880550000000129 ], [ 110.270529999999738, -7.880579999999369 ], [ 110.270660000000106, -7.880610000000444 ], [ 110.270769999999132, -7.880649999999418 ], [ 110.270889999999739, -7.88063 ], [ 110.271080000000396, -7.880550000000127 ], [ 110.271199999999183, -7.88052000000089 ], [ 110.271339999999299, -7.880460000000589 ], [ 110.271520000000208, -7.880359999999476 ], [ 110.271710000000851, -7.88032000000049 ], [ 110.271880000000209, -7.880279999999672 ], [ 110.272080000000599, -7.880279999999678 ], [ 110.272220000000715, -7.880300000000997 ], [ 110.272360000000802, -7.880330000000239 ], [ 110.272460000000109, -7.88034999999972 ], [ 110.272549999999654, -7.880390000000533 ], [ 110.27261, -7.880600000000693 ], [ 110.272629999999438, -7.880730000001042 ], [ 110.27253000000016, -7.881090000001051 ], [ 110.272499999999098, -7.881230000001147 ], [ 110.272489999999351, -7.881320000000698 ], [ 110.272460000000109, -7.881509999999534 ], [ 110.272469999999856, -7.881610000000631 ], [ 110.272510000000665, -7.881700000000182 ], [ 110.272580000000715, -7.88178 ], [ 110.272670000000247, -7.88185 ], [ 110.272759999999806, -7.881929999999824 ], [ 110.272839999999604, -7.881960000000896 ], [ 110.272940000000702, -7.882009999999625 ], [ 110.273059999999489, -7.88199999999988 ], [ 110.273250000000147, -7.882040000000684 ], [ 110.273349999999439, -7.882120000000492 ], [ 110.273479999999807, -7.882310000001151 ], [ 110.273579999999086, -7.882390000000951 ], [ 110.273779999999505, -7.882420000000185 ], [ 110.273870000000855, -7.8825 ], [ 110.273999999999404, -7.882690000000648 ], [ 110.274100000000516, -7.882820000000994 ], [ 110.27419, -7.882850000000232 ], [ 110.27448, -7.882900000000795 ], [ 110.275040000000416, -7.882939999999786 ], [ 110.2752, -7.882970000000851 ], [ 110.275349999999861, -7.882799999999683 ], [ 110.275499999999695, -7.882630000000344 ], [ 110.275600000000821, -7.882550000000538 ], [ 110.275729999999342, -7.882470000000732 ], [ 110.275830000000454, -7.882379999999369 ], [ 110.275980000000317, -7.882320000000887 ], [ 110.27609999999909, -7.882250000000848 ], [ 110.276250000000772, -7.882170000001042 ], [ 110.276400000000606, -7.882110000000738 ], [ 110.276529999999156, -7.882079999999689 ], [ 110.277029999999243, -7.881880000001096 ], [ 110.277140000000117, -7.881690000000439 ], [ 110.277210000000167, -7.881550000000334 ], [ 110.277319999999193, -7.88135 ], [ 110.277379999999496, -7.881219999999574 ], [ 110.277410000000557, -7.88110000000079 ], [ 110.277459999999309, -7.880960000000695 ], [ 110.277509999999864, -7.88082000000059 ], [ 110.277609999999143, -7.880620000000185 ], [ 110.277739999999511, -7.880380000000795 ], [ 110.277830000000876, -7.880310000000739 ], [ 110.277969999999144, -7.880300000000998 ], [ 110.278550000000862, -7.88001000000104 ], [ 110.278710000000473, -7.879929999999423 ], [ 110.278860000000307, -7.879820000000389 ], [ 110.278990000000675, -7.879740000000589 ], [ 110.279109999999449, -7.879680000000282 ], [ 110.27923, -7.879600000000478 ], [ 110.27933999999911, -7.879540000000184 ], [ 110.279420000000727, -7.879470000000137 ], [ 110.279510000000258, -7.879390000000336 ], [ 110.279660000000121, -7.879250000000223 ], [ 110.279800000000208, -7.87919 ], [ 110.280020000000121, -7.879080000000889 ], [ 110.280230000000273, -7.879000000001098 ], [ 110.28037000000036, -7.878919999999474 ], [ 110.280510000000461, -7.87890999999972 ], [ 110.28067, -7.87883 ], [ 110.280749999999856, -7.878769999999632 ], [ 110.280849999999162, -7.878670000000339 ], [ 110.28096, -7.87854 ], [ 110.281080000000614, -7.878440000000692 ], [ 110.281189999999668, -7.878339999999572 ], [ 110.2812799999992, -7.878199999999476 ], [ 110.281329999999755, -7.878080000000677 ], [ 110.28139, -7.877940000000573 ], [ 110.281419999999301, -7.877800000000477 ], [ 110.281440000000615, -7.877660000000376 ], [ 110.281489999999366, -7.877510000000529 ], [ 110.281499999999113, -7.877280000000881 ], [ 110.281510000000679, -7.877020000000172 ], [ 110.281479999999618, -7.876790000000527 ], [ 110.281479999999618, -7.876550000001145 ], [ 110.281489999999366, -7.876440000000271 ], [ 110.281619999999705, -7.876319999999679 ], [ 110.281720000000817, -7.876280000000675 ], [ 110.281909999999655, -7.876259999999369 ], [ 110.282059999999504, -7.876270000000925 ], [ 110.28216000000063, -7.876259999999361 ], [ 110.282610000000162, -7.876350000000722 ], [ 110.282859999999303, -7.876319999999672 ], [ 110.283069999999469, -7.876360000000481 ], [ 110.28319, -7.876329999999419 ], [ 110.283569999999557, -7.876190000001138 ], [ 110.283649999999369, -7.875969999999411 ], [ 110.283600000000618, -7.875400000001081 ], [ 110.28352000000082, -7.87500000000028 ], [ 110.283419999999722, -7.874570000000224 ], [ 110.28332000000043, -7.874169999999421 ], [ 110.283299999999102, -7.873719999999872 ], [ 110.283349999999672, -7.87335999999987 ], [ 110.28348, -7.87292 ], [ 110.28355, -7.872480000000269 ], [ 110.283540000000315, -7.87199 ], [ 110.283380000000733, -7.871559999999873 ], [ 110.282999999999404, -7.87112 ], [ 110.282479999999822, -7.870440000000884 ], [ 110.282129999999569, -7.870020000000578 ], [ 110.281849999999366, -7.869420000001175 ], [ 110.281689999999756, -7.869020000000367 ], [ 110.28154, -7.868590000000311 ], [ 110.281429999999048, -7.868140000000777 ], [ 110.281429999999048, -7.86767 ], [ 110.281399999999806, -7.867190000001114 ], [ 110.281220000000729, -7.866459999999559 ], [ 110.281100000000109, -7.865860000000155 ], [ 110.280880000000224, -7.865 ], [ 110.280779999999098, -7.864620000000565 ], [ 110.280860000000729, -7.864240000001062 ], [ 110.281189999999668, -7.864050000000417 ], [ 110.281600000000211, -7.86392 ], [ 110.282149999999064, -7.863719999999652 ], [ 110.282530000000364, -7.863630000000108 ], [ 110.28298, -7.863429999999703 ], [ 110.283260000000112, -7.863180000000562 ], [ 110.28341, -7.862940000001168 ], [ 110.283620000000113, -7.862600000000657 ], [ 110.28355999999981, -7.862240000000662 ], [ 110.283569999999557, -7.862020000000753 ], [ 110.283779999999709, -7.861740000000554 ], [ 110.284180000000518, -7.86155 ], [ 110.284690000000381, -7.861470000000105 ], [ 110.285219999999725, -7.861240000000448 ], [ 110.285540000000736, -7.861180000000155 ], [ 110.28601999999951, -7.861070000001114 ], [ 110.286630000000471, -7.860960000000249 ], [ 110.286910000000674, -7.860940000000757 ], [ 110.287609999999361, -7.860909999999699 ], [ 110.287889999999564, -7.86068 ], [ 110.2878, -7.86032999999979 ], [ 110.287449999999779, -7.859860000000754 ], [ 110.287099999999526, -7.859609999999795 ], [ 110.286690000000775, -7.859580000000554 ], [ 110.286140000000131, -7.85974999999989 ], [ 110.285669999999257, -7.859780000000963 ], [ 110.285480000000419, -7.859539999999743 ], [ 110.285540000000736, -7.859080000000458 ], [ 110.285840000000434, -7.85867999999964 ], [ 110.286280000000218, -7.858350000000695 ], [ 110.286710000000269, -7.858070000000499 ], [ 110.287109999999274, -7.857710000000505 ], [ 110.28737, -7.857239999999646 ], [ 110.287549999999058, -7.856620000000754 ], [ 110.28765000000017, -7.856519999999643 ], [ 110.287930000000372, -7.856540000000946 ], [ 110.288399999999427, -7.856690000000794 ], [ 110.288850000000778, -7.85701 ], [ 110.289339999999328, -7.85729000000019 ], [ 110.289699999999314, -7.85737999999974 ], [ 110.290269999999481, -7.857500000000346 ], [ 110.290870000000695, -7.85773 ], [ 110.291310000000479, -7.857809999999799 ], [ 110.291740000000544, -7.857770000000802 ], [ 110.292289999999369, -7.85752999999959 ], [ 110.29298999999989, -7.857239999999644 ], [ 110.293569999999789, -7.856879999999644 ], [ 110.294250000000801, -7.856490000000401 ], [ 110.294770000000383, -7.85622999999969 ], [ 110.29515999999964, -7.85607 ], [ 110.29565, -7.855780000000153 ], [ 110.295959999999425, -7.855530000000996 ], [ 110.296280000000436, -7.855289999999791 ], [ 110.296640000000437, -7.854910000000292 ], [ 110.296879999999831, -7.85460000000085 ], [ 110.297029999999694, -7.854390000000695 ], [ 110.297350000000705, -7.854149999999479 ], [ 110.297580000000337, -7.853929999999583 ], [ 110.2977300000002, -7.853649999999384 ], [ 110.297930000000605, -7.85341 ], [ 110.298210000000793, -7.853289999999387 ], [ 110.298689999999581, -7.85319 ], [ 110.299189999999697, -7.852970000000184 ], [ 110.299510000000708, -7.852790000001098 ], [ 110.299989999999482, -7.852709999999481 ], [ 110.300349999999483, -7.85283 ], [ 110.300730000000812, -7.85294000000094 ], [ 110.301110000000307, -7.853180000000345 ], [ 110.301349999999701, -7.853349999999689 ], [ 110.301670000000712, -7.853440000001054 ] ] ] } },
{ "type": "Feature", "properties": { "KECAMATAN": "Pajangan", "DESA": "Guwosari", "Sektor": "Bantul" }, "geometry": { "type": "Polygon", "coordinates": [ [ [ 110.32360999999942, -7.861500000001158 ], [ 110.32328000000048, -7.861590000000711 ], [ 110.323109999999332, -7.861680000000256 ], [ 110.322949999999722, -7.861929999999396 ], [ 110.322609999999216, -7.862250000000401 ], [ 110.32241000000063, -7.862419999999748 ], [ 110.322249999999229, -7.862690000000211 ], [ 110.322159999999684, -7.862830000000312 ], [ 110.322, -7.863090000001018 ], [ 110.321889999999229, -7.863310000000913 ], [ 110.32179, -7.863499999999749 ], [ 110.321659999999568, -7.863770000000198 ], [ 110.321529999999228, -7.864020000001164 ], [ 110.321379999999365, -7.864410000000408 ], [ 110.32128, -7.864710000000109 ], [ 110.32114, -7.865140000000157 ], [ 110.321019999999379, -7.86551 ], [ 110.32092, -7.865889999999396 ], [ 110.32085, -7.866350000000518 ], [ 110.320739999999162, -7.86673 ], [ 110.320649999999631, -7.866920000000673 ], [ 110.320540000000577, -7.867220000000371 ], [ 110.320680000000692, -7.86738 ], [ 110.320999999999884, -7.86743000000051 ], [ 110.321270000000339, -7.867480000001071 ], [ 110.321529999999228, -7.86752 ], [ 110.321780000000174, -7.867599999999858 ], [ 110.321949999999532, -7.86767 ], [ 110.322200000000493, -7.867800000000261 ], [ 110.322389999999317, -7.86786000000057 ], [ 110.322659999999772, -7.86785000000082 ], [ 110.322889999999418, -7.867850000000825 ], [ 110.323130000000646, -7.86788 ], [ 110.323309999999722, -7.867969999999602 ], [ 110.323389999999534, -7.868010000000412 ], [ 110.323469999999332, -7.868150000000514 ], [ 110.323500000000394, -7.868370000000415 ], [ 110.323490000000646, -7.868469999999715 ], [ 110.323449999999838, -7.868580000000576 ], [ 110.323410000000848, -7.868660000000365 ], [ 110.323309999999722, -7.868800000000473 ], [ 110.323220000000177, -7.869020000000357 ], [ 110.3233, -7.869210000001026 ], [ 110.32344, -7.869370000000614 ], [ 110.32366, -7.86955999999946 ], [ 110.323790000000344, -7.869650000000823 ], [ 110.323990000000734, -7.869720000000871 ], [ 110.324239999999875, -7.869699999999553 ], [ 110.324490000000836, -7.869730000000619 ], [ 110.324590000000128, -7.869750000000113 ], [ 110.324570000000634, -7.86995000000052 ], [ 110.324580000000381, -7.870160000000677 ], [ 110.324590000000128, -7.87033 ], [ 110.324679999999688, -7.870510000000916 ], [ 110.324749999999725, -7.87059000000072 ], [ 110.324899999999573, -7.87059000000072 ], [ 110.32509000000023, -7.87054000000017 ], [ 110.325230000000332, -7.87062 ], [ 110.3251, -7.870769999999808 ], [ 110.324969999999638, -7.870900000000169 ], [ 110.32488, -7.871040000000275 ], [ 110.32474, -7.871250000000416 ], [ 110.324599999999876, -7.871440000001071 ], [ 110.32451000000033, -7.871540000000371 ], [ 110.324350000000749, -7.871620000000165 ], [ 110.324199999999067, -7.871680000000469 ], [ 110.324080000000293, -7.871859999999556 ], [ 110.323850000000633, -7.871999999999668 ], [ 110.323700000000798, -7.872079999999464 ], [ 110.323500000000394, -7.872079999999464 ], [ 110.32337, -7.87199 ], [ 110.323169999999635, -7.871980000000168 ], [ 110.32299000000053, -7.872050000000216 ], [ 110.322850000000443, -7.872139999999773 ], [ 110.322729999999822, -7.872279999999867 ], [ 110.322609999999216, -7.872569999999814 ], [ 110.322589999999721, -7.872770000000229 ], [ 110.322690000000833, -7.872950000001126 ], [ 110.322850000000443, -7.873110000000722 ], [ 110.323159999999888, -7.873130000000224 ], [ 110.323410000000848, -7.87303000000093 ], [ 110.323580000000177, -7.872830000000533 ], [ 110.323780000000596, -7.87267000000093 ], [ 110.323879999999875, -7.872690000000427 ], [ 110.3238, -7.872880000001085 ], [ 110.323669999999723, -7.87319000000053 ], [ 110.323510000000127, -7.873390000000935 ], [ 110.323200000000682, -7.873680000000878 ], [ 110.323070000000342, -7.87393999999977 ], [ 110.322959999999469, -7.874200000000471 ], [ 110.322879999999685, -7.874439999999864 ], [ 110.32286000000019, -7.874690000000831 ], [ 110.322850000000443, -7.87487 ], [ 110.32286000000019, -7.876179999999571 ], [ 110.322780000000392, -7.876430000000532 ], [ 110.32265, -7.876689999999426 ], [ 110.32250000000019, -7.876819999999776 ], [ 110.322369999999822, -7.876870000000335 ], [ 110.32222, -7.876910000001142 ], [ 110.322, -7.876979999999367 ], [ 110.321889999999229, -7.8771 ], [ 110.321830000000745, -7.877310000000128 ], [ 110.321589999999532, -7.878500000000985 ], [ 110.321200000000289, -7.878670000000337 ], [ 110.32092, -7.878580000000778 ], [ 110.319519999999059, -7.87831000000033 ], [ 110.319250000000423, -7.87840999999963 ], [ 110.319020000000776, -7.87861 ], [ 110.318740000000588, -7.87882000000018 ], [ 110.317049999999611, -7.878370000000644 ], [ 110.316740000000166, -7.878329999999822 ], [ 110.316539999999776, -7.87832999999982 ], [ 110.316370000000418, -7.878419999999377 ], [ 110.316279999999068, -7.878650000000829 ], [ 110.316189999999509, -7.878950000000528 ], [ 110.315819999999761, -7.879880000000689 ], [ 110.315590000000114, -7.880359999999476 ], [ 110.315430000000532, -7.880569999999635 ], [ 110.315220000000366, -7.88085999999957 ], [ 110.315070000000532, -7.88113 ], [ 110.314780000000582, -7.881649999999628 ], [ 110.314130000000631, -7.881970000000644 ], [ 110.313790000000125, -7.88200999999963 ], [ 110.313439999999872, -7.882110000000742 ], [ 110.313039999999049, -7.88213000000024 ], [ 110.312710000000109, -7.882120000000488 ], [ 110.312470000000715, -7.882019999999377 ], [ 110.31225000000083, -7.88185 ], [ 110.312060000000159, -7.881659999999374 ], [ 110.31185, -7.881509999999528 ], [ 110.311669999999111, -7.881530000000846 ], [ 110.31143999999945, -7.881480000000282 ], [ 110.31126000000036, -7.881439999999484 ], [ 110.311050000000222, -7.881509999999522 ], [ 110.310880000000864, -7.881700000000184 ], [ 110.310729999999211, -7.882040000000684 ], [ 110.310540000000358, -7.882379999999374 ], [ 110.310589999999095, -7.882670000001148 ], [ 110.310779999999752, -7.882879999999487 ], [ 110.31106, -7.883070000000129 ], [ 110.31126000000036, -7.883320000001103 ], [ 110.31142, -7.883459999999372 ], [ 110.311369999999414, -7.883900000000988 ], [ 110.3111499999995, -7.88408 ], [ 110.311079999999464, -7.884319999999491 ], [ 110.311100000000764, -7.88444 ], [ 110.311030000000727, -7.88471000000054 ], [ 110.310830000000308, -7.884860000000389 ], [ 110.310540000000358, -7.884840000000895 ], [ 110.310219999999347, -7.884840000000897 ], [ 110.309950000000711, -7.88495 ], [ 110.309880000000661, -7.885259999999384 ], [ 110.309950000000711, -7.885430000000551 ], [ 110.310219999999347, -7.885570000000639 ], [ 110.310450000000827, -7.885870000000348 ], [ 110.310460000000575, -7.886060000001005 ], [ 110.310550000000106, -7.886220000000605 ], [ 110.310760000000272, -7.886160000000301 ], [ 110.31094999999911, -7.885979999999384 ], [ 110.311159999999248, -7.886049999999434 ], [ 110.311299999999363, -7.886249999999833 ], [ 110.311120000000258, -7.886200000001101 ], [ 110.310980000000171, -7.886360000000701 ], [ 110.311019999999161, -7.886549999999542 ], [ 110.311240000000865, -7.886679999999884 ], [ 110.311530000000815, -7.88675 ], [ 110.311649999999617, -7.886790000000749 ], [ 110.3117299999994, -7.887039999999895 ], [ 110.311770000000209, -7.887269999999536 ], [ 110.312040000000664, -7.88797999999979 ], [ 110.31207, -7.888209999999441 ], [ 110.31207, -7.888540000000192 ], [ 110.312050000000411, -7.88869 ], [ 110.311990000000122, -7.888870000000951 ], [ 110.311859999999754, -7.88917000000066 ], [ 110.311770000000209, -7.889429999999545 ], [ 110.311659999999364, -7.889719999999492 ], [ 110.31155000000031, -7.889960000000699 ], [ 110.310999999999666, -7.890670000000955 ], [ 110.310569999999601, -7.891219999999793 ], [ 110.310260000000156, -7.891560000000307 ], [ 110.309970000000206, -7.891719999999895 ], [ 110.30955, -7.891949999999545 ], [ 110.30933999999975, -7.892099999999392 ], [ 110.309020000000558, -7.892200000000506 ], [ 110.308820000000168, -7.89239000000117 ], [ 110.3086899999998, -7.89248000000071 ], [ 110.308530000000218, -7.892529999999438 ], [ 110.308390000000102, -7.892729999999847 ], [ 110.308259999999763, -7.893029999999548 ], [ 110.307919999999257, -7.893640000000515 ], [ 110.307660000000368, -7.89409 ], [ 110.307549999999509, -7.894270000000961 ], [ 110.307450000000202, -7.894539999999595 ], [ 110.307380000000151, -7.894689999999446 ], [ 110.30724, -7.894860000000609 ], [ 110.307109999999696, -7.895049999999454 ], [ 110.30700000000067, -7.895179999999803 ], [ 110.306899999999544, -7.895310000000162 ], [ 110.30671000000072, -7.895510000000563 ], [ 110.306510000000301, -7.895699999999397 ], [ 110.306249999999594, -7.895850000001058 ], [ 110.306140000000553, -7.895969999999858 ], [ 110.305930000000401, -7.896070000000964 ], [ 110.305749999999506, -7.896129999999454 ], [ 110.30560999999939, -7.896160000000521 ], [ 110.30548000000087, -7.896150000000759 ], [ 110.305329999999188, -7.896150000000763 ], [ 110.305189999999087, -7.896140000001024 ], [ 110.305029999999491, -7.896129999999451 ], [ 110.304879999999642, -7.89611 ], [ 110.304710000000298, -7.8961000000002 ], [ 110.304550000000717, -7.896100000000208 ], [ 110.30436, -7.89611 ], [ 110.304229999999706, -7.896100000000202 ], [ 110.304200000000463, -7.895979999999594 ], [ 110.30415, -7.89589 ], [ 110.304099999999337, -7.895759999999703 ], [ 110.304109999999085, -7.895630000001171 ], [ 110.304099999999337, -7.895520000000314 ], [ 110.30408999999959, -7.895430000000764 ], [ 110.304079999999843, -7.895310000000151 ], [ 110.304, -7.895270000001166 ], [ 110.303869999999705, -7.895270000001168 ], [ 110.303739999999337, -7.895270000001168 ], [ 110.30356000000026, -7.895200000001122 ], [ 110.303169999999184, -7.895060000001011 ], [ 110.303079999999639, -7.89503 ], [ 110.302900000000562, -7.895010000000452 ], [ 110.302770000000194, -7.89503 ], [ 110.302610000000612, -7.894930000000665 ], [ 110.302149999999486, -7.89481 ], [ 110.30206, -7.89481 ], [ 110.301949999999096, -7.894800000000298 ], [ 110.301820000000546, -7.89481 ], [ 110.3017, -7.8948199999998 ], [ 110.301520000000849, -7.894780000000805 ], [ 110.301439999999246, -7.894759999999498 ], [ 110.301299999999131, -7.89481 ], [ 110.301149999999282, -7.894759999999502 ], [ 110.300960000000444, -7.894700000001007 ], [ 110.300820000000357, -7.89467 ], [ 110.300680000000241, -7.894630000000964 ], [ 110.300559999999635, -7.894580000000401 ], [ 110.300390000000291, -7.894539999999601 ], [ 110.30026, -7.894440000000317 ], [ 110.300170000000406, -7.89438 ], [ 110.300090000000608, -7.89431 ], [ 110.299909999999684, -7.89408000000031 ], [ 110.29983, -7.893930000000453 ], [ 110.299759999999836, -7.893800000000101 ], [ 110.29970999999928, -7.893640000000515 ], [ 110.29968, -7.893500000000402 ], [ 110.299600000000254, -7.893340000000809 ], [ 110.299429999999077, -7.893070000000362 ], [ 110.299269999999495, -7.89302999999954 ], [ 110.299049999999582, -7.892990000000558 ], [ 110.298609999999798, -7.893150000000149 ], [ 110.298489999999177, -7.893179999999396 ], [ 110.2983100000001, -7.893210000000459 ], [ 110.29815000000049, -7.893239999999697 ], [ 110.2977300000002, -7.893239999999699 ], [ 110.297490000000792, -7.893319999999495 ], [ 110.297479999999226, -7.893190000000967 ], [ 110.297490000000792, -7.892980000000815 ], [ 110.297529999999782, -7.8928 ], [ 110.29757000000059, -7.89265 ], [ 110.297669999999897, -7.89251 ], [ 110.29781, -7.892340000000613 ], [ 110.298039999999645, -7.892089999999651 ], [ 110.298269999999292, -7.891970000000867 ], [ 110.298590000000303, -7.892079999999891 ], [ 110.298740000000137, -7.892120000000715 ], [ 110.298880000000253, -7.892159999999698 ], [ 110.299039999999835, -7.89218000000102 ], [ 110.29918, -7.892200000000502 ], [ 110.299329999999784, -7.89215 ], [ 110.299450000000391, -7.892050000000662 ], [ 110.299549999999698, -7.891920000000309 ], [ 110.29968, -7.891739999999388 ], [ 110.299909999999684, -7.891359999999897 ], [ 110.29997, -7.891229999999548 ], [ 110.300849999999585, -7.890020000001001 ], [ 110.300999999999433, -7.889810000000859 ], [ 110.301059999999751, -7.88963 ], [ 110.301139999999549, -7.88927 ], [ 110.30119, -7.889080000001102 ], [ 110.301310000000697, -7.888670000000551 ], [ 110.301299999999131, -7.888530000000448 ], [ 110.301269999999889, -7.888380000000608 ], [ 110.301149999999282, -7.888279999999491 ], [ 110.300999999999433, -7.888129999999639 ], [ 110.30069, -7.8879 ], [ 110.300499999999346, -7.888000000001107 ], [ 110.3004099999998, -7.888110000000145 ], [ 110.300349999999483, -7.888220000001009 ], [ 110.300269999999685, -7.888300000000801 ], [ 110.298629999999292, -7.887750000000148 ], [ 110.298549999999494, -7.887640000001104 ], [ 110.298389999999884, -7.887500000001004 ], [ 110.298329999999595, -7.887580000000807 ], [ 110.29802000000015, -7.888499999999397 ], [ 110.29789999999953, -7.888720000001101 ], [ 110.297720000000453, -7.889020000000796 ], [ 110.297629999999089, -7.889160000000908 ], [ 110.297549999999276, -7.889279999999695 ], [ 110.29709, -7.889849999999846 ], [ 110.296990000000704, -7.890050000000243 ], [ 110.296899999999326, -7.890190000000348 ], [ 110.296770000000805, -7.890380000001007 ], [ 110.296599999999628, -7.890649999999648 ], [ 110.296290000000184, -7.890680000000707 ], [ 110.296019999999729, -7.890649999999635 ], [ 110.295879999999627, -7.890600000000915 ], [ 110.295770000000601, -7.890509999999544 ], [ 110.295599999999425, -7.88927 ], [ 110.295589999999677, -7.88906999999954 ], [ 110.295710000000284, -7.888859999999391 ], [ 110.296609999999376, -7.887580000000794 ], [ 110.296739999999744, -7.887310000000352 ], [ 110.29687, -7.886940000000597 ], [ 110.296940000000134, -7.886730000000445 ], [ 110.297060000000755, -7.88646 ], [ 110.297140000000539, -7.886300000000396 ], [ 110.297220000000337, -7.886179999999785 ], [ 110.297300000000149, -7.886049999999438 ], [ 110.297409999999189, -7.885829999999541 ], [ 110.297469999999478, -7.885640000000703 ], [ 110.297629999999089, -7.885319999999682 ], [ 110.2977300000002, -7.885130000000852 ], [ 110.297790000000489, -7.884959999999689 ], [ 110.29789999999953, -7.884720000000284 ], [ 110.298010000000403, -7.884580000000193 ], [ 110.298129999999176, -7.884290000000242 ], [ 110.298249999999797, -7.884200000000697 ], [ 110.298430000000693, -7.883990000000543 ], [ 110.298510000000491, -7.883850000000436 ], [ 110.298590000000303, -7.883690000000847 ], [ 110.29867, -7.883550000000739 ], [ 110.29889, -7.883239999999483 ], [ 110.299160000000455, -7.883 ], [ 110.29925, -7.882939999999777 ], [ 110.299300000000542, -7.88286 ], [ 110.299440000000644, -7.882750000000946 ], [ 110.299549999999698, -7.88264 ], [ 110.299849999999395, -7.882379999999385 ], [ 110.300110000000103, -7.882130000000235 ], [ 110.30019, -7.88206000000018 ], [ 110.30033, -7.88191000000034 ], [ 110.300419999999548, -7.88178 ], [ 110.300460000000356, -7.881579999999582 ], [ 110.300479999999851, -7.881429999999738 ], [ 110.300499999999346, -7.88129999999938 ], [ 110.300569999999382, -7.881110000000545 ], [ 110.300600000000443, -7.880950000000949 ], [ 110.301629999999889, -7.87769999999937 ], [ 110.301680000000459, -7.877479999999473 ], [ 110.301680000000459, -7.877370000000432 ], [ 110.301579999999333, -7.877280000000885 ], [ 110.30148, -7.877230000000333 ], [ 110.301390000000509, -7.877189999999526 ], [ 110.300310000000493, -7.876910000001137 ], [ 110.300030000000291, -7.876870000000335 ], [ 110.299880000000456, -7.876870000000328 ], [ 110.299720000000846, -7.87688 ], [ 110.299429999999077, -7.87688 ], [ 110.299269999999495, -7.876819999999769 ], [ 110.299139999999127, -7.876780000000788 ], [ 110.299010000000592, -7.876749999999723 ], [ 110.298479999999429, -7.876630000000929 ], [ 110.29802000000015, -7.876430000000535 ], [ 110.297629999999089, -7.876329999999413 ], [ 110.297409999999189, -7.87627000000094 ], [ 110.297239999999832, -7.876230000000118 ], [ 110.297070000000502, -7.87621000000063 ], [ 110.29687, -7.876210000000629 ], [ 110.29666, -7.876220000000385 ], [ 110.296089999999793, -7.87612000000109 ], [ 110.295690000000789, -7.87602 ], [ 110.295420000000334, -7.87602999999972 ], [ 110.294920000000246, -7.87595 ], [ 110.294599999999235, -7.875780000000576 ], [ 110.295669999999475, -7.875650000000236 ], [ 110.295809999999591, -7.875449999999829 ], [ 110.296000000000234, -7.87523 ], [ 110.296319999999426, -7.874840000000676 ], [ 110.296560000000639, -7.874490000000426 ], [ 110.296860000000336, -7.874089999999614 ], [ 110.297109999999492, -7.8735 ], [ 110.297239999999832, -7.873229999999516 ], [ 110.297479999999226, -7.87285 ], [ 110.297800000000237, -7.87235 ], [ 110.29815000000049, -7.871910000000126 ], [ 110.298520000000238, -7.871499999999558 ], [ 110.298769999999379, -7.87140000000027 ], [ 110.299199999999445, -7.871400000000262 ], [ 110.299530000000203, -7.871440000001071 ], [ 110.300020000000544, -7.871400000000261 ], [ 110.30028999999918, -7.87098 ], [ 110.30054000000014, -7.870790000001125 ], [ 110.30086999999908, -7.870530000000412 ], [ 110.301069999999498, -7.870100000000372 ], [ 110.30122999999908, -7.869510000000727 ], [ 110.301439999999246, -7.869010000000621 ], [ 110.301760000000257, -7.868319999999865 ], [ 110.301869999999283, -7.86792000000088 ], [ 110.301810000000799, -7.867620000001167 ], [ 110.301380000000762, -7.867370000000208 ], [ 110.300849999999585, -7.86709 ], [ 110.300209999999396, -7.866760000001064 ], [ 110.29999999999923, -7.86656000000066 ], [ 110.299979999999735, -7.866360000000262 ], [ 110.300100000000356, -7.865910000000709 ], [ 110.30028999999918, -7.86504000000086 ], [ 110.300489999999598, -7.864250000000812 ], [ 110.300499999999346, -7.864050000000411 ], [ 110.300059999999533, -7.86392 ], [ 110.29931000000029, -7.863610000000602 ], [ 110.29867, -7.863359999999657 ], [ 110.298339999999342, -7.863110000000511 ], [ 110.29834999999909, -7.862810000000819 ], [ 110.298609999999798, -7.86248 ], [ 110.299220000000759, -7.86223000000092 ], [ 110.299699999999532, -7.862240000000654 ], [ 110.300080000000847, -7.862059999999749 ], [ 110.300279999999432, -7.861549999999895 ], [ 110.300419999999548, -7.861059999999544 ], [ 110.300479999999851, -7.86061 ], [ 110.30028999999918, -7.860310000000304 ], [ 110.29975, -7.859930000000804 ], [ 110.29961, -7.859510000000499 ], [ 110.29983, -7.859039999999635 ], [ 110.30025000000019, -7.85867 ], [ 110.300509999999093, -7.858370000000192 ], [ 110.301020000000761, -7.856640000000238 ], [ 110.301170000000596, -7.856169999999384 ], [ 110.301429999999499, -7.856169999999384 ], [ 110.30188000000085, -7.856390000001107 ], [ 110.302180000000547, -7.856480000000645 ], [ 110.302499999999739, -7.856350000000299 ], [ 110.302659999999349, -7.855879999999439 ], [ 110.30278, -7.855299999999537 ], [ 110.302799999999436, -7.855020000001151 ], [ 110.302120000000244, -7.854729999999379 ], [ 110.301680000000459, -7.854540000000552 ], [ 110.301639999999651, -7.854310000000895 ], [ 110.301670000000712, -7.853810000000793 ], [ 110.301670000000712, -7.853440000001054 ], [ 110.30177, -7.853450000000794 ], [ 110.302340000000157, -7.853540000000335 ], [ 110.30269000000041, -7.853540000000348 ], [ 110.303050000000397, -7.853450000000794 ], [ 110.30335, -7.853370000000994 ], [ 110.30386, -7.85319 ], [ 110.304400000000854, -7.853100000000539 ], [ 110.304879999999642, -7.85305 ], [ 110.305430000000314, -7.852989999999688 ], [ 110.305990000000719, -7.85295000000069 ], [ 110.30652, -7.852950000000701 ], [ 110.30703999999966, -7.852950000000688 ], [ 110.307489999999191, -7.852989999999695 ], [ 110.307899999999762, -7.853069999999486 ], [ 110.308220000000773, -7.853110000000289 ], [ 110.30855999999946, -7.85312 ], [ 110.30883, -7.853160000000855 ], [ 110.30913999999936, -7.853240000000641 ], [ 110.309219999999158, -7.853240000000639 ], [ 110.30942999999931, -7.853230000000897 ], [ 110.309709999999512, -7.853289999999385 ], [ 110.30998, -7.853380000000744 ], [ 110.310240000000661, -7.853429999999487 ], [ 110.310610000000409, -7.85348999999979 ], [ 110.310929999999601, -7.853580000001147 ], [ 110.311390000000728, -7.8537 ], [ 110.31156, -7.853789999999488 ], [ 110.31196000000088, -7.853830000000297 ], [ 110.312330000000628, -7.853919999999837 ], [ 110.31257, -7.853929999999592 ], [ 110.31293, -7.854009999999381 ], [ 110.313309999999504, -7.853989999999891 ], [ 110.313700000000566, -7.854030000000704 ], [ 110.31401, -7.854020000000945 ], [ 110.314640000000466, -7.85410000000075 ], [ 110.314930000000416, -7.854219999999538 ], [ 110.31516999999981, -7.854289999999581 ], [ 110.315479999999255, -7.854359999999627 ], [ 110.316230000000331, -7.854670000000906 ], [ 110.316660000000383, -7.854880000001044 ], [ 110.316940000000585, -7.854929999999791 ], [ 110.317199999999474, -7.854910000000292 ], [ 110.317349999999308, -7.854900000000541 ], [ 110.317399999999864, -7.855030000000893 ], [ 110.317429999999106, -7.855369999999591 ], [ 110.31745000000042, -7.855780000000145 ], [ 110.317419999999359, -7.85607 ], [ 110.317390000000117, -7.856610000001004 ], [ 110.317390000000117, -7.857050000000801 ], [ 110.317409999999612, -7.857519999999837 ], [ 110.317580000000788, -7.858000000000453 ], [ 110.31783, -7.85845 ], [ 110.318139999999374, -7.858889999999791 ], [ 110.31833, -7.859179999999736 ], [ 110.318530000000436, -7.859380000000146 ], [ 110.318789999999325, -7.85953 ], [ 110.31912, -7.85967 ], [ 110.31955000000012, -7.859710000000906 ], [ 110.320089999999212, -7.859780000000958 ], [ 110.32056, -7.859829999999696 ], [ 110.320910000000339, -7.859930000000804 ], [ 110.32143, -7.860129999999387 ], [ 110.321809999999417, -7.860300000000546 ], [ 110.322109999999114, -7.860469999999894 ], [ 110.322469999999129, -7.86069999999954 ], [ 110.322809999999635, -7.860880000000457 ], [ 110.323140000000393, -7.861140000001161 ], [ 110.323350000000531, -7.861360000001063 ], [ 110.32360999999942, -7.861500000001158 ] ] ] } },
{ "type": "Feature", "properties": { "KECAMATAN": "Pleret", "DESA": "Wonokromo", "Sektor": "Imogiri" }, "geometry": { "type": "Polygon", "coordinates": [ [ [ 110.391100000000705, -7.854729999999387 ], [ 110.391519999999176, -7.854700000000135 ], [ 110.391890000000743, -7.854789999999692 ], [ 110.392169999999126, -7.855030000000901 ], [ 110.392340000000303, -7.85520000000024 ], [ 110.392470000000642, -7.855260000000544 ], [ 110.392470000000642, -7.855460000000946 ], [ 110.392509999999632, -7.855670000001095 ], [ 110.392620000000505, -7.855760000000655 ], [ 110.392789999999835, -7.855550000000503 ], [ 110.392920000000203, -7.855420000000138 ], [ 110.39316999999933, -7.85539000000091 ], [ 110.39342000000029, -7.855410000000393 ], [ 110.393630000000456, -7.8555 ], [ 110.393770000000544, -7.855600000001059 ], [ 110.393879999999598, -7.85564 ], [ 110.39401, -7.8555 ], [ 110.394179999999295, -7.8554100000004 ], [ 110.394360000000191, -7.855400000000651 ], [ 110.394459999999484, -7.855550000000495 ], [ 110.39451, -7.855740000001149 ], [ 110.394580000000104, -7.855890000001008 ], [ 110.394679999999383, -7.856050000000604 ], [ 110.394650000000141, -7.856260000000758 ], [ 110.394480000000812, -7.8563900000011 ], [ 110.394319999999382, -7.856599999999435 ], [ 110.394249999999346, -7.856820000001155 ], [ 110.394169999999548, -7.857019999999743 ], [ 110.394089999999736, -7.857159999999838 ], [ 110.393969999999143, -7.857379999999748 ], [ 110.394099999999483, -7.857580000000153 ], [ 110.394459999999484, -7.85773 ], [ 110.3948, -7.857720000000239 ], [ 110.394959999999585, -7.857650000000201 ], [ 110.395200000000813, -7.857570000000394 ], [ 110.39545, -7.857529999999595 ], [ 110.395699999999081, -7.857540000001149 ], [ 110.396020000000107, -7.857580000000143 ], [ 110.396329999999551, -7.857630000000697 ], [ 110.396580000000498, -7.857650000000191 ], [ 110.396870000000447, -7.85773 ], [ 110.397220000000701, -7.8578500000006 ], [ 110.397450000000347, -7.857920000000655 ], [ 110.397590000000463, -7.858029999999696 ], [ 110.397360000000816, -7.858169999999788 ], [ 110.397160000000397, -7.858249999999597 ], [ 110.39703, -7.858389999999691 ], [ 110.39696, -7.85852 ], [ 110.396909999999437, -7.85867 ], [ 110.396880000000195, -7.858860000000551 ], [ 110.396839999999386, -7.859060000000953 ], [ 110.396819999999892, -7.8592499999998 ], [ 110.396759999999603, -7.859469999999686 ], [ 110.396590000000245, -7.859689999999599 ], [ 110.396419999999097, -7.859839999999435 ], [ 110.3962800000008, -7.859990000001108 ], [ 110.396140000000713, -7.860199999999449 ], [ 110.396029999999854, -7.860380000000344 ], [ 110.39595, -7.860650000000807 ], [ 110.395899999999486, -7.860870000000709 ], [ 110.396059999999096, -7.86118000000016 ], [ 110.396039999999601, -7.861479999999841 ], [ 110.396010000000345, -7.861699999999752 ], [ 110.395930000000547, -7.861950000000715 ], [ 110.395769999999146, -7.86225000000041 ], [ 110.395609999999536, -7.862440000001066 ], [ 110.395309999999839, -7.862639999999657 ], [ 110.395049999999131, -7.862820000000551 ], [ 110.394949999999838, -7.862980000000152 ], [ 110.394959999999585, -7.8632 ], [ 110.395109999999448, -7.863530000000808 ], [ 110.39516, -7.863760000000457 ], [ 110.395189999999246, -7.864030000000909 ], [ 110.395119999999196, -7.86428 ], [ 110.394959999999585, -7.86448000000046 ], [ 110.394819999999498, -7.864630000000299 ], [ 110.39468999999913, -7.864900000000764 ], [ 110.394650000000141, -7.865130000000413 ], [ 110.39456000000061, -7.865420000000356 ], [ 110.394539999999296, -7.865830000000916 ], [ 110.394529999999548, -7.866190000000913 ], [ 110.394539999999296, -7.866490000000625 ], [ 110.39456000000061, -7.866840000000866 ], [ 110.394599999999599, -7.867080000000261 ], [ 110.394700000000697, -7.867480000001079 ], [ 110.394780000000509, -7.867920000000864 ], [ 110.394879999999802, -7.868249999999812 ], [ 110.395029999999636, -7.868759999999655 ], [ 110.39509, -7.869060000001172 ], [ 110.395140000000509, -7.869399999999867 ], [ 110.39516, -7.869650000000819 ], [ 110.395140000000509, -7.869940000000774 ], [ 110.395130000000762, -7.870140000001179 ], [ 110.395169999999752, -7.870510000000916 ], [ 110.39516, -7.870740000000578 ], [ 110.395200000000813, -7.871030000000522 ], [ 110.39523, -7.871419999999766 ], [ 110.395309999999839, -7.871800000001084 ], [ 110.395430000000459, -7.87206999999971 ], [ 110.395469999999449, -7.872289999999613 ], [ 110.395379999999889, -7.87253000000082 ], [ 110.395259999999283, -7.872760000000478 ], [ 110.39516, -7.872999999999861 ], [ 110.39516, -7.873190000000526 ], [ 110.39521000000056, -7.873289999999824 ], [ 110.395409999999146, -7.873710000000117 ], [ 110.395640000000597, -7.874060000000367 ], [ 110.395749999999651, -7.87452999999942 ], [ 110.395720000000409, -7.875360000000269 ], [ 110.395829999999449, -7.875870000000118 ], [ 110.395239999999788, -7.876259999999362 ], [ 110.394969999999333, -7.876239999999868 ], [ 110.394710000000444, -7.876280000000683 ], [ 110.39444, -7.87646999999951 ], [ 110.394259999999093, -7.876819999999775 ], [ 110.39394, -7.877899999999781 ], [ 110.393799999999786, -7.877720000000685 ], [ 110.39379, -7.877570000000828 ], [ 110.393669999999446, -7.877420000000983 ], [ 110.393509999999836, -7.87717 ], [ 110.39342000000029, -7.877000000000686 ], [ 110.393319999999193, -7.876829999999525 ], [ 110.393229999999647, -7.87674 ], [ 110.393079999999784, -7.876759999999475 ], [ 110.392970000000759, -7.87687000000033 ], [ 110.393079999999784, -7.877000000000684 ], [ 110.393280000000203, -7.877290000000633 ], [ 110.393340000000507, -7.877440000000486 ], [ 110.393249999999142, -7.877609999999821 ], [ 110.393019999999495, -7.878119999999678 ], [ 110.39287999999938, -7.878230000000528 ], [ 110.392599999999177, -7.87838000000038 ], [ 110.392069999999848, -7.878100000000176 ], [ 110.391970000000541, -7.878010000000639 ], [ 110.391859999999681, -7.877829999999726 ], [ 110.391550000000237, -7.87772000000069 ], [ 110.391460000000706, -7.877699999999372 ], [ 110.391279999999782, -7.877660000000388 ], [ 110.39119000000025, -7.877810000000228 ], [ 110.390919999999781, -7.87854 ], [ 110.39083000000025, -7.878650000000827 ], [ 110.390690000000134, -7.878660000000577 ], [ 110.389610000000147, -7.878380000000383 ], [ 110.389530000000349, -7.878290000000834 ], [ 110.389549999999844, -7.87817000000023 ], [ 110.389530000000349, -7.878039999999871 ], [ 110.389569999999338, -7.877909999999511 ], [ 110.389569999999338, -7.877759999999666 ], [ 110.389440000000789, -7.877769999999414 ], [ 110.388810000000333, -7.87774000000018 ], [ 110.388520000000383, -7.877720000000674 ], [ 110.388059999999285, -7.877609999999829 ], [ 110.387539999999674, -7.877500000000779 ], [ 110.386409999999131, -7.877409999999415 ], [ 110.386270000000835, -7.877360000000687 ], [ 110.386000000000379, -7.877500000000787 ], [ 110.385990000000632, -7.877759999999668 ], [ 110.385969999999318, -7.87789 ], [ 110.385850000000545, -7.878020000000379 ], [ 110.38573, -7.878080000000681 ], [ 110.385259999999079, -7.87822000000078 ], [ 110.383579999999668, -7.879220000000996 ], [ 110.38321, -7.879530000000428 ], [ 110.383069999999833, -7.879580000000984 ], [ 110.382900000000475, -7.879559999999678 ], [ 110.382240000000778, -7.879380000000584 ], [ 110.382149999999427, -7.879220000000993 ], [ 110.3822, -7.879129999999632 ], [ 110.38227, -7.87897999999977 ], [ 110.382739999999075, -7.876230000000121 ], [ 110.382879999999162, -7.876099999999781 ], [ 110.383030000000844, -7.876050000001031 ], [ 110.383320000000793, -7.876039999999472 ], [ 110.383439999999567, -7.875790000000324 ], [ 110.383470000000628, -7.875490000000622 ], [ 110.383449999999314, -7.87535000000053 ], [ 110.383429999999819, -7.875120000000878 ], [ 110.383180000000678, -7.874680000001087 ], [ 110.383040000000591, -7.874610000001026 ], [ 110.382770000000136, -7.87477000000063 ], [ 110.382659999999262, -7.874840000000679 ], [ 110.382509999999414, -7.87487 ], [ 110.382310000000828, -7.874830000000934 ], [ 110.381030000000422, -7.873960000001081 ], [ 110.381279999999563, -7.87379 ], [ 110.381520000000791, -7.873620000000571 ], [ 110.381709999999615, -7.873470000000739 ], [ 110.381890000000524, -7.87328 ], [ 110.381989999999817, -7.873060000000166 ], [ 110.382059999999882, -7.872750000000731 ], [ 110.382079999999377, -7.87242 ], [ 110.381950000000828, -7.872160000001087 ], [ 110.381810000000741, -7.872030000000721 ], [ 110.381639999999564, -7.87181000000083 ], [ 110.381499999999477, -7.8717 ], [ 110.381299999999058, -7.87163 ], [ 110.38111000000022, -7.87163 ], [ 110.3809, -7.871760000000266 ], [ 110.380810000000537, -7.871649999999411 ], [ 110.380839999999779, -7.871440000001081 ], [ 110.380849999999526, -7.871279999999664 ], [ 110.3809, -7.870960000000479 ], [ 110.380929999999324, -7.870610000000226 ], [ 110.380839999999779, -7.870409999999815 ], [ 110.380549999999829, -7.870119999999869 ], [ 110.380269999999626, -7.869909999999713 ], [ 110.380119999999764, -7.86972000000087 ], [ 110.38011, -7.86932 ], [ 110.380289999999121, -7.869119999999655 ], [ 110.380670000000421, -7.869240000000259 ], [ 110.38083, -7.86925 ], [ 110.380929999999324, -7.869119999999659 ], [ 110.381030000000422, -7.868780000000972 ], [ 110.38105, -7.868440000000463 ], [ 110.38111000000022, -7.868090000000218 ], [ 110.381139999999476, -7.867529999999804 ], [ 110.38119, -7.867220000000367 ], [ 110.381009999999108, -7.867099999999756 ], [ 110.380660000000674, -7.866980000000961 ], [ 110.380440000000775, -7.86691000000092 ], [ 110.380269999999626, -7.866809999999806 ], [ 110.380139999999258, -7.866690000001014 ], [ 110.37997, -7.86673 ], [ 110.379660000000484, -7.866690000001022 ], [ 110.379380000000282, -7.866640000000472 ], [ 110.379070000000837, -7.866529999999603 ], [ 110.378769999999307, -7.866400000001074 ], [ 110.37862999999922, -7.866210000000406 ], [ 110.3786, -7.865970000001015 ], [ 110.378640000000786, -7.865680000001075 ], [ 110.378759999999573, -7.865299999999755 ], [ 110.378839999999357, -7.865 ], [ 110.37882999999961, -7.86474000000117 ], [ 110.37867, -7.864410000000411 ], [ 110.378469999999609, -7.864079999999657 ], [ 110.378350000000836, -7.863760000000457 ], [ 110.378319999999761, -7.863499999999755 ], [ 110.378280000000771, -7.863149999999504 ], [ 110.378220000000468, -7.862709999999703 ], [ 110.378189999999407, -7.862279999999641 ], [ 110.378160000000165, -7.861909999999899 ], [ 110.378080000000381, -7.861510000000909 ], [ 110.378010000000316, -7.861170000000412 ], [ 110.377870000000215, -7.860790000000909 ], [ 110.377570000000517, -7.860469999999897 ], [ 110.377329999999304, -7.860230000000501 ], [ 110.377119999999167, -7.860090000000397 ], [ 110.37688999999952, -7.85979000000071 ], [ 110.376679999999354, -7.859380000000156 ], [ 110.376550000000833, -7.859010000000407 ], [ 110.376449999999707, -7.85867999999964 ], [ 110.376290000000111, -7.858260000001158 ], [ 110.376190000000832, -7.8578 ], [ 110.376169999999519, -7.857420000000556 ], [ 110.376179999999266, -7.856970000001008 ], [ 110.37615, -7.856560000000446 ], [ 110.376130000000515, -7.85607 ], [ 110.376029999999403, -7.855509999999686 ], [ 110.37586, -7.85514 ], [ 110.375749999999201, -7.854750000000694 ], [ 110.375749999999201, -7.854400000000435 ], [ 110.375830000000818, -7.854069999999681 ], [ 110.375889999999316, -7.85370999999969 ], [ 110.376029999999403, -7.853600000000644 ], [ 110.37620000000058, -7.85352000000085 ], [ 110.376399999999151, -7.853620000000146 ], [ 110.376410000000718, -7.854040000000453 ], [ 110.376389999999404, -7.854569999999783 ], [ 110.376399999999151, -7.85499 ], [ 110.376430000000212, -7.855420000000144 ], [ 110.376570000000328, -7.855610000000797 ], [ 110.376819999999469, -7.855620000000543 ], [ 110.377130000000733, -7.855340000000347 ], [ 110.377210000000531, -7.854960000000857 ], [ 110.377099999999672, -7.85457999999953 ], [ 110.377049999999102, -7.85418000000054 ], [ 110.377169999999722, -7.853849999999779 ], [ 110.377440000000178, -7.853690000000197 ], [ 110.377769999999117, -7.853639999999638 ], [ 110.377979999999255, -7.85368000000045 ], [ 110.378189999999407, -7.853610000000397 ], [ 110.378300000000266, -7.853359999999426 ], [ 110.37853999999966, -7.853199999999841 ], [ 110.378880000000166, -7.853279999999637 ], [ 110.379199999999358, -7.853330000000192 ], [ 110.379539999999864, -7.853370000001005 ], [ 110.380259999999879, -7.853260000000135 ], [ 110.380629999999627, -7.853209999999581 ], [ 110.381079999999159, -7.853279999999645 ], [ 110.381579999999261, -7.853320000000443 ], [ 110.382019999999059, -7.853380000000739 ], [ 110.382289999999514, -7.85348 ], [ 110.382349999999818, -7.853660000000941 ], [ 110.382229999999211, -7.853900000000347 ], [ 110.382059999999882, -7.854160000001052 ], [ 110.382040000000373, -7.854480000000232 ], [ 110.382229999999211, -7.854859999999737 ], [ 110.382439999999377, -7.85497000000059 ], [ 110.382709999999832, -7.854970000000589 ], [ 110.383169999999112, -7.855030000000893 ], [ 110.383669999999228, -7.855149999999679 ], [ 110.383959999999178, -7.855190000000497 ], [ 110.384560000000391, -7.8553900000009 ], [ 110.38501, -7.855519999999426 ], [ 110.38537, -7.85564 ], [ 110.385650000000126, -7.855690000000601 ], [ 110.385899999999282, -7.855719999999841 ], [ 110.385979999999066, -7.85591000000049 ], [ 110.386039999999369, -7.856299999999731 ], [ 110.386150000000242, -7.856589999999695 ], [ 110.386280000000582, -7.85679 ], [ 110.38659, -7.856840000000643 ], [ 110.386870000000229, -7.856949999999697 ], [ 110.387220000000482, -7.857060000000551 ], [ 110.387510000000432, -7.857019999999735 ], [ 110.387689999999537, -7.856799999999835 ], [ 110.387720000000598, -7.856509999999884 ], [ 110.38796999999974, -7.856149999999889 ], [ 110.388179999999878, -7.856159999999648 ], [ 110.388549999999626, -7.856089999999578 ], [ 110.388960000000196, -7.856079999999844 ], [ 110.389349999999425, -7.856050000000608 ], [ 110.389660000000688, -7.85600999999979 ], [ 110.38980000000079, -7.855879999999435 ], [ 110.389849999999541, -7.85557 ], [ 110.38983, -7.855250000000797 ], [ 110.389859999999288, -7.854869999999478 ], [ 110.389929999999339, -7.854729999999388 ], [ 110.390320000000386, -7.854660000001146 ], [ 110.390729999999124, -7.854700000000138 ], [ 110.391100000000705, -7.854729999999387 ] ] ] } },
{ "type": "Feature", "properties": { "KECAMATAN": "Pleret", "DESA": "Pleret", "Sektor": "Banguntapan" }, "geometry": { "type": "Polygon", "coordinates": [ [ [ 110.409100000000734, -7.855060000000141 ], [ 110.408989999999861, -7.85514 ], [ 110.408999999999608, -7.855490000000186 ], [ 110.408960000000619, -7.855750000000907 ], [ 110.40891999999981, -7.856030000001102 ], [ 110.40891999999981, -7.856490000000393 ], [ 110.408900000000315, -7.856949999999698 ], [ 110.408859999999521, -7.857540000001153 ], [ 110.40884, -7.857700000000744 ], [ 110.40891, -7.857949999999896 ], [ 110.408880000000835, -7.85816 ], [ 110.408799999999218, -7.85845999999974 ], [ 110.408729999999153, -7.85875999999944 ], [ 110.4087, -7.859020000000153 ], [ 110.408709999999658, -7.85924999999979 ], [ 110.408729999999153, -7.859430000000697 ], [ 110.40884, -7.859609999999793 ], [ 110.408830000000279, -7.859829999999699 ], [ 110.408760000000228, -7.860129999999391 ], [ 110.408719999999406, -7.860360000000856 ], [ 110.408690000000163, -7.860689999999798 ], [ 110.408690000000163, -7.860909999999705 ], [ 110.408960000000619, -7.861119999999851 ], [ 110.4092, -7.861129999999604 ], [ 110.409659999999306, -7.8611700000004 ], [ 110.409999999999826, -7.861209999999394 ], [ 110.4105, -7.861279999999446 ], [ 110.410970000000788, -7.861320000000247 ], [ 110.411480000000623, -7.861419999999542 ], [ 110.411679999999208, -7.861479999999845 ], [ 110.41208, -7.86152000000066 ], [ 110.412549999999072, -7.86158000000096 ], [ 110.413200000000842, -7.861720000001058 ], [ 110.413660000000121, -7.861800000000852 ], [ 110.414070000000692, -7.86188000000065 ], [ 110.414489999999162, -7.861970000000197 ], [ 110.414800000000426, -7.86212 ], [ 110.415160000000427, -7.862250000000408 ], [ 110.41551000000068, -7.862359999999438 ], [ 110.41587000000068, -7.862489999999804 ], [ 110.416149999999064, -7.862580000001168 ], [ 110.41638000000053, -7.86245000000081 ], [ 110.41654000000014, -7.862180000000351 ], [ 110.416559999999635, -7.86190000000015 ], [ 110.416530000000392, -7.861740000000548 ], [ 110.416660000000732, -7.861549999999899 ], [ 110.416989999999672, -7.861430000001109 ], [ 110.41722999999908, -7.861390000000307 ], [ 110.417419999999723, -7.86143000000111 ], [ 110.417470000000293, -7.861559999999653 ], [ 110.41742999999947, -7.861820000000362 ], [ 110.417349999999672, -7.862040000000247 ], [ 110.417279999999622, -7.862230000000905 ], [ 110.417240000000646, -7.862460000000562 ], [ 110.417199999999838, -7.8627 ], [ 110.41712, -7.862910000000106 ], [ 110.417110000000278, -7.863110000000519 ], [ 110.41703000000048, -7.863320000000665 ], [ 110.41693999999913, -7.863569999999806 ], [ 110.416869999999079, -7.863789999999706 ], [ 110.417059999999722, -7.863999999999852 ], [ 110.417400000000228, -7.864089999999407 ], [ 110.4177, -7.86421 ], [ 110.418040000000431, -7.864310000001118 ], [ 110.418289999999573, -7.864480000000463 ], [ 110.418410000000193, -7.864620000000567 ], [ 110.418669999999068, -7.86490000000077 ], [ 110.41887999999922, -7.864960000001058 ], [ 110.418999999999841, -7.864770000000409 ], [ 110.419029999999083, -7.864560000000252 ], [ 110.41885, -7.864380000001169 ], [ 110.418859999999725, -7.864110000000705 ], [ 110.418999999999841, -7.863900000000559 ], [ 110.41921, -7.863830000000519 ], [ 110.41945999999912, -7.863859999999755 ], [ 110.42022, -7.863340000000163 ], [ 110.420599999999439, -7.864030000000917 ], [ 110.420410000000587, -7.864470000000713 ], [ 110.42022, -7.864740000001161 ], [ 110.42007, -7.86491000000052 ], [ 110.419879999999424, -7.8651699999994 ], [ 110.419659999999539, -7.86565 ], [ 110.419579999999726, -7.86587 ], [ 110.419519999999423, -7.86623 ], [ 110.419429999999892, -7.866420000000571 ], [ 110.419470000000686, -7.866570000000405 ], [ 110.419340000000346, -7.867070000000514 ], [ 110.419299999999524, -7.867539999999552 ], [ 110.419190000000484, -7.86784000000107 ], [ 110.419089999999386, -7.868160000000262 ], [ 110.418890000000786, -7.868490000001016 ], [ 110.418719999999638, -7.868650000000612 ], [ 110.418530000000786, -7.868790000000715 ], [ 110.418279999999825, -7.869030000000109 ], [ 110.417960000000633, -7.86917000000022 ], [ 110.417659999999117, -7.869339999999561 ], [ 110.417450000000798, -7.869450000000416 ], [ 110.417299999999116, -7.869489999999415 ], [ 110.41669, -7.86971000000112 ], [ 110.416240000000442, -7.869810000000418 ], [ 110.415890000000189, -7.869940000000778 ], [ 110.415689999999785, -7.870059999999564 ], [ 110.415399999999835, -7.870220000000979 ], [ 110.41518, -7.870349999999503 ], [ 110.414759999999632, -7.870559999999664 ], [ 110.414520000000223, -7.870670000000518 ], [ 110.414380000000136, -7.870769999999814 ], [ 110.4141, -7.870960000000473 ], [ 110.413909999999262, -7.87111000000032 ], [ 110.413730000000186, -7.871209999999623 ], [ 110.413409999999175, -7.871380000000774 ], [ 110.413179999999528, -7.871530000000631 ], [ 110.412829999999275, -7.871980000000176 ], [ 110.41272000000022, -7.872160000001073 ], [ 110.412589999999881, -7.872289999999619 ], [ 110.412309999999664, -7.872550000000318 ], [ 110.41207000000027, -7.872910000000329 ], [ 110.41194, -7.873289999999818 ], [ 110.41194, -7.873579999999762 ], [ 110.412109999999259, -7.873850000000232 ], [ 110.41236000000022, -7.874200000000471 ], [ 110.412430000000271, -7.87451 ], [ 110.412399999999209, -7.87472 ], [ 110.412309999999664, -7.874910000000727 ], [ 110.41207000000027, -7.87522000000018 ], [ 110.411739999999511, -7.875470000001138 ], [ 110.411319999999222, -7.875609999999416 ], [ 110.410690000000585, -7.875940000000177 ], [ 110.410190000000469, -7.87616 ], [ 110.409750000000685, -7.876420000000778 ], [ 110.40913, -7.876679999999669 ], [ 110.408540000000329, -7.876840000001081 ], [ 110.408250000000379, -7.87688 ], [ 110.407869999999065, -7.877070000000733 ], [ 110.407509999999064, -7.877329999999612 ], [ 110.407289999999165, -7.877899999999767 ], [ 110.407090000000565, -7.878350000001134 ], [ 110.406929999999164, -7.878730000000641 ], [ 110.406870000000666, -7.879059999999567 ], [ 110.406670000000275, -7.879349999999531 ], [ 110.406349999999264, -7.879790000001147 ], [ 110.406189999999654, -7.88005 ], [ 110.406059999999314, -7.880209999999623 ], [ 110.405969999999769, -7.880279999999684 ], [ 110.405839999999401, -7.880370000001046 ], [ 110.405210000000764, -7.880559999999875 ], [ 110.40423, -7.880470000000331 ], [ 110.403410000000761, -7.880129999999824 ], [ 110.402159999999597, -7.879730000000835 ], [ 110.401340000000317, -7.87952000000069 ], [ 110.400649999999544, -7.879380000000592 ], [ 110.39998, -7.879279999999465 ], [ 110.399349999999643, -7.879150000000942 ], [ 110.39876, -7.878800000000692 ], [ 110.39818, -7.87832 ], [ 110.39760000000021, -7.878140000000994 ], [ 110.397119999999589, -7.877880000000271 ], [ 110.396539999999689, -7.877399999999668 ], [ 110.39617, -7.87703 ], [ 110.39574, -7.876630000000929 ], [ 110.39545, -7.876389999999725 ], [ 110.395239999999788, -7.876259999999362 ], [ 110.395829999999449, -7.875870000000118 ], [ 110.395720000000409, -7.875360000000269 ], [ 110.395749999999651, -7.87452999999942 ], [ 110.395640000000597, -7.874060000000367 ], [ 110.395409999999146, -7.873710000000117 ], [ 110.39521000000056, -7.873289999999824 ], [ 110.39516, -7.873190000000526 ], [ 110.39516, -7.872999999999861 ], [ 110.395259999999283, -7.872760000000478 ], [ 110.395379999999889, -7.87253000000082 ], [ 110.395469999999449, -7.872289999999613 ], [ 110.395430000000459, -7.87206999999971 ], [ 110.395309999999839, -7.871800000001084 ], [ 110.39523, -7.871419999999766 ], [ 110.395200000000813, -7.871030000000522 ], [ 110.39516, -7.870740000000578 ], [ 110.395169999999752, -7.870510000000916 ], [ 110.395130000000762, -7.870140000001179 ], [ 110.395140000000509, -7.869940000000774 ], [ 110.39516, -7.869650000000819 ], [ 110.395140000000509, -7.869399999999867 ], [ 110.39509, -7.869060000001172 ], [ 110.395029999999636, -7.868759999999655 ], [ 110.394879999999802, -7.868249999999812 ], [ 110.394780000000509, -7.867920000000864 ], [ 110.394700000000697, -7.867480000001079 ], [ 110.394599999999599, -7.867080000000261 ], [ 110.39456000000061, -7.866840000000866 ], [ 110.394539999999296, -7.866490000000625 ], [ 110.394529999999548, -7.866190000000913 ], [ 110.394539999999296, -7.865830000000916 ], [ 110.39456000000061, -7.865420000000356 ], [ 110.394650000000141, -7.865130000000413 ], [ 110.39468999999913, -7.864900000000764 ], [ 110.394819999999498, -7.864630000000299 ], [ 110.394959999999585, -7.86448000000046 ], [ 110.395119999999196, -7.86428 ], [ 110.395189999999246, -7.864030000000909 ], [ 110.39516, -7.863760000000457 ], [ 110.395109999999448, -7.863530000000808 ], [ 110.394959999999585, -7.8632 ], [ 110.394949999999838, -7.862980000000152 ], [ 110.395049999999131, -7.862820000000551 ], [ 110.395309999999839, -7.862639999999657 ], [ 110.395609999999536, -7.862440000001066 ], [ 110.395769999999146, -7.86225000000041 ], [ 110.395930000000547, -7.861950000000715 ], [ 110.396010000000345, -7.861699999999752 ], [ 110.396039999999601, -7.861479999999841 ], [ 110.396059999999096, -7.86118000000016 ], [ 110.396150000000461, -7.861070000001102 ], [ 110.396380000000107, -7.861030000000294 ], [ 110.396650000000562, -7.860950000000505 ], [ 110.396930000000751, -7.860940000000763 ], [ 110.39718999999964, -7.86097 ], [ 110.397469999999842, -7.86104 ], [ 110.397709999999236, -7.86112999999959 ], [ 110.3979999999992, -7.861180000000146 ], [ 110.39833, -7.861230000000706 ], [ 110.398660000000703, -7.861250000000203 ], [ 110.3989600000004, -7.861290000001013 ], [ 110.39923000000087, -7.861310000000504 ], [ 110.399470000000264, -7.861339999999754 ], [ 110.399849999999759, -7.861380000000565 ], [ 110.4002, -7.8614 ], [ 110.400449999999154, -7.861419999999549 ], [ 110.400840000000201, -7.861290000001007 ], [ 110.401030000000873, -7.861240000000448 ], [ 110.401200000000202, -7.861349999999493 ], [ 110.401239999999191, -7.861569999999396 ], [ 110.401369999999559, -7.861839999999845 ], [ 110.401439999999596, -7.862069999999503 ], [ 110.401509999999647, -7.86222000000116 ], [ 110.40172999999956, -7.862680000000463 ], [ 110.401869999999647, -7.86262000000016 ], [ 110.401910000000456, -7.862400000000256 ], [ 110.401920000000217, -7.862139999999539 ], [ 110.402050000000571, -7.862040000000262 ], [ 110.402280000000218, -7.861999999999444 ], [ 110.40259999999941, -7.861989999999694 ], [ 110.402949999999663, -7.86198 ], [ 110.403239999999613, -7.862010000001018 ], [ 110.403790000000271, -7.862139999999553 ], [ 110.403990000000661, -7.862209999999605 ], [ 110.404319999999601, -7.86231000000071 ], [ 110.404479999999211, -7.862289999999403 ], [ 110.404679999999601, -7.862199999999855 ], [ 110.40501000000036, -7.862129999999799 ], [ 110.405109999999667, -7.861950000000705 ], [ 110.405140000000728, -7.861730000000803 ], [ 110.4051, -7.861419999999537 ], [ 110.405059999999111, -7.861160000000652 ], [ 110.404969999999551, -7.860640000001057 ], [ 110.404940000000309, -7.860450000000395 ], [ 110.404920000000814, -7.86004999999959 ], [ 110.405020000000107, -7.859870000000504 ], [ 110.405059999999111, -7.859740000000148 ], [ 110.405000000000612, -7.859500000000749 ], [ 110.4048999999995, -7.859259999999546 ], [ 110.404749999999666, -7.859020000000146 ], [ 110.404570000000561, -7.8585700000006 ], [ 110.404529999999767, -7.858120000001059 ], [ 110.404440000000221, -7.857840000000848 ], [ 110.404420000000727, -7.857690000001005 ], [ 110.404270000000864, -7.857169999999589 ], [ 110.404200000000827, -7.856809999999593 ], [ 110.40409, -7.856560000000452 ], [ 110.404169999999766, -7.85629 ], [ 110.404259999999297, -7.855869999999683 ], [ 110.404329999999348, -7.855550000000497 ], [ 110.40440999999916, -7.85528 ], [ 110.404500000000525, -7.854980000000342 ], [ 110.404560000000814, -7.854680000000644 ], [ 110.404660000000106, -7.85456 ], [ 110.405049999999363, -7.854579999999541 ], [ 110.405399999999617, -7.854620000000339 ], [ 110.405759999999617, -7.854690000000391 ], [ 110.406150000000665, -7.854799999999428 ], [ 110.40639, -7.854830000000504 ], [ 110.40682000000011, -7.854840000000238 ], [ 110.407080000000818, -7.854729999999385 ], [ 110.407440000000818, -7.854639999999839 ], [ 110.407769999999758, -7.854639999999845 ], [ 110.408849999999774, -7.854859999999736 ], [ 110.409100000000734, -7.855060000000141 ] ] ] } },
{ "type": "Feature", "properties": { "KECAMATAN": "Sewon", "DESA": "Timbulharjo", "Sektor": "Imogiri" }, "geometry": { "type": "Polygon", "coordinates": [ [ [ 110.377329999999304, -7.860230000000501 ], [ 110.377570000000517, -7.860469999999897 ], [ 110.377870000000215, -7.860790000000909 ], [ 110.378010000000316, -7.861170000000412 ], [ 110.378080000000381, -7.861510000000909 ], [ 110.378160000000165, -7.861909999999899 ], [ 110.378189999999407, -7.862279999999641 ], [ 110.378220000000468, -7.862709999999703 ], [ 110.378280000000771, -7.863149999999504 ], [ 110.378319999999761, -7.863499999999755 ], [ 110.378350000000836, -7.863760000000457 ], [ 110.378469999999609, -7.864079999999657 ], [ 110.37867, -7.864410000000411 ], [ 110.37882999999961, -7.86474000000117 ], [ 110.378839999999357, -7.865 ], [ 110.378759999999573, -7.865299999999755 ], [ 110.378640000000786, -7.865680000001075 ], [ 110.3786, -7.865970000001015 ], [ 110.37862999999922, -7.866210000000406 ], [ 110.378769999999307, -7.866400000001074 ], [ 110.379070000000837, -7.866529999999603 ], [ 110.379380000000282, -7.866640000000472 ], [ 110.379660000000484, -7.866690000001022 ], [ 110.37997, -7.86673 ], [ 110.380139999999258, -7.866690000001014 ], [ 110.380269999999626, -7.866809999999806 ], [ 110.380440000000775, -7.86691000000092 ], [ 110.380660000000674, -7.866980000000961 ], [ 110.381009999999108, -7.867099999999756 ], [ 110.38119, -7.867220000000367 ], [ 110.381139999999476, -7.867529999999804 ], [ 110.38111000000022, -7.868090000000218 ], [ 110.38105, -7.868440000000463 ], [ 110.381030000000422, -7.868780000000972 ], [ 110.380929999999324, -7.869119999999659 ], [ 110.38083, -7.86925 ], [ 110.380670000000421, -7.869240000000259 ], [ 110.380289999999121, -7.869119999999655 ], [ 110.38011, -7.86932 ], [ 110.380119999999764, -7.86972000000087 ], [ 110.380269999999626, -7.869909999999713 ], [ 110.380549999999829, -7.870119999999869 ], [ 110.380839999999779, -7.870409999999815 ], [ 110.380929999999324, -7.870610000000226 ], [ 110.3809, -7.870960000000479 ], [ 110.380849999999526, -7.871279999999664 ], [ 110.380839999999779, -7.871440000001081 ], [ 110.380810000000537, -7.871649999999411 ], [ 110.3809, -7.871760000000266 ], [ 110.38111000000022, -7.87163 ], [ 110.381299999999058, -7.87163 ], [ 110.381499999999477, -7.8717 ], [ 110.381639999999564, -7.87181000000083 ], [ 110.381810000000741, -7.872030000000721 ], [ 110.381950000000828, -7.872160000001087 ], [ 110.382079999999377, -7.87242 ], [ 110.382059999999882, -7.872750000000731 ], [ 110.381989999999817, -7.873060000000166 ], [ 110.381890000000524, -7.87328 ], [ 110.381709999999615, -7.873470000000739 ], [ 110.381520000000791, -7.873620000000571 ], [ 110.381279999999563, -7.87379 ], [ 110.381030000000422, -7.873960000001081 ], [ 110.380769999999714, -7.874040000000881 ], [ 110.38054, -7.873949999999525 ], [ 110.380269999999626, -7.873840000000472 ], [ 110.379979999999676, -7.87380999999941 ], [ 110.379639999999171, -7.87374000000119 ], [ 110.379230000000419, -7.873649999999818 ], [ 110.379000000000786, -7.873649999999823 ], [ 110.37853999999966, -7.87364 ], [ 110.378290000000518, -7.873610000000827 ], [ 110.377940000000265, -7.873560000000269 ], [ 110.377500000000481, -7.873540000000781 ], [ 110.377239999999759, -7.87370000000037 ], [ 110.37716, -7.873970000000824 ], [ 110.377119999999167, -7.874190000000735 ], [ 110.377080000000163, -7.874610000001036 ], [ 110.377119999999167, -7.875150000000126 ], [ 110.377060000000668, -7.875480000000879 ], [ 110.377119999999167, -7.875669999999722 ], [ 110.377220000000264, -7.876029999999728 ], [ 110.377259999999254, -7.876140000000571 ], [ 110.37727000000082, -7.876280000000683 ], [ 110.377239999999759, -7.876590000000121 ], [ 110.37723, -7.87681 ], [ 110.377130000000733, -7.877780000000983 ], [ 110.377119999999167, -7.87811 ], [ 110.377119999999167, -7.87832 ], [ 110.37717999999947, -7.878590000000535 ], [ 110.37717999999947, -7.87883 ], [ 110.37714000000048, -7.87904 ], [ 110.377080000000163, -7.87926 ], [ 110.376899999999267, -7.879489999999634 ], [ 110.376749999999404, -7.87976 ], [ 110.376669999999606, -7.879970000000233 ], [ 110.37661999999905, -7.880080000001092 ], [ 110.376589999999823, -7.880460000000579 ], [ 110.376640000000364, -7.88077 ], [ 110.376679999999354, -7.88113 ], [ 110.376609999999303, -7.881499999999776 ], [ 110.376550000000833, -7.88170000000019 ], [ 110.376169999999519, -7.882589999999539 ], [ 110.375490000000312, -7.882579999999781 ], [ 110.374850000000109, -7.882460000000997 ], [ 110.37471, -7.88336 ], [ 110.374480000000361, -7.883710000000345 ], [ 110.37439000000083, -7.88358 ], [ 110.372950000000813, -7.88352999999943 ], [ 110.372820000000473, -7.883550000000737 ], [ 110.372810000000726, -7.883400000000886 ], [ 110.372719999999347, -7.883260000000791 ], [ 110.372579999999246, -7.883200000000487 ], [ 110.372450000000725, -7.883040000000896 ], [ 110.37241999999965, -7.882920000000283 ], [ 110.372400000000155, -7.882760000000697 ], [ 110.372170000000523, -7.882780000000184 ], [ 110.371970000000104, -7.882710000000142 ], [ 110.371859999999259, -7.882540000000794 ], [ 110.371779999999447, -7.882480000000493 ], [ 110.371629999999598, -7.882460000000993 ], [ 110.3714, -7.882490000000235 ], [ 110.371269999999612, -7.882579999999777 ], [ 110.371289999999107, -7.882320000000891 ], [ 110.371320000000154, -7.882100000000991 ], [ 110.371170000000305, -7.88214 ], [ 110.36984999999909, -7.881910000000333 ], [ 110.369520000000151, -7.88401 ], [ 110.368940000000251, -7.883819999999387 ], [ 110.368839999999139, -7.883760000000898 ], [ 110.368819999999658, -7.883640000000296 ], [ 110.368829999999406, -7.88286 ], [ 110.368790000000416, -7.882729999999627 ], [ 110.36866, -7.882690000000646 ], [ 110.368130000000718, -7.882729999999636 ], [ 110.367840000000768, -7.882760000000686 ], [ 110.367700000000653, -7.882700000000388 ], [ 110.367430000000198, -7.882540000000797 ], [ 110.367280000000363, -7.882330000000637 ], [ 110.367200000000565, -7.882149999999736 ], [ 110.36708, -7.881990000000128 ], [ 110.367070000000197, -7.881760000000487 ], [ 110.36693000000011, -7.881429999999728 ], [ 110.366550000000615, -7.881410000000242 ], [ 110.366589999999604, -7.881579999999576 ], [ 110.366540000000867, -7.881830000000535 ], [ 110.366459999999236, -7.881990000000139 ], [ 110.366309999999402, -7.882420000000187 ], [ 110.36628000000016, -7.882600000001102 ], [ 110.36628000000016, -7.882719999999886 ], [ 110.366309999999402, -7.882820000001001 ], [ 110.36635000000021, -7.88293 ], [ 110.366120000000549, -7.883050000000638 ], [ 110.365970000000715, -7.883130000000447 ], [ 110.365869999999589, -7.883229999999737 ], [ 110.365799999999538, -7.883420000000398 ], [ 110.365739999999235, -7.883599999999478 ], [ 110.365620000000462, -7.88408999999984 ], [ 110.365529999999083, -7.884420000000599 ], [ 110.365509999999588, -7.884720000000293 ], [ 110.365529999999083, -7.884969999999427 ], [ 110.365470000000599, -7.88521000000064 ], [ 110.365369999999501, -7.885650000000447 ], [ 110.365289999999703, -7.885940000000396 ], [ 110.36528, -7.886179999999791 ], [ 110.3652500000007, -7.886409999999431 ], [ 110.365390000000815, -7.886850000001052 ], [ 110.36549, -7.887600000000307 ], [ 110.36549, -7.888209999999433 ], [ 110.365089999999299, -7.888129999999645 ], [ 110.364949999999183, -7.888119999999884 ], [ 110.364709999999803, -7.887839999999686 ], [ 110.364349999999803, -7.887549999999749 ], [ 110.36398, -7.887360000000905 ], [ 110.363760000000156, -7.887269999999534 ], [ 110.363579999999232, -7.887150000000758 ], [ 110.363540000000256, -7.886969999999847 ], [ 110.363359999999332, -7.886790000000751 ], [ 110.363279999999534, -7.886500000000792 ], [ 110.36312, -7.886339999999377 ], [ 110.362950000000595, -7.886039999999692 ], [ 110.362810000000508, -7.885969999999644 ], [ 110.362559999999547, -7.885930000000655 ], [ 110.362349999999381, -7.885889999999845 ], [ 110.362199999999547, -7.885650000000449 ], [ 110.36197, -7.88546999999953 ], [ 110.361860000000846, -7.885290000000436 ], [ 110.361650000000708, -7.88503999999948 ], [ 110.361279999999141, -7.88444 ], [ 110.361140000000844, -7.884190000000951 ], [ 110.361109999999783, -7.883850000000446 ], [ 110.361119999999531, -7.883680000001093 ], [ 110.361119999999531, -7.883229999999726 ], [ 110.361199999999329, -7.882890000001037 ], [ 110.361199999999329, -7.882079999999678 ], [ 110.361119999999531, -7.881890000000848 ], [ 110.361020000000252, -7.881900000000588 ], [ 110.36096, -7.882019999999375 ], [ 110.360940000000454, -7.88214999999973 ], [ 110.360919999999126, -7.882330000000643 ], [ 110.360880000000137, -7.882470000000745 ], [ 110.360849999999076, -7.882719999999877 ], [ 110.360580000000439, -7.882850000000243 ], [ 110.359539999999427, -7.88260000000109 ], [ 110.359430000000401, -7.882960000001099 ], [ 110.359409999999087, -7.883239999999475 ], [ 110.359430000000401, -7.8866 ], [ 110.35787999999954, -7.88639 ], [ 110.35779, -7.886440000000501 ], [ 110.357809999999475, -7.887010000000654 ], [ 110.357770000000485, -7.887129999999438 ], [ 110.357640000000146, -7.887090000000447 ], [ 110.356910000000397, -7.887010000000644 ], [ 110.35678, -7.886969999999837 ], [ 110.356700000000245, -7.88675 ], [ 110.356659999999437, -7.885850000000848 ], [ 110.356820000000837, -7.884000000000285 ], [ 110.356879999999322, -7.883760000000891 ], [ 110.356840000000332, -7.883680000001091 ], [ 110.356649999999689, -7.883620000000803 ], [ 110.356079999999537, -7.883430000000136 ], [ 110.355879999999118, -7.883449999999628 ], [ 110.355719999999536, -7.883610000001037 ], [ 110.355670000000799, -7.883750000001143 ], [ 110.35508999999908, -7.884539999999379 ], [ 110.354890000000481, -7.884679999999483 ], [ 110.354810000000697, -7.884850000000642 ], [ 110.354779999999636, -7.884940000000182 ], [ 110.354789999999383, -7.88516 ], [ 110.354810000000697, -7.88524999999963 ], [ 110.354880000000733, -7.88538999999973 ], [ 110.35505, -7.885539999999577 ], [ 110.355180000000431, -7.885609999999641 ], [ 110.355229999999167, -7.885780000000804 ], [ 110.35527, -7.885910000001155 ], [ 110.35366000000063, -7.885560000000892 ], [ 110.353520000000543, -7.885570000000643 ], [ 110.353510000000796, -7.88567 ], [ 110.353489999999482, -7.885840000001102 ], [ 110.353380000000428, -7.887140000001001 ], [ 110.353390000000175, -7.887339999999592 ], [ 110.353269999999583, -7.887479999999699 ], [ 110.353170000000276, -7.887409999999635 ], [ 110.352609999999885, -7.887339999999589 ], [ 110.352440000000527, -7.887430000000955 ], [ 110.35246, -7.887600000000305 ], [ 110.352469999999769, -7.887940000000794 ], [ 110.35239, -7.888059999999593 ], [ 110.352230000000375, -7.888070000001163 ], [ 110.351539999999616, -7.888160000000694 ], [ 110.35143000000059, -7.888000000001109 ], [ 110.35145, -7.887860000001006 ], [ 110.351420000000843, -7.887080000000698 ], [ 110.35136000000054, -7.886899999999785 ], [ 110.351249999999666, -7.88696 ], [ 110.350850000000676, -7.886140000000793 ], [ 110.35052, -7.886090000000245 ], [ 110.350150000000184, -7.885979999999384 ], [ 110.349959999999513, -7.885749999999745 ], [ 110.34987, -7.885590000000139 ], [ 110.349850000000487, -7.885290000000436 ], [ 110.349889999999476, -7.885029999999745 ], [ 110.350000000000321, -7.884780000000599 ], [ 110.34994, -7.884449999999839 ], [ 110.349759999999122, -7.884270000000737 ], [ 110.349669999999563, -7.884290000000233 ], [ 110.349379999999613, -7.884330000001046 ], [ 110.349270000000587, -7.884389999999535 ], [ 110.349050000000673, -7.884539999999378 ], [ 110.348910000000586, -7.884570000000446 ], [ 110.348649999999878, -7.884570000000448 ], [ 110.348480000000521, -7.884529999999642 ], [ 110.348350000000167, -7.884309999999736 ], [ 110.348369999999662, -7.884140000000389 ], [ 110.34843, -7.883840000000694 ], [ 110.348439999999712, -7.88365 ], [ 110.348550000000586, -7.883519999999686 ], [ 110.348630000000384, -7.88336 ], [ 110.348770000000471, -7.883340000000584 ], [ 110.348879999999525, -7.883200000000482 ], [ 110.349050000000673, -7.88308999999964 ], [ 110.349140000000233, -7.88293 ], [ 110.349130000000471, -7.882550000000541 ], [ 110.349050000000673, -7.882449999999427 ], [ 110.348799999999713, -7.882019999999375 ], [ 110.348640000000131, -7.881840000000281 ], [ 110.348540000000838, -7.881659999999372 ], [ 110.348519999999525, -7.881450000001043 ], [ 110.348560000000333, -7.881240000000894 ], [ 110.348540000000838, -7.881030000000742 ], [ 110.348490000000268, -7.880730000001036 ], [ 110.34844999999946, -7.880530000000629 ], [ 110.348340000000434, -7.880349999999728 ], [ 110.34812000000052, -7.880219999999373 ], [ 110.34742, -7.879859999999371 ], [ 110.347200000000115, -7.879580000000985 ], [ 110.347009999999472, -7.879419999999573 ], [ 110.346910000000165, -7.879209999999422 ], [ 110.346830000000367, -7.87904 ], [ 110.346680000000532, -7.87883 ], [ 110.34660000000072, -7.87873000000063 ], [ 110.346299999999204, -7.87854 ], [ 110.346170000000683, -7.878280000001098 ], [ 110.34611000000038, -7.878100000000175 ], [ 110.34611000000038, -7.877909999999519 ], [ 110.346209999999658, -7.877679999999872 ], [ 110.346330000000265, -7.877510000000532 ], [ 110.346480000000128, -7.877360000000681 ], [ 110.346589999999154, -7.87718999999952 ], [ 110.346509999999356, -7.876819999999765 ], [ 110.346380000000835, -7.876679999999675 ], [ 110.346260000000214, -7.876539999999569 ], [ 110.346149999999369, -7.87631 ], [ 110.346129999999874, -7.876109999999525 ], [ 110.3462, -7.875860000000379 ], [ 110.346390000000582, -7.874239999999463 ], [ 110.346449999999066, -7.873920000000273 ], [ 110.346419999999824, -7.87363000000033 ], [ 110.34634, -7.873420000000163 ], [ 110.34631000000077, -7.873219999999773 ], [ 110.346299999999204, -7.872970000000629 ], [ 110.34627, -7.872740000000975 ], [ 110.346180000000416, -7.872579999999574 ], [ 110.34602000000082, -7.872410000000226 ], [ 110.34584, -7.872289999999613 ], [ 110.345600000000516, -7.872139999999758 ], [ 110.345450000000682, -7.87199 ], [ 110.345419999999621, -7.871810000000822 ], [ 110.345419999999621, -7.871600000000667 ], [ 110.345409999999859, -7.871300000000976 ], [ 110.345439999999115, -7.87111000000032 ], [ 110.345470000000176, -7.87098 ], [ 110.345540000000227, -7.870720000001084 ], [ 110.345639999999506, -7.870530000000424 ], [ 110.345729999999065, -7.870430000001133 ], [ 110.34584, -7.870370000000817 ], [ 110.346079999999318, -7.870310000000513 ], [ 110.346219999999406, -7.870290000001021 ], [ 110.347030000000785, -7.870279999999466 ], [ 110.34706, -7.87018000000017 ], [ 110.347120000000317, -7.869880000000459 ], [ 110.347200000000115, -7.869650000000814 ], [ 110.347330000000483, -7.869360000000874 ], [ 110.347429999999761, -7.869100000000169 ], [ 110.347499999999812, -7.86888000000026 ], [ 110.347569999999862, -7.868640000000863 ], [ 110.347599999999119, -7.868490000001024 ], [ 110.34764, -7.868150000000514 ], [ 110.347669999999169, -7.867959999999867 ], [ 110.347649999999675, -7.867800000000265 ], [ 110.347659999999422, -7.867640000000672 ], [ 110.347659999999422, -7.86738 ], [ 110.34764, -7.867200000000866 ], [ 110.34764, -7.86709 ], [ 110.347599999999119, -7.866819999999546 ], [ 110.347569999999862, -7.866560000000665 ], [ 110.34754000000062, -7.866290000000218 ], [ 110.347690000000483, -7.866130000000609 ], [ 110.347799999999509, -7.866060000000563 ], [ 110.348099999999206, -7.86605000000081 ], [ 110.34831999999912, -7.86613000000062 ], [ 110.348679999999106, -7.86623 ], [ 110.348830000000788, -7.866249999999402 ], [ 110.34893, -7.866159999999851 ], [ 110.34899000000037, -7.865920000000461 ], [ 110.349019999999612, -7.86573999999955 ], [ 110.349060000000421, -7.865460000001164 ], [ 110.34908, -7.865260000000761 ], [ 110.34909999999941, -7.864960000001073 ], [ 110.349140000000233, -7.864649999999809 ], [ 110.349140000000233, -7.864550000000513 ], [ 110.349130000000471, -7.864320000000862 ], [ 110.349130000000471, -7.864170000001008 ], [ 110.34915, -7.86392 ], [ 110.34915, -7.86363 ], [ 110.349190000000789, -7.863380000000967 ], [ 110.34922, -7.86313 ], [ 110.349239999999526, -7.862960000000657 ], [ 110.349260000000839, -7.862740000000755 ], [ 110.34929, -7.862419999999746 ], [ 110.349299999999815, -7.862139999999544 ], [ 110.349309999999562, -7.861810000000612 ], [ 110.349360000000118, -7.8614 ], [ 110.349399999999108, -7.861110000000102 ], [ 110.34944, -7.86075999999984 ], [ 110.349469999999172, -7.86036000000085 ], [ 110.349490000000486, -7.86003 ], [ 110.349490000000486, -7.85982 ], [ 110.350430000000387, -7.860140000000952 ], [ 110.350800000000135, -7.860170000000209 ], [ 110.351370000000287, -7.860170000000199 ], [ 110.352070000000793, -7.860150000000707 ], [ 110.352619999999632, -7.860060000001159 ], [ 110.353199999999532, -7.860049999999599 ], [ 110.353530000000291, -7.860269999999491 ], [ 110.353999999999317, -7.860310000000312 ], [ 110.35426, -7.860290000000815 ], [ 110.354610000000278, -7.860399999999854 ], [ 110.354740000000646, -7.860670000000298 ], [ 110.354559999999722, -7.86105999999955 ], [ 110.354509999999181, -7.861320000000254 ], [ 110.354610000000278, -7.861639999999445 ], [ 110.35448, -7.862460000000554 ], [ 110.354429999999383, -7.862870000001116 ], [ 110.354369999999065, -7.8632 ], [ 110.354460000000444, -7.863410000000207 ], [ 110.354880000000733, -7.863450000001006 ], [ 110.355419999999839, -7.86352000000106 ], [ 110.355809999999067, -7.863610000000616 ], [ 110.35592, -7.86385999999976 ], [ 110.355789999999587, -7.864310000001118 ], [ 110.355750000000597, -7.86491000000052 ], [ 110.355840000000128, -7.865120000000667 ], [ 110.356260000000432, -7.865200000000456 ], [ 110.356659999999437, -7.865229999999698 ], [ 110.357060000000232, -7.865270000000521 ], [ 110.357420000000232, -7.865210000000214 ], [ 110.357579999999842, -7.86497000000081 ], [ 110.357620000000651, -7.864589999999494 ], [ 110.357889999999287, -7.86421999999976 ], [ 110.358350000000385, -7.86421 ], [ 110.359029999999578, -7.864170000001022 ], [ 110.359440000000149, -7.86428 ], [ 110.35973, -7.86457 ], [ 110.36017999999963, -7.864729999999603 ], [ 110.360679999999746, -7.864879999999445 ], [ 110.361179999999834, -7.865100000001173 ], [ 110.361430000000794, -7.86522 ], [ 110.361699999999431, -7.86546000000117 ], [ 110.36182, -7.86551999999966 ], [ 110.361919999999344, -7.86551 ], [ 110.362230000000608, -7.86558 ], [ 110.362629999999584, -7.865620000000771 ], [ 110.363069999999382, -7.865589999999706 ], [ 110.363520000000761, -7.865610000001012 ], [ 110.363900000000243, -7.865710000000314 ], [ 110.364009999999283, -7.86601 ], [ 110.363970000000293, -7.866490000000621 ], [ 110.363919999999737, -7.866889999999602 ], [ 110.363849999999701, -7.867249999999611 ], [ 110.363890000000495, -7.867329999999406 ], [ 110.364289999999485, -7.867410000001025 ], [ 110.364690000000309, -7.867399999999455 ], [ 110.364929999999688, -7.867080000000267 ], [ 110.365089999999299, -7.866690000001023 ], [ 110.365540000000649, -7.86659 ], [ 110.366099999999236, -7.866420000000557 ], [ 110.366229999999604, -7.865970000001024 ], [ 110.366319999999149, -7.865560000000472 ], [ 110.366309999999402, -7.865180000000975 ], [ 110.366260000000665, -7.86489000000102 ], [ 110.366270000000412, -7.864589999999497 ], [ 110.366410000000499, -7.864519999999458 ], [ 110.366700000000449, -7.864490000000214 ], [ 110.366900000000868, -7.864380000001173 ], [ 110.366969999999085, -7.86402000000117 ], [ 110.367029999999389, -7.863579999999548 ], [ 110.36722, -7.863009999999401 ], [ 110.367360000000147, -7.862859999999545 ], [ 110.367669999999592, -7.862900000000361 ], [ 110.368049999999087, -7.862960000000664 ], [ 110.368800000000164, -7.863069999999704 ], [ 110.369249999999695, -7.863149999999498 ], [ 110.369529999999898, -7.863270000000103 ], [ 110.369580000000454, -7.863509999999495 ], [ 110.369479999999342, -7.863960000000858 ], [ 110.369280000000757, -7.864470000000709 ], [ 110.369220000000453, -7.864920000000252 ], [ 110.369140000000669, -7.86529 ], [ 110.36924, -7.865589999999702 ], [ 110.369479999999342, -7.865480000000661 ], [ 110.369969999999711, -7.865159999999647 ], [ 110.370160000000354, -7.864750000000917 ], [ 110.370300000000469, -7.86436999999961 ], [ 110.370339999999459, -7.864030000000911 ], [ 110.370409999999495, -7.86366000000116 ], [ 110.370699999999445, -7.863450000001011 ], [ 110.370929999999106, -7.863390000000713 ], [ 110.371119999999749, -7.863110000000514 ], [ 110.371059999999446, -7.862830000000313 ], [ 110.371230000000622, -7.86248 ], [ 110.371510000000825, -7.862400000000252 ], [ 110.37169, -7.862470000000306 ], [ 110.372040000000155, -7.86247000000031 ], [ 110.372030000000407, -7.86224000000065 ], [ 110.372009999999094, -7.861409999999797 ], [ 110.371909999999815, -7.861000000001059 ], [ 110.37183, -7.860570000001014 ], [ 110.3717699999997, -7.860080000000664 ], [ 110.3717699999997, -7.859679999999843 ], [ 110.371849999999512, -7.859280000000852 ], [ 110.372059999999649, -7.859109999999688 ], [ 110.372289999999296, -7.859000000000663 ], [ 110.37250999999921, -7.858860000000549 ], [ 110.372950000000813, -7.858780000000749 ], [ 110.373359999999565, -7.85881 ], [ 110.373770000000121, -7.858790000000495 ], [ 110.374069999999818, -7.858720000000456 ], [ 110.374379999999263, -7.858469999999484 ], [ 110.374429999999805, -7.858130000000805 ], [ 110.374369999999516, -7.857760000001048 ], [ 110.374309999999213, -7.857420000000555 ], [ 110.374289999999718, -7.856980000000751 ], [ 110.374359999999768, -7.856710000000292 ], [ 110.37457, -7.856589999999684 ], [ 110.37493, -7.856560000000443 ], [ 110.375120000000564, -7.85682000000115 ], [ 110.37509999999925, -7.85865000000041 ], [ 110.375130000000311, -7.859230000000306 ], [ 110.375130000000311, -7.859640000000861 ], [ 110.375270000000427, -7.859800000000449 ], [ 110.375609999999114, -7.859790000000708 ], [ 110.37608, -7.8597699999994 ], [ 110.376389999999404, -7.85978000000095 ], [ 110.37656000000058, -7.859990000001106 ], [ 110.376669999999606, -7.860280000001059 ], [ 110.37694, -7.86032 ], [ 110.37714000000048, -7.86025 ], [ 110.377329999999304, -7.860230000000501 ] ] ] } },
{ "type": "Feature", "properties": { "KECAMATAN": "Bantul", "DESA": "Bantul", "Sektor": "Bantul" }, "geometry": { "type": "Polygon", "coordinates": [ [ [ 110.338299999999407, -7.880090000000839 ], [ 110.3382000000001, -7.882700000000394 ], [ 110.338170000000858, -7.882920000000293 ], [ 110.338149999999544, -7.88315 ], [ 110.33806999999976, -7.883490000000439 ], [ 110.33799999999971, -7.883780000000396 ], [ 110.337929999999645, -7.884029999999532 ], [ 110.337849999999847, -7.884360000000282 ], [ 110.337729999999254, -7.88466 ], [ 110.33767000000077, -7.884830000001149 ], [ 110.337470000000366, -7.885099999999783 ], [ 110.337359999999506, -7.885239999999886 ], [ 110.337139999999607, -7.88538 ], [ 110.336919999999694, -7.88552 ], [ 110.336649999999239, -7.885619999999379 ], [ 110.336489999999657, -7.885730000000241 ], [ 110.336339999999794, -7.88588 ], [ 110.33626, -7.886039999999697 ], [ 110.336240000000501, -7.886230000000347 ], [ 110.336310000000552, -7.886350000000943 ], [ 110.336419999999606, -7.886500000000802 ], [ 110.336639999999491, -7.886560000001098 ], [ 110.33684, -7.886500000000808 ], [ 110.336989999999744, -7.886399999999684 ], [ 110.337139999999607, -7.886339999999381 ], [ 110.337209999999644, -7.886430000000754 ], [ 110.337209999999644, -7.88707000000095 ], [ 110.337110000000365, -7.88718 ], [ 110.336429999999353, -7.887269999999538 ], [ 110.33626, -7.888349999999537 ], [ 110.334670000000159, -7.88819 ], [ 110.334339999999401, -7.891229999999538 ], [ 110.334600000000108, -7.891820000001015 ], [ 110.335880000000515, -7.891850000000258 ], [ 110.336030000000349, -7.89064 ], [ 110.336320000000299, -7.89071 ], [ 110.33662, -7.89082000000081 ], [ 110.336769999999859, -7.890950000001162 ], [ 110.337939999999392, -7.893910000000956 ], [ 110.337929999999645, -7.894109999999547 ], [ 110.337789999999544, -7.894179999999594 ], [ 110.337110000000365, -7.89438 ], [ 110.336950000000755, -7.894469999999551 ], [ 110.336900000000199, -7.894650000000455 ], [ 110.337369999999254, -7.895310000000162 ], [ 110.337530000000655, -7.895490000001069 ], [ 110.337550000000149, -7.895810000000261 ], [ 110.336810000000668, -7.897800000000914 ], [ 110.336810000000668, -7.89806999999955 ], [ 110.336849999999657, -7.898240000000721 ], [ 110.337079999999304, -7.898330000000263 ], [ 110.337429999999557, -7.898470000000367 ], [ 110.337789999999544, -7.89863 ], [ 110.3382000000001, -7.898840000000105 ], [ 110.338379999999205, -7.898970000000463 ], [ 110.33864, -7.899160000001118 ], [ 110.338540000000606, -7.899400000000517 ], [ 110.338630000000165, -7.899690000000476 ], [ 110.33864999999966, -7.900219999999811 ], [ 110.338680000000721, -7.900439999999699 ], [ 110.33864, -7.900680000000915 ], [ 110.338569999999848, -7.90115 ], [ 110.338449999999241, -7.90148000000072 ], [ 110.338390000000771, -7.901659999999805 ], [ 110.338260000000403, -7.901840000000717 ], [ 110.338159999999291, -7.901980000000835 ], [ 110.337980000000215, -7.902239999999719 ], [ 110.337890000000655, -7.902389999999554 ], [ 110.337830000000352, -7.902599999999712 ], [ 110.337849999999847, -7.90288 ], [ 110.33794999999914, -7.90324 ], [ 110.338019999999204, -7.903840000001129 ], [ 110.338019999999204, -7.904020000000223 ], [ 110.33791000000015, -7.904420000001027 ], [ 110.33784, -7.90472000000072 ], [ 110.33777, -7.904979999999624 ], [ 110.337470000000366, -7.905720000000927 ], [ 110.337349999999759, -7.905979999999825 ], [ 110.33733000000025, -7.906360000001128 ], [ 110.337349999999759, -7.906540000000225 ], [ 110.337299999999189, -7.906769999999869 ], [ 110.337069999999557, -7.90698 ], [ 110.336699999999794, -7.90697000000028 ], [ 110.335039999999893, -7.906660000000826 ], [ 110.335090000000449, -7.906470000000173 ], [ 110.335259999999806, -7.906129999999667 ], [ 110.335290000000867, -7.905680000000117 ], [ 110.335310000000348, -7.905269999999558 ], [ 110.335419999999388, -7.904909999999556 ], [ 110.335370000000651, -7.90361999999942 ], [ 110.335329999999843, -7.903420000000829 ], [ 110.335199999999503, -7.903190000001176 ], [ 110.335010000000651, -7.903140000000619 ], [ 110.333769999999234, -7.902800000000111 ], [ 110.333469999999537, -7.902679999999508 ], [ 110.333319999999702, -7.902529999999664 ], [ 110.333319999999702, -7.902360000000313 ], [ 110.333319999999702, -7.902050000000873 ], [ 110.333179999999587, -7.901980000000819 ], [ 110.33295, -7.90187 ], [ 110.332070000000357, -7.901620000000825 ], [ 110.331809999999649, -7.901589999999753 ], [ 110.331679999999281, -7.901739999999606 ], [ 110.331630000000544, -7.902019999999815 ], [ 110.331519999999699, -7.9023 ], [ 110.331410000000645, -7.902490000000676 ], [ 110.33126000000081, -7.902599999999724 ], [ 110.331019999999583, -7.902560000000721 ], [ 110.330799999999684, -7.902510000000166 ], [ 110.330640000000102, -7.902420000000616 ], [ 110.330480000000492, -7.90227000000077 ], [ 110.330270000000354, -7.902150000000163 ], [ 110.330060000000188, -7.901990000000574 ], [ 110.329830000000541, -7.901959999999514 ], [ 110.32959999999909, -7.901920000000525 ], [ 110.329390000000757, -7.901739999999614 ], [ 110.329260000000389, -7.901589999999754 ], [ 110.32927000000015, -7.901369999999861 ], [ 110.329239999999075, -7.899600000000917 ], [ 110.329120000000287, -7.899299999999414 ], [ 110.32899, -7.899200000000119 ], [ 110.328779999999796, -7.899069999999753 ], [ 110.328610000000438, -7.898939999999406 ], [ 110.328600000000691, -7.898670000000764 ], [ 110.3287, -7.897760000000117 ], [ 110.327320000000284, -7.897510000000963 ], [ 110.327289999999223, -7.89725000000027 ], [ 110.327289999999223, -7.897150000000972 ], [ 110.327439999999086, -7.896329999999851 ], [ 110.327479999999895, -7.896160000000508 ], [ 110.327390000000335, -7.895930000000864 ], [ 110.327279999999476, -7.895810000000257 ], [ 110.326530000000247, -7.895720000000721 ], [ 110.326399999999879, -7.895510000000568 ], [ 110.326429999999121, -7.89539999999971 ], [ 110.32661, -7.895130000001073 ], [ 110.326810000000449, -7.894679999999705 ], [ 110.326909999999742, -7.894459999999803 ], [ 110.326989999999526, -7.894230000000157 ], [ 110.32697, -7.89402 ], [ 110.326810000000449, -7.893780000000604 ], [ 110.32654, -7.893749999999544 ], [ 110.326119999999676, -7.893690000001061 ], [ 110.325759999999676, -7.893640000000507 ], [ 110.325810000000232, -7.893449999999856 ], [ 110.326429999999121, -7.8919800000006 ], [ 110.326489999999438, -7.891670000001157 ], [ 110.326409999999626, -7.89143 ], [ 110.326269999999539, -7.891120000000512 ], [ 110.326199999999488, -7.890920000000104 ], [ 110.326259999999792, -7.89071 ], [ 110.326310000000333, -7.890509999999549 ], [ 110.326479999999691, -7.890100000000805 ], [ 110.326399999999879, -7.889789999999544 ], [ 110.32618, -7.889660000001006 ], [ 110.326030000000131, -7.88948 ], [ 110.32596, -7.88934 ], [ 110.325989999999322, -7.889209999999647 ], [ 110.326129999999424, -7.889100000000602 ], [ 110.326399999999879, -7.888989999999751 ], [ 110.326689999999829, -7.888870000000952 ], [ 110.326859999999186, -7.888660000000801 ], [ 110.326890000000247, -7.888450000000648 ], [ 110.326919999999475, -7.888100000000397 ], [ 110.326259999999792, -7.887660000000605 ], [ 110.326119999999676, -7.887570000001046 ], [ 110.325989999999322, -7.887440000000705 ], [ 110.3259400000006, -7.887280000001105 ], [ 110.325969999999842, -7.886940000000606 ], [ 110.326409999999626, -7.88531 ], [ 110.32565000000065, -7.88509 ], [ 110.325479999999473, -7.884959999999685 ], [ 110.325430000000736, -7.88481999999959 ], [ 110.324769999999219, -7.884669999999734 ], [ 110.324479999999269, -7.88509 ], [ 110.32431, -7.8853600000005 ], [ 110.324179999999572, -7.885550000001157 ], [ 110.324039999999485, -7.885619999999388 ], [ 110.323459999999585, -7.885430000000545 ], [ 110.323539999999369, -7.885130000000848 ], [ 110.323739999999788, -7.884379999999777 ], [ 110.323720000000293, -7.88423 ], [ 110.32360999999942, -7.88397000000104 ], [ 110.32344, -7.883809999999625 ], [ 110.323210000000429, -7.883760000000898 ], [ 110.322920000000479, -7.88372 ], [ 110.32263000000053, -7.883739999999577 ], [ 110.32251, -7.883879999999693 ], [ 110.322009999999821, -7.88523999999988 ], [ 110.321869999999734, -7.885190000001152 ], [ 110.32164, -7.885050000001049 ], [ 110.321350000000123, -7.884840000000893 ], [ 110.321219999999784, -7.884630000000746 ], [ 110.321190000000527, -7.884449999999839 ], [ 110.321819999999178, -7.882449999999428 ], [ 110.321739999999366, -7.882420000000185 ], [ 110.321610000000845, -7.882369999999632 ], [ 110.321439999999669, -7.882299999999576 ], [ 110.32121, -7.882250000000841 ], [ 110.32098000000039, -7.88236999999963 ], [ 110.32085, -7.8825 ], [ 110.320599999999075, -7.88286 ], [ 110.320139999999768, -7.883050000000647 ], [ 110.320180000000576, -7.882820000001001 ], [ 110.320229999999313, -7.8825 ], [ 110.320260000000374, -7.882079999999673 ], [ 110.320449999999212, -7.881219999999581 ], [ 110.320569999999819, -7.880890000000636 ], [ 110.320729999999415, -7.880579999999381 ], [ 110.321169999999213, -7.87947000000013 ], [ 110.318740000000588, -7.87882000000018 ], [ 110.319020000000776, -7.87861 ], [ 110.319250000000423, -7.87840999999963 ], [ 110.319519999999059, -7.87831000000033 ], [ 110.32092, -7.878580000000778 ], [ 110.321200000000289, -7.878670000000337 ], [ 110.321589999999532, -7.878500000000985 ], [ 110.321830000000745, -7.877310000000128 ], [ 110.321889999999229, -7.8771 ], [ 110.322, -7.876979999999367 ], [ 110.32222, -7.876910000001142 ], [ 110.322369999999822, -7.876870000000335 ], [ 110.32250000000019, -7.876819999999776 ], [ 110.32265, -7.876689999999426 ], [ 110.322780000000392, -7.876430000000532 ], [ 110.32286000000019, -7.876179999999571 ], [ 110.322850000000443, -7.87487 ], [ 110.32286000000019, -7.874690000000831 ], [ 110.322879999999685, -7.874439999999864 ], [ 110.322959999999469, -7.874200000000471 ], [ 110.323070000000342, -7.87393999999977 ], [ 110.323200000000682, -7.873680000000878 ], [ 110.323510000000127, -7.873390000000935 ], [ 110.323669999999723, -7.87319000000053 ], [ 110.3238, -7.872880000001085 ], [ 110.323879999999875, -7.872690000000427 ], [ 110.323780000000596, -7.87267000000093 ], [ 110.323580000000177, -7.872830000000533 ], [ 110.323410000000848, -7.87303000000093 ], [ 110.323159999999888, -7.873130000000224 ], [ 110.322850000000443, -7.873110000000722 ], [ 110.322690000000833, -7.872950000001126 ], [ 110.322589999999721, -7.872770000000229 ], [ 110.322609999999216, -7.872569999999814 ], [ 110.322729999999822, -7.872279999999867 ], [ 110.322850000000443, -7.872139999999773 ], [ 110.32299000000053, -7.872050000000216 ], [ 110.323169999999635, -7.871980000000168 ], [ 110.32337, -7.87199 ], [ 110.323500000000394, -7.872079999999464 ], [ 110.323700000000798, -7.872079999999464 ], [ 110.323850000000633, -7.871999999999668 ], [ 110.324080000000293, -7.871859999999556 ], [ 110.324199999999067, -7.871680000000469 ], [ 110.324350000000749, -7.871620000000165 ], [ 110.32451000000033, -7.871540000000371 ], [ 110.324599999999876, -7.871440000001071 ], [ 110.32474, -7.871250000000416 ], [ 110.32488, -7.871040000000275 ], [ 110.324969999999638, -7.870900000000169 ], [ 110.3251, -7.870769999999808 ], [ 110.325230000000332, -7.87062 ], [ 110.32509000000023, -7.87054000000017 ], [ 110.324899999999573, -7.87059000000072 ], [ 110.324749999999725, -7.87059000000072 ], [ 110.324679999999688, -7.870510000000916 ], [ 110.324590000000128, -7.87033 ], [ 110.324580000000381, -7.870160000000677 ], [ 110.324570000000634, -7.86995000000052 ], [ 110.324590000000128, -7.869750000000113 ], [ 110.324490000000836, -7.869730000000619 ], [ 110.324239999999875, -7.869699999999553 ], [ 110.323990000000734, -7.869720000000871 ], [ 110.323790000000344, -7.869650000000823 ], [ 110.32366, -7.86955999999946 ], [ 110.32344, -7.869370000000614 ], [ 110.3233, -7.869210000001026 ], [ 110.323220000000177, -7.869020000000357 ], [ 110.323309999999722, -7.868800000000473 ], [ 110.323410000000848, -7.868660000000365 ], [ 110.323449999999838, -7.868580000000576 ], [ 110.323490000000646, -7.868469999999715 ], [ 110.323500000000394, -7.868370000000415 ], [ 110.323469999999332, -7.868150000000514 ], [ 110.323389999999534, -7.868010000000412 ], [ 110.323309999999722, -7.867969999999602 ], [ 110.323130000000646, -7.86788 ], [ 110.322889999999418, -7.867850000000825 ], [ 110.322659999999772, -7.86785000000082 ], [ 110.322389999999317, -7.86786000000057 ], [ 110.322200000000493, -7.867800000000261 ], [ 110.321949999999532, -7.86767 ], [ 110.321780000000174, -7.867599999999858 ], [ 110.321529999999228, -7.86752 ], [ 110.321270000000339, -7.867480000001071 ], [ 110.320999999999884, -7.86743000000051 ], [ 110.320680000000692, -7.86738 ], [ 110.320540000000577, -7.867220000000371 ], [ 110.320649999999631, -7.866920000000673 ], [ 110.320739999999162, -7.86673 ], [ 110.32085, -7.866350000000518 ], [ 110.32092, -7.865889999999396 ], [ 110.321019999999379, -7.86551 ], [ 110.32114, -7.865140000000157 ], [ 110.32128, -7.864710000000109 ], [ 110.321379999999365, -7.864410000000408 ], [ 110.321529999999228, -7.864020000001164 ], [ 110.321659999999568, -7.863770000000198 ], [ 110.32179, -7.863499999999749 ], [ 110.321889999999229, -7.863310000000913 ], [ 110.322, -7.863090000001018 ], [ 110.322159999999684, -7.862830000000312 ], [ 110.322249999999229, -7.862690000000211 ], [ 110.32241000000063, -7.862419999999748 ], [ 110.322609999999216, -7.862250000000401 ], [ 110.322949999999722, -7.861929999999396 ], [ 110.323109999999332, -7.861680000000256 ], [ 110.32328000000048, -7.861590000000711 ], [ 110.32360999999942, -7.861500000001158 ], [ 110.32402, -7.861160000000661 ], [ 110.324140000000583, -7.861170000000398 ], [ 110.324479999999269, -7.861300000000753 ], [ 110.324490000000836, -7.861660000000755 ], [ 110.324590000000128, -7.861849999999592 ], [ 110.32488, -7.861929999999393 ], [ 110.325059999999169, -7.86198 ], [ 110.325220000000584, -7.86205 ], [ 110.325329999999639, -7.862150000001114 ], [ 110.32553, -7.86230000000096 ], [ 110.325870000000549, -7.862499999999544 ], [ 110.326150000000737, -7.862569999999598 ], [ 110.326419999999374, -7.862620000000144 ], [ 110.326549999999742, -7.862610000000401 ], [ 110.32668, -7.862610000000401 ], [ 110.32683, -7.862590000000917 ], [ 110.326870000000753, -7.862460000000558 ], [ 110.32683, -7.86227 ], [ 110.326849999999439, -7.861970000000206 ], [ 110.326919999999475, -7.861680000000252 ], [ 110.327079999999071, -7.861470000000107 ], [ 110.327250000000234, -7.861320000000257 ], [ 110.327429999999339, -7.861489999999593 ], [ 110.327419999999591, -7.86160000000045 ], [ 110.327439999999086, -7.86192999999939 ], [ 110.327439999999086, -7.862139999999551 ], [ 110.3274600000004, -7.86248 ], [ 110.32755, -7.863009999999396 ], [ 110.32762, -7.863369999999405 ], [ 110.327740000000603, -7.863750000000712 ], [ 110.32795000000074, -7.864250000000816 ], [ 110.328299999999174, -7.864799999999645 ], [ 110.328499999999579, -7.86501999999955 ], [ 110.328670000000756, -7.865130000000419 ], [ 110.328869999999327, -7.86520000000047 ], [ 110.329050000000251, -7.865239999999451 ], [ 110.32927000000015, -7.865190000000715 ], [ 110.329499999999783, -7.865009999999796 ], [ 110.329700000000201, -7.864850000000204 ], [ 110.329840000000289, -7.864729999999613 ], [ 110.33008999999943, -7.864620000000567 ], [ 110.330299999999596, -7.864579999999746 ], [ 110.33043, -7.864620000000555 ], [ 110.330480000000492, -7.864710000000107 ], [ 110.330540000000809, -7.864910000000516 ], [ 110.330589999999546, -7.865089999999606 ], [ 110.330599999999293, -7.865309999999501 ], [ 110.33061000000086, -7.865480000000668 ], [ 110.330819999999193, -7.86572 ], [ 110.331089999999634, -7.865910000000709 ], [ 110.33129, -7.866180000001164 ], [ 110.331340000000594, -7.866410000000819 ], [ 110.331399999999078, -7.866650000000213 ], [ 110.33144, -7.866870000000108 ], [ 110.33143000000014, -7.867070000000522 ], [ 110.33136, -7.867329999999406 ], [ 110.33126000000081, -7.867650000000407 ], [ 110.331169999999446, -7.86795999999986 ], [ 110.331130000000442, -7.868249999999811 ], [ 110.33122, -7.868399999999653 ], [ 110.33151, -7.868510000000515 ], [ 110.331809999999649, -7.868249999999814 ], [ 110.331990000000545, -7.868119999999462 ], [ 110.332200000000711, -7.86803999999965 ], [ 110.332329999999232, -7.868150000000519 ], [ 110.332329999999232, -7.868469999999705 ], [ 110.332259999999181, -7.86882 ], [ 110.332140000000408, -7.869189999999713 ], [ 110.331039999999078, -7.869820000000171 ], [ 110.330910000000557, -7.869950000000523 ], [ 110.33079, -7.87004 ], [ 110.330729999999633, -7.870140000001173 ], [ 110.33079, -7.870320000000273 ], [ 110.330869999999749, -7.870520000000668 ], [ 110.330990000000341, -7.870720000001071 ], [ 110.331089999999634, -7.87091 ], [ 110.331350000000342, -7.871279999999664 ], [ 110.33158, -7.871550000000116 ], [ 110.331860000000205, -7.871830000000318 ], [ 110.332070000000357, -7.87199 ], [ 110.332290000000242, -7.87217000000082 ], [ 110.332500000000408, -7.872400000000481 ], [ 110.33266, -7.872620000000365 ], [ 110.332819999999586, -7.87286999999952 ], [ 110.332940000000193, -7.87307 ], [ 110.333010000000257, -7.87328 ], [ 110.33300000000051, -7.873530000001024 ], [ 110.332969999999435, -7.873780000000171 ], [ 110.33309, -7.874050000000621 ], [ 110.333199999999081, -7.87415 ], [ 110.333440000000309, -7.874009999999818 ], [ 110.333570000000648, -7.873840000000476 ], [ 110.335510000000767, -7.87415 ], [ 110.335940000000804, -7.87422 ], [ 110.336470000000162, -7.874260000000786 ], [ 110.336719999999303, -7.87429 ], [ 110.337030000000553, -7.874309999999509 ], [ 110.33727, -7.874460000001188 ], [ 110.33741, -7.874620000000776 ], [ 110.337589999999139, -7.876590000000121 ], [ 110.337530000000655, -7.87709000000022 ], [ 110.33738000000082, -7.877350000000941 ], [ 110.337279999999694, -7.877720000000682 ], [ 110.337139999999607, -7.878189999999726 ], [ 110.337030000000553, -7.87850000000098 ], [ 110.33697000000025, -7.87883 ], [ 110.33698, -7.879100000000391 ], [ 110.336939999999188, -7.879370000000831 ], [ 110.337170000000654, -7.879769999999831 ], [ 110.337289999999442, -7.879999999999477 ], [ 110.337460000000618, -7.880180000000382 ], [ 110.337639999999695, -7.880180000000387 ], [ 110.337849999999847, -7.880190000000124 ], [ 110.338120000000302, -7.88010000000059 ], [ 110.338299999999407, -7.880090000000839 ] ] ] } },
{ "type": "Feature", "properties": { "KECAMATAN": "Pleret", "DESA": "Bawuran", "Sektor": "Imogiri" }, "geometry": { "type": "Polygon", "coordinates": [ [ [ 110.440559999999053, -7.86497000000082 ], [ 110.440699999999154, -7.865180000000967 ], [ 110.441059999999169, -7.865920000000459 ], [ 110.442189999999712, -7.868730000000424 ], [ 110.44187000000052, -7.869010000000619 ], [ 110.441759999999675, -7.869080000000667 ], [ 110.441629999999307, -7.869140000000976 ], [ 110.441419999999169, -7.869210000001022 ], [ 110.44112999999922, -7.869240000000266 ], [ 110.439549999999116, -7.869300000000566 ], [ 110.439329999999202, -7.869329999999816 ], [ 110.439050000000819, -7.86939000000011 ], [ 110.438850000000414, -7.869510000000723 ], [ 110.438729999999808, -7.86961 ], [ 110.438539999999151, -7.869800000000663 ], [ 110.438190000000716, -7.87026 ], [ 110.438099999999352, -7.870489999999615 ], [ 110.437910000000514, -7.870699999999764 ], [ 110.437799999999655, -7.870839999999864 ], [ 110.437550000000513, -7.870970000000217 ], [ 110.436859999999754, -7.871020000000767 ], [ 110.43665999999935, -7.871040000000272 ], [ 110.436569999999804, -7.871110000000325 ], [ 110.436289999999602, -7.871390000000514 ], [ 110.436190000000323, -7.871370000001025 ], [ 110.436159999999262, -7.871240000000665 ], [ 110.436120000000273, -7.87112 ], [ 110.436089999999211, -7.870960000000463 ], [ 110.436030000000713, -7.870890000000423 ], [ 110.435949999999096, -7.870880000000673 ], [ 110.435849999999817, -7.870999999999468 ], [ 110.435719999999449, -7.871209999999619 ], [ 110.435600000000662, -7.871460000000578 ], [ 110.43548, -7.871789999999508 ], [ 110.435509999999312, -7.87199 ], [ 110.435320000000459, -7.87307 ], [ 110.435229999999109, -7.873320000000881 ], [ 110.435069999999499, -7.873490000000223 ], [ 110.434450000000609, -7.877520000000273 ], [ 110.434149999999093, -7.877570000000836 ], [ 110.433960000000269, -7.877590000000328 ], [ 110.433859999999143, -7.877479999999466 ], [ 110.433849999999396, -7.877270000001139 ], [ 110.433789999999092, -7.877150000000523 ], [ 110.43361, -7.876940000000388 ], [ 110.433419999999344, -7.876749999999717 ], [ 110.433150000000708, -7.876570000000626 ], [ 110.432679999999863, -7.87653999999957 ], [ 110.432539999999747, -7.876599999999867 ], [ 110.432430000000721, -7.876650000000425 ], [ 110.432220000000555, -7.877049999999426 ], [ 110.43210999999971, -7.87717999999977 ], [ 110.432010000000403, -7.87742000000098 ], [ 110.431969999999595, -7.877710000000938 ], [ 110.431959999999847, -7.877870000000531 ], [ 110.431959999999847, -7.878070000000945 ], [ 110.432059999999154, -7.878240000000286 ], [ 110.43217, -7.87847 ], [ 110.432259999999545, -7.878650000000831 ], [ 110.432360000000671, -7.878849999999415 ], [ 110.432450000000216, -7.87904 ], [ 110.432500000000758, -7.879240000000485 ], [ 110.432520000000252, -7.879470000000134 ], [ 110.432479999999458, -7.87969 ], [ 110.432140000000771, -7.880709999999723 ], [ 110.432269999999292, -7.880789999999524 ], [ 110.432370000000418, -7.8808800000009 ], [ 110.432419999999155, -7.881040000000479 ], [ 110.432230000000303, -7.880999999999685 ], [ 110.432129999999205, -7.881579999999579 ], [ 110.431580000000352, -7.881770000000237 ], [ 110.4313700000002, -7.881810000001039 ], [ 110.431179999999557, -7.881719999999676 ], [ 110.431099999999745, -7.881579999999572 ], [ 110.431029999999694, -7.881180000000593 ], [ 110.430850000000618, -7.880859999999578 ], [ 110.430700000000755, -7.880849999999836 ], [ 110.430459999999542, -7.880849999999836 ], [ 110.43023, -7.88084 ], [ 110.429739999999541, -7.881789999999737 ], [ 110.429420000000349, -7.881810000001048 ], [ 110.429109999999085, -7.882009999999638 ], [ 110.428009999999603, -7.882260000000585 ], [ 110.42799, -7.88243 ], [ 110.427820000000764, -7.883369999999832 ], [ 110.427809999999198, -7.883669999999533 ], [ 110.427879999999234, -7.884040000001108 ], [ 110.427960000000851, -7.88423 ], [ 110.427960000000851, -7.88444 ], [ 110.427910000000296, -7.884599999999693 ], [ 110.428009999999603, -7.88473 ], [ 110.42814, -7.884809999999843 ], [ 110.428299999999538, -7.884879999999889 ], [ 110.428480000000448, -7.884980000000994 ], [ 110.428840000000449, -7.884940000000193 ], [ 110.429009999999806, -7.884920000000697 ], [ 110.429159999999641, -7.885010000000235 ], [ 110.42922, -7.885190000001145 ], [ 110.429519999999641, -7.885200000000894 ], [ 110.429679999999252, -7.885259999999384 ], [ 110.429729999999793, -7.885410000001049 ], [ 110.429749999999288, -7.88593000000065 ], [ 110.429760000000854, -7.886070000000759 ], [ 110.42994, -7.886399999999686 ], [ 110.430039999999238, -7.88653 ], [ 110.430169999999606, -7.886590000000336 ], [ 110.430200000000667, -7.886720000000701 ], [ 110.430210000000415, -7.886880000000287 ], [ 110.430210000000415, -7.887140000001004 ], [ 110.430210000000415, -7.887399999999895 ], [ 110.430239999999657, -7.887629999999548 ], [ 110.430290000000213, -7.887779999999381 ], [ 110.430350000000502, -7.887909999999734 ], [ 110.430549999999101, -7.888110000000147 ], [ 110.430630000000704, -7.888180000000195 ], [ 110.430679999999441, -7.888279999999481 ], [ 110.43066, -7.888440000000906 ], [ 110.430570000000415, -7.88856999999944 ], [ 110.430519999999859, -7.888680000000295 ], [ 110.430469999999289, -7.888800000000903 ], [ 110.430469999999289, -7.88898 ], [ 110.430539999999354, -7.889129999999835 ], [ 110.430669999999694, -7.88927 ], [ 110.43073, -7.889370000001053 ], [ 110.43072000000025, -7.889559999999888 ], [ 110.430700000000755, -7.889750000000552 ], [ 110.430669999999694, -7.889939999999394 ], [ 110.43072000000025, -7.890079999999491 ], [ 110.43084000000087, -7.890299999999382 ], [ 110.430860000000365, -7.890450000001052 ], [ 110.430679999999441, -7.890970000000656 ], [ 110.430609999999405, -7.89121 ], [ 110.43044, -7.891330000000654 ], [ 110.430200000000667, -7.891400000000713 ], [ 110.429920000000465, -7.891490000000245 ], [ 110.429809999999591, -7.891649999999856 ], [ 110.429729999999793, -7.8918400000005 ], [ 110.429729999999793, -7.892250000001066 ], [ 110.42972, -7.89241000000065 ], [ 110.429589999999706, -7.892560000000508 ], [ 110.429490000000399, -7.89265 ], [ 110.429299999999756, -7.892970000001057 ], [ 110.429280000000261, -7.893239999999691 ], [ 110.429079999999843, -7.894290000000463 ], [ 110.428949999999503, -7.894560000000918 ], [ 110.42879999999964, -7.894660000000202 ], [ 110.428630000000311, -7.894730000000254 ], [ 110.428320000000866, -7.894940000000418 ], [ 110.428200000000245, -7.895109999999755 ], [ 110.428099999999148, -7.89532 ], [ 110.427799999999451, -7.896580000000809 ], [ 110.427659999999335, -7.896820000000207 ], [ 110.42756, -7.896940000000813 ], [ 110.427330000000396, -7.896960000000311 ], [ 110.42706, -7.896849999999453 ], [ 110.427050000000193, -7.896570000001073 ], [ 110.427019999999132, -7.896339999999604 ], [ 110.426999999999637, -7.896150000000761 ], [ 110.426659999999131, -7.895909999999551 ], [ 110.42649999999955, -7.895759999999696 ], [ 110.426260000000156, -7.895640000000911 ], [ 110.426100000000545, -7.89553 ], [ 110.425900000000155, -7.895370000000454 ], [ 110.42559000000071, -7.895200000001112 ], [ 110.42472000000086, -7.895000000000716 ], [ 110.423500000000743, -7.894640000000711 ], [ 110.42324, -7.894580000000415 ], [ 110.423049999999392, -7.894480000001121 ], [ 110.423010000000389, -7.894389999999754 ], [ 110.422420000000756, -7.893360000000313 ], [ 110.422459999999745, -7.892920000000506 ], [ 110.42252, -7.892630000000557 ], [ 110.422619999999327, -7.892400000000903 ], [ 110.42267999999963, -7.892210000000252 ], [ 110.423029999999898, -7.890999999999888 ], [ 110.423029999999898, -7.890719999999701 ], [ 110.423049999999392, -7.890470000000549 ], [ 110.423080000000454, -7.890289999999652 ], [ 110.423070000000706, -7.890040000000497 ], [ 110.423000000000641, -7.889709999999746 ], [ 110.422889999999782, -7.889429999999531 ], [ 110.422560000000843, -7.888880000000699 ], [ 110.42209, -7.88826 ], [ 110.421480000000841, -7.887479999999689 ], [ 110.421130000000588, -7.886899999999793 ], [ 110.420889999999389, -7.886440000000486 ], [ 110.420620000000753, -7.8861600000003 ], [ 110.420500000000132, -7.8861 ], [ 110.420299999999742, -7.88597999999938 ], [ 110.420120000000637, -7.885889999999837 ], [ 110.41986, -7.885660000000198 ], [ 110.419700000000347, -7.88552999999984 ], [ 110.41957, -7.885270000000946 ], [ 110.419490000000181, -7.88509 ], [ 110.419219999999726, -7.884400000001098 ], [ 110.41916999999917, -7.884029999999542 ], [ 110.419410000000397, -7.883819999999385 ], [ 110.419659999999539, -7.883680000001098 ], [ 110.419830000000687, -7.883570000000247 ], [ 110.420089999999576, -7.883459999999376 ], [ 110.420239999999438, -7.883430000000134 ], [ 110.420449999999576, -7.883299999999786 ], [ 110.420739999999526, -7.883239999999483 ], [ 110.420980000000753, -7.883239999999475 ], [ 110.421179999999339, -7.883190000000751 ], [ 110.421290000000198, -7.88315 ], [ 110.421780000000538, -7.882990000000347 ], [ 110.42231999999963, -7.882729999999627 ], [ 110.422529999999796, -7.882690000000634 ], [ 110.42276999999919, -7.882719999999892 ], [ 110.423629999999278, -7.883120000000695 ], [ 110.42382, -7.88315 ], [ 110.423979999999545, -7.883140000000189 ], [ 110.424100000000152, -7.883060000000391 ], [ 110.424370000000607, -7.882890000001044 ], [ 110.42475, -7.882449999999425 ], [ 110.424810000000392, -7.882310000001151 ], [ 110.424800000000644, -7.88214 ], [ 110.424699999999547, -7.881990000000128 ], [ 110.424049999999596, -7.881390000000736 ], [ 110.41921, -7.87932000000028 ], [ 110.418929999999776, -7.87933 ], [ 110.41863, -7.87933 ], [ 110.418289999999573, -7.87926 ], [ 110.418289999999573, -7.8789 ], [ 110.416419999999519, -7.87847 ], [ 110.416300000000746, -7.87883 ], [ 110.41415000000049, -7.878360000000889 ], [ 110.414380000000136, -7.877339999999365 ], [ 110.414029999999883, -7.877189999999518 ], [ 110.413660000000121, -7.878150000000728 ], [ 110.412619999999109, -7.877940000000587 ], [ 110.412850000000589, -7.876979999999378 ], [ 110.411620000000738, -7.87667 ], [ 110.410690000000585, -7.875940000000177 ], [ 110.411319999999222, -7.875609999999416 ], [ 110.411739999999511, -7.875470000001138 ], [ 110.41207000000027, -7.87522000000018 ], [ 110.412309999999664, -7.874910000000727 ], [ 110.412399999999209, -7.87472 ], [ 110.412430000000271, -7.87451 ], [ 110.41236000000022, -7.874200000000471 ], [ 110.412109999999259, -7.873850000000232 ], [ 110.41194, -7.873579999999762 ], [ 110.41194, -7.873289999999818 ], [ 110.41207000000027, -7.872910000000329 ], [ 110.412309999999664, -7.872550000000318 ], [ 110.412589999999881, -7.872289999999619 ], [ 110.41272000000022, -7.872160000001073 ], [ 110.412829999999275, -7.871980000000176 ], [ 110.413179999999528, -7.871530000000631 ], [ 110.413409999999175, -7.871380000000774 ], [ 110.413730000000186, -7.871209999999623 ], [ 110.413909999999262, -7.87111000000032 ], [ 110.4141, -7.870960000000473 ], [ 110.414380000000136, -7.870769999999814 ], [ 110.414520000000223, -7.870670000000518 ], [ 110.414759999999632, -7.870559999999664 ], [ 110.41518, -7.870349999999503 ], [ 110.415399999999835, -7.870220000000979 ], [ 110.415689999999785, -7.870059999999564 ], [ 110.415890000000189, -7.869940000000778 ], [ 110.416240000000442, -7.869810000000418 ], [ 110.41669, -7.86971000000112 ], [ 110.417299999999116, -7.869489999999415 ], [ 110.417450000000798, -7.869450000000416 ], [ 110.417659999999117, -7.869339999999561 ], [ 110.417960000000633, -7.86917000000022 ], [ 110.418279999999825, -7.869030000000109 ], [ 110.418530000000786, -7.868790000000715 ], [ 110.418719999999638, -7.868650000000612 ], [ 110.418890000000786, -7.868490000001016 ], [ 110.419089999999386, -7.868160000000262 ], [ 110.419190000000484, -7.86784000000107 ], [ 110.419299999999524, -7.867539999999552 ], [ 110.419340000000346, -7.867070000000514 ], [ 110.419470000000686, -7.866570000000405 ], [ 110.419429999999892, -7.866420000000571 ], [ 110.419519999999423, -7.86623 ], [ 110.419579999999726, -7.86587 ], [ 110.419659999999539, -7.86565 ], [ 110.419879999999424, -7.8651699999994 ], [ 110.42007, -7.86491000000052 ], [ 110.42022, -7.864740000001161 ], [ 110.420410000000587, -7.864470000000713 ], [ 110.420599999999439, -7.864030000000917 ], [ 110.42022, -7.863340000000163 ], [ 110.420449999999576, -7.863470000000516 ], [ 110.420980000000753, -7.863509999999508 ], [ 110.421350000000487, -7.86349999999975 ], [ 110.421650000000184, -7.863509999999495 ], [ 110.422360000000438, -7.863590000001119 ], [ 110.422720000000439, -7.86367000000092 ], [ 110.422979999999328, -7.863729999999403 ], [ 110.423140000000757, -7.86385 ], [ 110.423319999999833, -7.864130000000213 ], [ 110.423559999999227, -7.86428 ], [ 110.42382, -7.864470000000704 ], [ 110.423950000000289, -7.864680000000865 ], [ 110.424049999999596, -7.865239999999447 ], [ 110.42425, -7.865680000001073 ], [ 110.424349999999293, -7.865970000001023 ], [ 110.424530000000189, -7.866350000000506 ], [ 110.424740000000341, -7.86666 ], [ 110.424909999999699, -7.866930000000406 ], [ 110.42511, -7.867210000000624 ], [ 110.42533, -7.867329999999406 ], [ 110.425559999999649, -7.867399999999448 ], [ 110.425769999999787, -7.867410000001024 ], [ 110.426160000000863, -7.867260000001165 ], [ 110.426489999999802, -7.867200000000866 ], [ 110.426779999999752, -7.867099999999758 ], [ 110.427190000000309, -7.866969999999398 ], [ 110.427449999999197, -7.866910000000915 ], [ 110.427610000000598, -7.866959999999659 ], [ 110.427820000000764, -7.867249999999609 ], [ 110.427910000000296, -7.867599999999856 ], [ 110.428099999999148, -7.868130000001028 ], [ 110.428200000000245, -7.868500000000772 ], [ 110.428250000000801, -7.868899999999766 ], [ 110.428330000000614, -7.869310000000308 ], [ 110.428400000000664, -7.869790000000916 ], [ 110.428480000000448, -7.87011999999986 ], [ 110.428749999999098, -7.870569999999411 ], [ 110.429, -7.870849999999618 ], [ 110.42943, -7.870810000000616 ], [ 110.429690000000818, -7.870629999999704 ], [ 110.430070000000299, -7.870370000000831 ], [ 110.430350000000502, -7.870250000000224 ], [ 110.430770000000805, -7.870129999999614 ], [ 110.43123999999986, -7.870010000000822 ], [ 110.431599999999847, -7.869870000000716 ], [ 110.432020000000151, -7.869699999999553 ], [ 110.432319999999848, -7.869489999999407 ], [ 110.432629999999293, -7.869140000000976 ], [ 110.433010000000621, -7.86875 ], [ 110.43354, -7.868440000000467 ], [ 110.433919999999461, -7.868230000000317 ], [ 110.434370000000811, -7.867990000000926 ], [ 110.434849999999614, -7.867759999999449 ], [ 110.43498, -7.867620000001176 ], [ 110.435209999999614, -7.867350000000716 ], [ 110.435349999999701, -7.86716 ], [ 110.435489999999817, -7.867000000000458 ], [ 110.435659999999146, -7.866930000000418 ], [ 110.435810000000828, -7.866840000000866 ], [ 110.435919999999854, -7.866809999999814 ], [ 110.436079999999464, -7.866770000000814 ], [ 110.436229999999298, -7.86676000000107 ], [ 110.436390000000728, -7.866819999999554 ], [ 110.436630000000108, -7.866870000000114 ], [ 110.436770000000223, -7.866850000000616 ], [ 110.436929999999805, -7.866860000000361 ], [ 110.43707, -7.86687999999986 ], [ 110.437250000000816, -7.866860000000361 ], [ 110.437470000000715, -7.86684000000086 ], [ 110.43764999999982, -7.866749999999513 ], [ 110.437819999999149, -7.86666 ], [ 110.43793, -7.866379999999759 ], [ 110.438079999999857, -7.866180000001166 ], [ 110.438210000000211, -7.866000000000261 ], [ 110.43829, -7.865889999999393 ], [ 110.438420000000363, -7.865809999999598 ], [ 110.438690000000832, -7.865889999999395 ], [ 110.439650000000213, -7.865550000000725 ], [ 110.439850000000632, -7.865439999999861 ], [ 110.43995, -7.86536 ], [ 110.440109999999521, -7.865260000000761 ], [ 110.440370000000215, -7.865079999999864 ], [ 110.440559999999053, -7.86497000000082 ] ] ] } },
{ "type": "Feature", "properties": { "KECAMATAN": "Dlingo", "DESA": "Terong", "Sektor": "Piyungan" }, "geometry": { "type": "Polygon", "coordinates": [ [ [ 110.467319999999702, -7.86824 ], [ 110.467440000000323, -7.868370000000417 ], [ 110.467590000000158, -7.868580000000573 ], [ 110.467720000000512, -7.868769999999412 ], [ 110.467769999999263, -7.869000000000869 ], [ 110.468000000000714, -7.87019 ], [ 110.468039999999704, -7.870390000000319 ], [ 110.4681999999993, -7.87055 ], [ 110.46832, -7.870639999999462 ], [ 110.46843000000078, -7.870670000000512 ], [ 110.468660000000412, -7.870779999999566 ], [ 110.469090000000477, -7.871240000000681 ], [ 110.469269999999554, -7.871400000000264 ], [ 110.469409999999669, -7.871639999999661 ], [ 110.469520000000514, -7.871830000000323 ], [ 110.469649999999064, -7.87207999999946 ], [ 110.469769999999656, -7.873009999999621 ], [ 110.469919999999519, -7.873310000001127 ], [ 110.472239999999104, -7.87703 ], [ 110.472550000000368, -7.877450000000233 ], [ 110.473799999999713, -7.88099 ], [ 110.473920000000319, -7.881230000001142 ], [ 110.474050000000688, -7.881410000000232 ], [ 110.474329999999071, -7.881820000000792 ], [ 110.474420000000421, -7.882019999999385 ], [ 110.474490000000472, -7.882330000000641 ], [ 110.47465, -7.882530000001039 ], [ 110.47486000000022, -7.882620000000587 ], [ 110.47516, -7.882700000000388 ], [ 110.475280000000538, -7.882809999999434 ], [ 110.475420000000625, -7.882949999999522 ], [ 110.47552, -7.883040000000897 ], [ 110.47573, -7.88322 ], [ 110.47588, -7.883519999999682 ], [ 110.476000000000525, -7.883840000000699 ], [ 110.476080000000323, -7.88399000000055 ], [ 110.476099999999818, -7.884140000000395 ], [ 110.476409999999262, -7.884510000000144 ], [ 110.475870000000185, -7.887950000000541 ], [ 110.476420000000829, -7.889480000000104 ], [ 110.477520000000325, -7.890100000000808 ], [ 110.476440000000338, -7.892729999999849 ], [ 110.475409999999059, -7.893529999999657 ], [ 110.475179999999412, -7.893679999999498 ], [ 110.475080000000119, -7.893780000000612 ], [ 110.474879999999729, -7.894029999999754 ], [ 110.474809999999664, -7.894230000000162 ], [ 110.474710000000371, -7.894510000000351 ], [ 110.474589999999779, -7.894910000001161 ], [ 110.474529999999461, -7.895179999999797 ], [ 110.474420000000421, -7.895409999999443 ], [ 110.474210000000269, -7.89595000000036 ], [ 110.474190000000775, -7.89604 ], [ 110.473990000000384, -7.89625 ], [ 110.473770000000485, -7.896479999999705 ], [ 110.473540000000824, -7.89676999999965 ], [ 110.473389999999171, -7.896950000000561 ], [ 110.473270000000369, -7.89717000000047 ], [ 110.473239999999308, -7.897409999999859 ], [ 110.473200000000318, -7.897660000000821 ], [ 110.473299999999611, -7.89798999999976 ], [ 110.4735, -7.898219999999404 ], [ 110.473620000000622, -7.898370000001063 ], [ 110.473640000000131, -7.898540000000422 ], [ 110.47357, -7.898840000000109 ], [ 110.473340000000434, -7.899079999999509 ], [ 110.472900000000621, -7.899610000000662 ], [ 110.472770000000281, -7.899760000000512 ], [ 110.472519999999321, -7.899880000001128 ], [ 110.472309999999155, -7.899990000000169 ], [ 110.47208999999927, -7.90008999999946 ], [ 110.471939999999407, -7.900170000001081 ], [ 110.471729999999255, -7.900299999999601 ], [ 110.471499999999622, -7.900439999999704 ], [ 110.471349999999759, -7.90057 ], [ 110.471110000000365, -7.900820000001021 ], [ 110.470939999999217, -7.90100000000011 ], [ 110.470799999999102, -7.901200000000513 ], [ 110.470660000000834, -7.901410000000679 ], [ 110.470499999999404, -7.901830000000975 ], [ 110.470470000000162, -7.901990000000575 ], [ 110.470520000000718, -7.902249999999466 ], [ 110.470579999999217, -7.902529999999664 ], [ 110.470129999999656, -7.90288 ], [ 110.469989999999569, -7.903000000000524 ], [ 110.469639999999316, -7.903050000001082 ], [ 110.468039999999704, -7.903169999999866 ], [ 110.467710000000764, -7.903270000000985 ], [ 110.467339999999197, -7.903420000000821 ], [ 110.467070000000561, -7.903580000000425 ], [ 110.466410000000863, -7.903819999999825 ], [ 110.466119999999094, -7.903850000000872 ], [ 110.465790000000155, -7.903840000001123 ], [ 110.4655199999997, -7.903870000000371 ], [ 110.46535000000037, -7.903969999999658 ], [ 110.46522999999975, -7.904070000000775 ], [ 110.465039999999107, -7.904259999999613 ], [ 110.46486, -7.904549999999555 ], [ 110.464649999999864, -7.90482 ], [ 110.464350000000167, -7.90529000000089 ], [ 110.464159999999495, -7.905769999999665 ], [ 110.46414, -7.906049999999875 ], [ 110.464019999999408, -7.906230000000789 ], [ 110.463869999999545, -7.906419999999616 ], [ 110.46359999999909, -7.906730000000884 ], [ 110.463330000000454, -7.90697000000028 ], [ 110.463159999999306, -7.90691 ], [ 110.462960000000706, -7.906989999999769 ], [ 110.462849999999861, -7.907080000001139 ], [ 110.46260000000072, -7.907219999999415 ], [ 110.462470000000366, -7.9072 ], [ 110.462320000000503, -7.907160000000927 ], [ 110.462139999999593, -7.90705 ], [ 110.462020000000805, -7.906890000000478 ], [ 110.461950000000769, -7.90669 ], [ 110.461869999999152, -7.906470000000167 ], [ 110.461849999999657, -7.906290000001072 ], [ 110.461810000000654, -7.90612 ], [ 110.461629999999758, -7.905839999999711 ], [ 110.460590000000551, -7.904549999999563 ], [ 110.460220000000803, -7.904160000000322 ], [ 110.46010000000021, -7.9041 ], [ 110.459989999999351, -7.904010000000471 ], [ 110.459769999999452, -7.903899999999615 ], [ 110.459629999999336, -7.903780000000836 ], [ 110.459430000000765, -7.903490000000882 ], [ 110.45924, -7.903039999999503 ], [ 110.458950000000144, -7.90252 ], [ 110.45888, -7.902340000000834 ], [ 110.45887000000036, -7.902099999999609 ], [ 110.45881, -7.90183000000097 ], [ 110.458780000000814, -7.901630000000575 ], [ 110.458759999999501, -7.90135000000037 ], [ 110.458570000000648, -7.900990000000373 ], [ 110.458459999999803, -7.900750000000971 ], [ 110.45845, -7.90054000000083 ], [ 110.458459999999803, -7.900040000000724 ], [ 110.458479999999298, -7.899859999999809 ], [ 110.458459999999803, -7.899630000000163 ], [ 110.458300000000193, -7.89942 ], [ 110.457969999999435, -7.898849999999861 ], [ 110.457920000000712, -7.89869000000026 ], [ 110.457909999999146, -7.898499999999605 ], [ 110.457909999999146, -7.898260000000219 ], [ 110.457930000000459, -7.897929999999453 ], [ 110.457959999999687, -7.89712 ], [ 110.457909999999146, -7.896930000001062 ], [ 110.457870000000156, -7.89676999999966 ], [ 110.4578, -7.896600000000303 ], [ 110.45766, -7.896430000000957 ], [ 110.457200000000711, -7.894790000000554 ], [ 110.457039999999282, -7.894730000000259 ], [ 110.45687, -7.894700000001016 ], [ 110.456360000000103, -7.89467 ], [ 110.456070000000153, -7.894650000000455 ], [ 110.45585000000024, -7.894529999999845 ], [ 110.453310000000741, -7.893350000000564 ], [ 110.453190000000149, -7.893200000000709 ], [ 110.453129999999831, -7.892949999999752 ], [ 110.452960000000502, -7.892540000001007 ], [ 110.45276, -7.89236000000011 ], [ 110.452639999999491, -7.892250000001066 ], [ 110.452530000000451, -7.892110000000964 ], [ 110.452470000000133, -7.891990000000352 ], [ 110.452460000000386, -7.89189000000106 ], [ 110.452380000000588, -7.891690000000657 ], [ 110.45226, -7.891460000001001 ], [ 110.451689999999843, -7.890980000000398 ], [ 110.451619999999792, -7.89078 ], [ 110.451639999999287, -7.890630000000155 ], [ 110.451559999999475, -7.890279999999896 ], [ 110.451510000000738, -7.890139999999797 ], [ 110.451390000000146, -7.889970000000451 ], [ 110.45118, -7.889820000000602 ], [ 110.449220000000395, -7.888100000000398 ], [ 110.449070000000532, -7.887919999999498 ], [ 110.448899999999384, -7.88768 ], [ 110.44866, -7.886720000000693 ], [ 110.448560000000697, -7.886520000000288 ], [ 110.448449999999823, -7.88639 ], [ 110.44818999999913, -7.886290000000639 ], [ 110.446760000000694, -7.88603 ], [ 110.446459999999163, -7.885850000000856 ], [ 110.446350000000137, -7.885749999999737 ], [ 110.44621, -7.885599999999894 ], [ 110.446110000000743, -7.885350000000739 ], [ 110.44607, -7.88515000000034 ], [ 110.446060000000188, -7.884879999999883 ], [ 110.446029999999126, -7.884640000000496 ], [ 110.445949999999314, -7.884430000000349 ], [ 110.44576000000049, -7.884260000000999 ], [ 110.445649999999617, -7.884019999999788 ], [ 110.445610000000627, -7.883850000000438 ], [ 110.445589999999314, -7.883620000000793 ], [ 110.445599999999061, -7.88343999999988 ], [ 110.445659999999364, -7.883239999999484 ], [ 110.445750000000743, -7.882949999999524 ], [ 110.44578, -7.882820000001002 ], [ 110.44576000000049, -7.882670000001146 ], [ 110.445739999999176, -7.882530000001044 ], [ 110.44578, -7.88219000000054 ], [ 110.445830000000541, -7.882060000000184 ], [ 110.445970000000628, -7.88191000000033 ], [ 110.446110000000743, -7.881750000000745 ], [ 110.446159999999466, -7.881610000000642 ], [ 110.446159999999466, -7.881439999999472 ], [ 110.446149999999719, -7.881310000000944 ], [ 110.44618000000078, -7.881079999999485 ], [ 110.446299999999567, -7.880950000000939 ], [ 110.446459999999163, -7.880820000000582 ], [ 110.446679999999077, -7.880709999999727 ], [ 110.447079999999872, -7.880670000000739 ], [ 110.447249999999229, -7.880610000000427 ], [ 110.447379999999583, -7.880520000000895 ], [ 110.447659999999786, -7.880240000000691 ], [ 110.448050000000833, -7.879820000000382 ], [ 110.448140000000379, -7.879670000000541 ], [ 110.448169999999621, -7.879559999999683 ], [ 110.448220000000191, -7.879170000000435 ], [ 110.448280000000494, -7.878979999999772 ], [ 110.448399999999268, -7.878849999999414 ], [ 110.448580000000192, -7.878769999999619 ], [ 110.448809999999838, -7.87852000000048 ], [ 110.448889999999636, -7.878370000000638 ], [ 110.448930000000445, -7.878220000000778 ], [ 110.448909999999131, -7.878070000000937 ], [ 110.448809999999838, -7.87789 ], [ 110.448809999999838, -7.877699999999374 ], [ 110.448850000000647, -7.877590000000334 ], [ 110.44902, -7.877430000000742 ], [ 110.449689999999421, -7.876959999999867 ], [ 110.4497800000008, -7.876660000000171 ], [ 110.449860000000598, -7.876220000000379 ], [ 110.449790000000547, -7.875850000000627 ], [ 110.449959999999876, -7.875770000000837 ], [ 110.450290000000635, -7.875770000000831 ], [ 110.450689999999639, -7.875790000000318 ], [ 110.450989999999337, -7.875650000000223 ], [ 110.451230000000535, -7.875430000000319 ], [ 110.451759999999879, -7.87501 ], [ 110.452209999999425, -7.87465 ], [ 110.452479999999881, -7.874430000000112 ], [ 110.452740000000588, -7.87429 ], [ 110.45305999999978, -7.874159999999659 ], [ 110.453429999999528, -7.873920000000282 ], [ 110.453949999999125, -7.873770000000418 ], [ 110.454330000000439, -7.873550000000518 ], [ 110.454820000000808, -7.873120000000464 ], [ 110.45528, -7.87213 ], [ 110.455340000000405, -7.871940000001186 ], [ 110.455389999999142, -7.87177 ], [ 110.455529999999229, -7.871510000001123 ], [ 110.455690000000658, -7.87140000000027 ], [ 110.455869999999734, -7.871310000000728 ], [ 110.456029999999345, -7.871180000000372 ], [ 110.45614000000019, -7.870999999999468 ], [ 110.45621000000024, -7.870839999999861 ], [ 110.45626000000081, -7.870730000000824 ], [ 110.456480000000695, -7.870639999999463 ], [ 110.456640000000306, -7.870680000000274 ], [ 110.456809999999635, -7.870540000000157 ], [ 110.457099999999585, -7.870279999999458 ], [ 110.458570000000648, -7.86883999999945 ], [ 110.458979999999386, -7.868440000000459 ], [ 110.459339999999386, -7.867990000000912 ], [ 110.459609999999842, -7.867550000001112 ], [ 110.459860000000802, -7.867130000000823 ], [ 110.460059999999402, -7.866830000001125 ], [ 110.46018, -7.866770000000814 ], [ 110.460359999999099, -7.866760000001064 ], [ 110.4605200000005, -7.866819999999554 ], [ 110.460670000000363, -7.866900000001176 ], [ 110.460849999999439, -7.867029999999705 ], [ 110.461240000000515, -7.867169999999801 ], [ 110.461610000000263, -7.867169999999811 ], [ 110.461830000000148, -7.867270000000921 ], [ 110.462320000000503, -7.867420000000775 ], [ 110.46277999999981, -7.867620000001175 ], [ 110.463040000000504, -7.86767 ], [ 110.463379999999191, -7.867720000000471 ], [ 110.463809999999256, -7.867720000000463 ], [ 110.463999999999899, -7.867700000000975 ], [ 110.46425000000086, -7.86774999999971 ], [ 110.464420000000217, -7.867840000001067 ], [ 110.464529999999243, -7.867959999999859 ], [ 110.464620000000608, -7.868039999999656 ], [ 110.464710000000167, -7.8681 ], [ 110.464910000000557, -7.86817 ], [ 110.465089999999648, -7.868140000000774 ], [ 110.465210000000255, -7.86817 ], [ 110.465700000000624, -7.868479999999457 ], [ 110.46594, -7.86853999999976 ], [ 110.466379999999802, -7.868510000000523 ], [ 110.46664000000051, -7.868469999999711 ], [ 110.466850000000676, -7.868380000000163 ], [ 110.467049999999247, -7.868329999999601 ], [ 110.467319999999702, -7.86824 ] ] ] } },
{ "type": "Feature", "properties": { "KECAMATAN": "Pleret", "DESA": "Wonolelo", "Sektor": "Imogiri" }, "geometry": { "type": "Polygon", "coordinates": [ [ [ 110.449790000000547, -7.875850000000627 ], [ 110.449860000000598, -7.876220000000379 ], [ 110.4497800000008, -7.876660000000171 ], [ 110.449689999999421, -7.876959999999867 ], [ 110.44902, -7.877430000000742 ], [ 110.448850000000647, -7.877590000000334 ], [ 110.448809999999838, -7.877699999999374 ], [ 110.448809999999838, -7.87789 ], [ 110.448909999999131, -7.878070000000937 ], [ 110.448930000000445, -7.878220000000778 ], [ 110.448889999999636, -7.878370000000638 ], [ 110.448809999999838, -7.87852000000048 ], [ 110.448580000000192, -7.878769999999619 ], [ 110.448399999999268, -7.878849999999414 ], [ 110.448280000000494, -7.878979999999772 ], [ 110.448220000000191, -7.879170000000435 ], [ 110.448169999999621, -7.879559999999683 ], [ 110.448140000000379, -7.879670000000541 ], [ 110.448050000000833, -7.879820000000382 ], [ 110.447659999999786, -7.880240000000691 ], [ 110.447379999999583, -7.880520000000895 ], [ 110.447249999999229, -7.880610000000427 ], [ 110.447079999999872, -7.880670000000739 ], [ 110.446679999999077, -7.880709999999727 ], [ 110.446459999999163, -7.880820000000582 ], [ 110.446299999999567, -7.880950000000939 ], [ 110.44618000000078, -7.881079999999485 ], [ 110.446149999999719, -7.881310000000944 ], [ 110.446159999999466, -7.881439999999472 ], [ 110.446159999999466, -7.881610000000642 ], [ 110.446110000000743, -7.881750000000745 ], [ 110.445970000000628, -7.88191000000033 ], [ 110.445830000000541, -7.882060000000184 ], [ 110.44578, -7.88219000000054 ], [ 110.445739999999176, -7.882530000001044 ], [ 110.44576000000049, -7.882670000001146 ], [ 110.44578, -7.882820000001002 ], [ 110.445750000000743, -7.882949999999524 ], [ 110.445659999999364, -7.883239999999484 ], [ 110.445599999999061, -7.88343999999988 ], [ 110.445589999999314, -7.883620000000793 ], [ 110.445610000000627, -7.883850000000438 ], [ 110.445649999999617, -7.884019999999788 ], [ 110.44576000000049, -7.884260000000999 ], [ 110.445949999999314, -7.884430000000349 ], [ 110.446029999999126, -7.884640000000496 ], [ 110.446060000000188, -7.884879999999883 ], [ 110.44607, -7.88515000000034 ], [ 110.446110000000743, -7.885350000000739 ], [ 110.44621, -7.885599999999894 ], [ 110.446350000000137, -7.885749999999737 ], [ 110.446459999999163, -7.885850000000856 ], [ 110.446760000000694, -7.88603 ], [ 110.446169999999213, -7.887210000001049 ], [ 110.44608999999943, -7.887329999999847 ], [ 110.445939999999567, -7.887440000000691 ], [ 110.445750000000743, -7.887530000000239 ], [ 110.445550000000324, -7.887670000000352 ], [ 110.44523999999906, -7.8879 ], [ 110.444310000000726, -7.888839999999893 ], [ 110.44391, -7.889139999999596 ], [ 110.443649999999224, -7.889240000000696 ], [ 110.443230000000739, -7.889349999999737 ], [ 110.443129999999613, -7.889429999999539 ], [ 110.443049999999815, -7.889569999999643 ], [ 110.442960000000284, -7.889750000000558 ], [ 110.442880000000471, -7.889900000000392 ], [ 110.442789999999107, -7.88999 ], [ 110.442590000000521, -7.890149999999552 ], [ 110.442310000000333, -7.890310000000962 ], [ 110.44216000000047, -7.89040000000051 ], [ 110.442119999999662, -7.89049 ], [ 110.442150000000723, -7.890590000001153 ], [ 110.44219999999946, -7.890680000000711 ], [ 110.442220000000773, -7.890869999999538 ], [ 110.442240000000268, -7.891060000000205 ], [ 110.442220000000773, -7.89131000000116 ], [ 110.442230000000521, -7.89158999999955 ], [ 110.442049999999625, -7.892270000000562 ], [ 110.441409999999422, -7.893500000000413 ], [ 110.441269999999307, -7.893640000000502 ], [ 110.441109999999725, -7.893650000000248 ], [ 110.44074, -7.893609999999446 ], [ 110.440559999999053, -7.8935999999997 ], [ 110.440389999999709, -7.893599999999694 ], [ 110.440070000000517, -7.894000000000516 ], [ 110.439959999999658, -7.894169999999852 ], [ 110.439940000000163, -7.894410000001063 ], [ 110.439990000000719, -7.89481 ], [ 110.439990000000719, -7.89496 ], [ 110.440029999999709, -7.895140000000813 ], [ 110.439920000000683, -7.89539 ], [ 110.439210000000429, -7.896129999999451 ], [ 110.438969999999216, -7.896290000000873 ], [ 110.438780000000364, -7.896430000000965 ], [ 110.438669999999519, -7.89647 ], [ 110.438299999999771, -7.896590000000552 ], [ 110.438009999999821, -7.896699999999606 ], [ 110.437920000000261, -7.896860000001025 ], [ 110.437850000000211, -7.897020000000609 ], [ 110.437719999999871, -7.897199999999706 ], [ 110.4375299999992, -7.897419999999602 ], [ 110.437099999999162, -7.897670000000571 ], [ 110.436840000000259, -7.897760000000107 ], [ 110.43662000000036, -7.897890000000459 ], [ 110.43469, -7.899079999999511 ], [ 110.43383, -7.899620000000407 ], [ 110.433429999999092, -7.89985 ], [ 110.432779999999156, -7.90008999999946 ], [ 110.4326, -7.900079999999715 ], [ 110.432220000000555, -7.900190000000567 ], [ 110.432000000000656, -7.900270000000366 ], [ 110.431730000000215, -7.900390000000968 ], [ 110.431430000000518, -7.900540000000814 ], [ 110.430889999999607, -7.900920000000309 ], [ 110.430309999999693, -7.901330000000871 ], [ 110.429500000000147, -7.902140000000425 ], [ 110.429459999999338, -7.901879999999718 ], [ 110.429330000000817, -7.901659999999818 ], [ 110.429179999999135, -7.901470000000971 ], [ 110.428970000000817, -7.90128000000032 ], [ 110.428599999999236, -7.901000000000109 ], [ 110.428190000000498, -7.900550000000567 ], [ 110.427869999999487, -7.900089999999452 ], [ 110.42763, -7.89964 ], [ 110.427480000000259, -7.899190000000362 ], [ 110.427260000000345, -7.8987 ], [ 110.42713, -7.898240000000722 ], [ 110.427050000000193, -7.89805 ], [ 110.426980000000142, -7.897779999999611 ], [ 110.42706, -7.896849999999453 ], [ 110.427330000000396, -7.896960000000311 ], [ 110.42756, -7.896940000000813 ], [ 110.427659999999335, -7.896820000000207 ], [ 110.427799999999451, -7.896580000000809 ], [ 110.428099999999148, -7.89532 ], [ 110.428200000000245, -7.895109999999755 ], [ 110.428320000000866, -7.894940000000418 ], [ 110.428630000000311, -7.894730000000254 ], [ 110.42879999999964, -7.894660000000202 ], [ 110.428949999999503, -7.894560000000918 ], [ 110.429079999999843, -7.894290000000463 ], [ 110.429280000000261, -7.893239999999691 ], [ 110.429299999999756, -7.892970000001057 ], [ 110.429490000000399, -7.89265 ], [ 110.429589999999706, -7.892560000000508 ], [ 110.42972, -7.89241000000065 ], [ 110.429729999999793, -7.892250000001066 ], [ 110.429729999999793, -7.8918400000005 ], [ 110.429809999999591, -7.891649999999856 ], [ 110.429920000000465, -7.891490000000245 ], [ 110.430200000000667, -7.891400000000713 ], [ 110.43044, -7.891330000000654 ], [ 110.430609999999405, -7.89121 ], [ 110.430679999999441, -7.890970000000656 ], [ 110.430860000000365, -7.890450000001052 ], [ 110.43084000000087, -7.890299999999382 ], [ 110.43072000000025, -7.890079999999491 ], [ 110.430669999999694, -7.889939999999394 ], [ 110.430700000000755, -7.889750000000552 ], [ 110.43072000000025, -7.889559999999888 ], [ 110.43073, -7.889370000001053 ], [ 110.430669999999694, -7.88927 ], [ 110.430539999999354, -7.889129999999835 ], [ 110.430469999999289, -7.88898 ], [ 110.430469999999289, -7.888800000000903 ], [ 110.430519999999859, -7.888680000000295 ], [ 110.430570000000415, -7.88856999999944 ], [ 110.43066, -7.888440000000906 ], [ 110.430679999999441, -7.888279999999481 ], [ 110.430630000000704, -7.888180000000195 ], [ 110.430549999999101, -7.888110000000147 ], [ 110.430350000000502, -7.887909999999734 ], [ 110.430290000000213, -7.887779999999381 ], [ 110.430239999999657, -7.887629999999548 ], [ 110.430210000000415, -7.887399999999895 ], [ 110.430210000000415, -7.887140000001004 ], [ 110.430210000000415, -7.886880000000287 ], [ 110.430200000000667, -7.886720000000701 ], [ 110.430169999999606, -7.886590000000336 ], [ 110.430039999999238, -7.88653 ], [ 110.42994, -7.886399999999686 ], [ 110.429760000000854, -7.886070000000759 ], [ 110.429749999999288, -7.88593000000065 ], [ 110.429729999999793, -7.885410000001049 ], [ 110.429679999999252, -7.885259999999384 ], [ 110.429519999999641, -7.885200000000894 ], [ 110.42922, -7.885190000001145 ], [ 110.429159999999641, -7.885010000000235 ], [ 110.429009999999806, -7.884920000000697 ], [ 110.428840000000449, -7.884940000000193 ], [ 110.428480000000448, -7.884980000000994 ], [ 110.428299999999538, -7.884879999999889 ], [ 110.42814, -7.884809999999843 ], [ 110.428009999999603, -7.88473 ], [ 110.427910000000296, -7.884599999999693 ], [ 110.427960000000851, -7.88444 ], [ 110.427960000000851, -7.88423 ], [ 110.427879999999234, -7.884040000001108 ], [ 110.427809999999198, -7.883669999999533 ], [ 110.427820000000764, -7.883369999999832 ], [ 110.42799, -7.88243 ], [ 110.428009999999603, -7.882260000000585 ], [ 110.429109999999085, -7.882009999999638 ], [ 110.429420000000349, -7.881810000001048 ], [ 110.429739999999541, -7.881789999999737 ], [ 110.43023, -7.88084 ], [ 110.430459999999542, -7.880849999999836 ], [ 110.430700000000755, -7.880849999999836 ], [ 110.430850000000618, -7.880859999999578 ], [ 110.431029999999694, -7.881180000000593 ], [ 110.431099999999745, -7.881579999999572 ], [ 110.431179999999557, -7.881719999999676 ], [ 110.4313700000002, -7.881810000001039 ], [ 110.431580000000352, -7.881770000000237 ], [ 110.432129999999205, -7.881579999999579 ], [ 110.432230000000303, -7.880999999999685 ], [ 110.432419999999155, -7.881040000000479 ], [ 110.432370000000418, -7.8808800000009 ], [ 110.432269999999292, -7.880789999999524 ], [ 110.432140000000771, -7.880709999999723 ], [ 110.432479999999458, -7.87969 ], [ 110.432520000000252, -7.879470000000134 ], [ 110.432500000000758, -7.879240000000485 ], [ 110.432450000000216, -7.87904 ], [ 110.432360000000671, -7.878849999999415 ], [ 110.432259999999545, -7.878650000000831 ], [ 110.43217, -7.87847 ], [ 110.432059999999154, -7.878240000000286 ], [ 110.431959999999847, -7.878070000000945 ], [ 110.431959999999847, -7.877870000000531 ], [ 110.431969999999595, -7.877710000000938 ], [ 110.432010000000403, -7.87742000000098 ], [ 110.43210999999971, -7.87717999999977 ], [ 110.432220000000555, -7.877049999999426 ], [ 110.432430000000721, -7.876650000000425 ], [ 110.432539999999747, -7.876599999999867 ], [ 110.432679999999863, -7.87653999999957 ], [ 110.433150000000708, -7.876570000000626 ], [ 110.433419999999344, -7.876749999999717 ], [ 110.43361, -7.876940000000388 ], [ 110.433789999999092, -7.877150000000523 ], [ 110.433849999999396, -7.877270000001139 ], [ 110.433859999999143, -7.877479999999466 ], [ 110.433960000000269, -7.877590000000328 ], [ 110.434149999999093, -7.877570000000836 ], [ 110.434450000000609, -7.877520000000273 ], [ 110.435069999999499, -7.873490000000223 ], [ 110.435229999999109, -7.873320000000881 ], [ 110.435320000000459, -7.87307 ], [ 110.435509999999312, -7.87199 ], [ 110.43548, -7.871789999999508 ], [ 110.435600000000662, -7.871460000000578 ], [ 110.435719999999449, -7.871209999999619 ], [ 110.435849999999817, -7.870999999999468 ], [ 110.435949999999096, -7.870880000000673 ], [ 110.436030000000713, -7.870890000000423 ], [ 110.436089999999211, -7.870960000000463 ], [ 110.436120000000273, -7.87112 ], [ 110.436159999999262, -7.871240000000665 ], [ 110.436190000000323, -7.871370000001025 ], [ 110.436289999999602, -7.871390000000514 ], [ 110.436569999999804, -7.871110000000325 ], [ 110.43665999999935, -7.871040000000272 ], [ 110.436859999999754, -7.871020000000767 ], [ 110.437550000000513, -7.870970000000217 ], [ 110.437799999999655, -7.870839999999864 ], [ 110.437910000000514, -7.870699999999764 ], [ 110.438099999999352, -7.870489999999615 ], [ 110.438190000000716, -7.87026 ], [ 110.438539999999151, -7.869800000000663 ], [ 110.438729999999808, -7.86961 ], [ 110.438850000000414, -7.869510000000723 ], [ 110.439050000000819, -7.86939000000011 ], [ 110.439329999999202, -7.869329999999816 ], [ 110.439549999999116, -7.869300000000566 ], [ 110.44112999999922, -7.869240000000266 ], [ 110.441419999999169, -7.869210000001022 ], [ 110.441629999999307, -7.869140000000976 ], [ 110.441759999999675, -7.869080000000667 ], [ 110.44187000000052, -7.869010000000619 ], [ 110.442189999999712, -7.868730000000424 ], [ 110.442600000000283, -7.869720000000873 ], [ 110.442639999999273, -7.869870000000724 ], [ 110.44274000000037, -7.87001000000082 ], [ 110.442839999999663, -7.870110000000122 ], [ 110.442940000000789, -7.870170000000421 ], [ 110.44306999999931, -7.870220000000967 ], [ 110.443240000000486, -7.870250000000217 ], [ 110.443380000000573, -7.870300000000775 ], [ 110.443750000000321, -7.870520000000668 ], [ 110.444110000000322, -7.870639999999463 ], [ 110.44427, -7.870709999999512 ], [ 110.444489999999831, -7.870929999999404 ], [ 110.444579999999377, -7.871040000000267 ], [ 110.44463, -7.87115000000112 ], [ 110.444709999999716, -7.871209999999619 ], [ 110.44482000000059, -7.871209999999618 ], [ 110.44499, -7.871289999999411 ], [ 110.44535, -7.87148 ], [ 110.445540000000577, -7.871620000000167 ], [ 110.445569999999819, -7.871740000000777 ], [ 110.44571, -7.871880000000878 ], [ 110.44589000000083, -7.872040000000471 ], [ 110.446260000000578, -7.872279999999868 ], [ 110.446949999999532, -7.872600000000885 ], [ 110.447130000000428, -7.872690000000429 ], [ 110.44751, -7.87285 ], [ 110.447630000000544, -7.872900000000575 ], [ 110.447930000000241, -7.873439999999671 ], [ 110.447959999999483, -7.87369000000063 ], [ 110.448119999999065, -7.873980000000575 ], [ 110.448280000000494, -7.874169999999409 ], [ 110.448459999999571, -7.874309999999511 ], [ 110.448879999999889, -7.874840000000681 ], [ 110.449130000000849, -7.875099999999572 ], [ 110.449329999999421, -7.875330000001031 ], [ 110.449580000000381, -7.875640000000478 ], [ 110.449790000000547, -7.875850000000627 ] ] ] } },
{ "type": "Feature", "properties": { "KECAMATAN": "Jetis", "DESA": "Trimulyo", "Sektor": "Imogiri" }, "geometry": { "type": "Polygon", "coordinates": [ [ [ 110.381030000000422, -7.873960000001081 ], [ 110.382310000000828, -7.874830000000934 ], [ 110.382509999999414, -7.87487 ], [ 110.382659999999262, -7.874840000000679 ], [ 110.382770000000136, -7.87477000000063 ], [ 110.383040000000591, -7.874610000001026 ], [ 110.383180000000678, -7.874680000001087 ], [ 110.383429999999819, -7.875120000000878 ], [ 110.383449999999314, -7.87535000000053 ], [ 110.383470000000628, -7.875490000000622 ], [ 110.383439999999567, -7.875790000000324 ], [ 110.383320000000793, -7.876039999999472 ], [ 110.383030000000844, -7.876050000001031 ], [ 110.382879999999162, -7.876099999999781 ], [ 110.382739999999075, -7.876230000000121 ], [ 110.38227, -7.87897999999977 ], [ 110.3822, -7.879129999999632 ], [ 110.382149999999427, -7.879220000000993 ], [ 110.382240000000778, -7.879380000000584 ], [ 110.382900000000475, -7.879559999999678 ], [ 110.383069999999833, -7.879580000000984 ], [ 110.38321, -7.879530000000428 ], [ 110.383579999999668, -7.879220000000996 ], [ 110.385259999999079, -7.87822000000078 ], [ 110.38573, -7.878080000000681 ], [ 110.385850000000545, -7.878020000000379 ], [ 110.385969999999318, -7.87789 ], [ 110.385990000000632, -7.877759999999668 ], [ 110.386000000000379, -7.877500000000787 ], [ 110.386270000000835, -7.877360000000687 ], [ 110.386409999999131, -7.877409999999415 ], [ 110.387539999999674, -7.877500000000779 ], [ 110.388059999999285, -7.877609999999829 ], [ 110.388520000000383, -7.877720000000674 ], [ 110.388810000000333, -7.87774000000018 ], [ 110.389440000000789, -7.877769999999414 ], [ 110.389569999999338, -7.877759999999666 ], [ 110.389569999999338, -7.877909999999511 ], [ 110.389530000000349, -7.878039999999871 ], [ 110.389549999999844, -7.87817000000023 ], [ 110.389530000000349, -7.878290000000834 ], [ 110.389610000000147, -7.878380000000383 ], [ 110.390690000000134, -7.878660000000577 ], [ 110.39083000000025, -7.878650000000827 ], [ 110.390919999999781, -7.87854 ], [ 110.39119000000025, -7.877810000000228 ], [ 110.391279999999782, -7.877660000000388 ], [ 110.391460000000706, -7.877699999999372 ], [ 110.391550000000237, -7.87772000000069 ], [ 110.391859999999681, -7.877829999999726 ], [ 110.391970000000541, -7.878010000000639 ], [ 110.392069999999848, -7.878100000000176 ], [ 110.392599999999177, -7.87838000000038 ], [ 110.39287999999938, -7.878230000000528 ], [ 110.393019999999495, -7.878119999999678 ], [ 110.393249999999142, -7.877609999999821 ], [ 110.393340000000507, -7.877440000000486 ], [ 110.393280000000203, -7.877290000000633 ], [ 110.393079999999784, -7.877000000000684 ], [ 110.392970000000759, -7.87687000000033 ], [ 110.393079999999784, -7.876759999999475 ], [ 110.393229999999647, -7.87674 ], [ 110.393319999999193, -7.876829999999525 ], [ 110.39342000000029, -7.877000000000686 ], [ 110.393509999999836, -7.87717 ], [ 110.393669999999446, -7.877420000000983 ], [ 110.39379, -7.877570000000828 ], [ 110.393799999999786, -7.877720000000685 ], [ 110.39394, -7.877899999999781 ], [ 110.39400000000019, -7.878020000000386 ], [ 110.39408, -7.87807000000094 ], [ 110.394239999999598, -7.878090000000424 ], [ 110.394529999999548, -7.878090000000442 ], [ 110.39461999999908, -7.87811 ], [ 110.394720000000191, -7.878160000000477 ], [ 110.3970599999993, -7.878580000000781 ], [ 110.397259999999704, -7.878570000001043 ], [ 110.397479999999589, -7.878629999999522 ], [ 110.3976399999992, -7.878759999999875 ], [ 110.39768, -7.878890000000224 ], [ 110.39783999999959, -7.879320000000279 ], [ 110.397849999999337, -7.879559999999678 ], [ 110.39782, -7.87977999999957 ], [ 110.397769999999539, -7.880040000000277 ], [ 110.397650000000766, -7.880279999999672 ], [ 110.397489999999337, -7.880559999999885 ], [ 110.397329999999755, -7.880750000000534 ], [ 110.397259999999704, -7.880870000001143 ], [ 110.397220000000701, -7.88099 ], [ 110.397199999999387, -7.881120000000281 ], [ 110.39725, -7.881359999999687 ], [ 110.39731000000026, -7.88149 ], [ 110.397539999999893, -7.881789999999724 ], [ 110.397740000000297, -7.881990000000136 ], [ 110.397870000000651, -7.882170000001044 ], [ 110.39797, -7.882310000001151 ], [ 110.398069999999237, -7.882480000000483 ], [ 110.398100000000298, -7.882600000001096 ], [ 110.39811, -7.882780000000181 ], [ 110.398100000000298, -7.88293999999978 ], [ 110.398049999999742, -7.8831200000007 ], [ 110.39797, -7.88329 ], [ 110.397800000000601, -7.883659999999777 ], [ 110.397699999999503, -7.883860000000197 ], [ 110.397709999999236, -7.88405000000085 ], [ 110.39773000000055, -7.88416999999964 ], [ 110.397779999999287, -7.884340000000796 ], [ 110.397880000000399, -7.884449999999835 ], [ 110.3979999999992, -7.884560000000702 ], [ 110.398069999999237, -7.884669999999726 ], [ 110.398189999999843, -7.885689999999439 ], [ 110.39818, -7.88588 ], [ 110.39812999999954, -7.886080000000501 ], [ 110.398059999999489, -7.886249999999839 ], [ 110.397769999999539, -7.887310000000345 ], [ 110.397779999999287, -7.88751000000074 ], [ 110.397829999999843, -7.88761 ], [ 110.398199999999605, -7.888209999999435 ], [ 110.398300000000717, -7.8884 ], [ 110.398349999999439, -7.888639999999488 ], [ 110.3983800000005, -7.888859999999386 ], [ 110.39841999999949, -7.889040000000298 ], [ 110.398530000000363, -7.889219999999388 ], [ 110.398559999999605, -7.889330000000253 ], [ 110.398549999999858, -7.88948 ], [ 110.398499999999302, -7.88964999999944 ], [ 110.39841999999949, -7.88975000000056 ], [ 110.398349999999439, -7.889870000001165 ], [ 110.3979, -7.890390000000751 ], [ 110.39782, -7.890590000001165 ], [ 110.397800000000601, -7.890760000000506 ], [ 110.397650000000766, -7.891120000000496 ], [ 110.397489999999337, -7.891460000001012 ], [ 110.397199999999387, -7.891540000000808 ], [ 110.3971, -7.891690000000651 ], [ 110.396969999999754, -7.89222 ], [ 110.396759999999603, -7.892430000000151 ], [ 110.396699999999299, -7.892630000000562 ], [ 110.396650000000562, -7.893910000000964 ], [ 110.396679999999805, -7.89409 ], [ 110.39673000000036, -7.894230000000154 ], [ 110.396839999999386, -7.89431 ], [ 110.398269999999656, -7.895230000000361 ], [ 110.398499999999302, -7.895310000000148 ], [ 110.398750000000248, -7.895370000000458 ], [ 110.398890000000364, -7.895510000000557 ], [ 110.399020000000704, -7.895609999999846 ], [ 110.39906999999944, -7.895699999999403 ], [ 110.399129999999758, -7.895759999999707 ], [ 110.39923000000087, -7.895839999999505 ], [ 110.399320000000401, -7.895909999999547 ], [ 110.399400000000199, -7.895950000000356 ], [ 110.399499999999506, -7.896039999999898 ], [ 110.399590000000856, -7.896129999999446 ], [ 110.399690000000149, -7.896210000001076 ], [ 110.399779999999708, -7.896280000001109 ], [ 110.39988000000082, -7.896360000000913 ], [ 110.399970000000351, -7.89644000000072 ], [ 110.400079999999406, -7.896520000000519 ], [ 110.400159999999204, -7.89658000000081 ], [ 110.400349999999847, -7.896720000000922 ], [ 110.400530000000757, -7.896839999999709 ], [ 110.400659999999291, -7.896890000000268 ], [ 110.40078999999966, -7.896950000000556 ], [ 110.400970000000555, -7.897030000000361 ], [ 110.401139999999899, -7.897100000000417 ], [ 110.401270000000252, -7.89712 ], [ 110.401289999999747, -7.897300000000822 ], [ 110.401270000000252, -7.897440000000924 ], [ 110.401270000000252, -7.89755 ], [ 110.401239999999191, -7.897670000000558 ], [ 110.401229999999444, -7.897760000000115 ], [ 110.401219999999697, -7.89791 ], [ 110.401200000000202, -7.898030000000572 ], [ 110.401169999999141, -7.898150000001167 ], [ 110.401139999999899, -7.898320000000517 ], [ 110.401120000000418, -7.898460000000618 ], [ 110.401050000000367, -7.898579999999406 ], [ 110.401030000000873, -7.89870999999976 ], [ 110.400890000000757, -7.898970000000469 ], [ 110.400799999999407, -7.899170000000872 ], [ 110.400700000000114, -7.899340000000213 ], [ 110.400670000000858, -7.89942999999976 ], [ 110.400610000000555, -7.899590000001171 ], [ 110.40056, -7.899700000000212 ], [ 110.400509999999443, -7.899840000000312 ], [ 110.400449999999154, -7.89995000000117 ], [ 110.400400000000417, -7.900180000000815 ], [ 110.400240000000807, -7.900229999999559 ], [ 110.400089999999153, -7.90021 ], [ 110.398170000000349, -7.900200000000321 ], [ 110.397590000000463, -7.90007 ], [ 110.39715000000065, -7.9 ], [ 110.39497999999908, -7.899560000000108 ], [ 110.394739999999686, -7.899499999999811 ], [ 110.394490000000559, -7.899310000000964 ], [ 110.39415, -7.898999999999715 ], [ 110.39400000000019, -7.898730000001071 ], [ 110.393780000000291, -7.898600000000722 ], [ 110.393570000000153, -7.898569999999654 ], [ 110.39343, -7.89863 ], [ 110.392750000000845, -7.898870000001183 ], [ 110.392490000000137, -7.898810000000867 ], [ 110.392299999999494, -7.898750000000561 ], [ 110.392089999999342, -7.898730000001079 ], [ 110.39192, -7.898730000001065 ], [ 110.39177000000015, -7.8987 ], [ 110.391680000000605, -7.89869000000027 ], [ 110.39149, -7.898660000001021 ], [ 110.391390000000655, -7.898660000001025 ], [ 110.39127, -7.898620000000216 ], [ 110.39113, -7.898590000000969 ], [ 110.390950000000842, -7.89862000000021 ], [ 110.39084, -7.898670000000776 ], [ 110.39074000000069, -7.898730000001069 ], [ 110.390639999999578, -7.898760000000319 ], [ 110.390460000000502, -7.898800000001127 ], [ 110.390310000000639, -7.898830000000361 ], [ 110.39009000000074, -7.898840000000117 ], [ 110.389820000000299, -7.898820000000621 ], [ 110.389660000000688, -7.898789999999552 ], [ 110.389419999999475, -7.898750000000566 ], [ 110.389189999999843, -7.8987 ], [ 110.388709999999222, -7.898569999999662 ], [ 110.386249999999521, -7.898030000000558 ], [ 110.386270000000835, -7.898219999999399 ], [ 110.386379999999875, -7.898419999999807 ], [ 110.38645, -7.898579999999409 ], [ 110.386510000000243, -7.8987 ], [ 110.386609999999521, -7.898880000000917 ], [ 110.386689999999319, -7.899079999999501 ], [ 110.386780000000698, -7.899260000000414 ], [ 110.386990000000836, -7.899560000000108 ], [ 110.38709999999989, -7.899760000000516 ], [ 110.38730000000028, -7.899990000000169 ], [ 110.387419999999082, -7.900110000000779 ], [ 110.38753, -7.900219999999809 ], [ 110.387689999999537, -7.900320000000915 ], [ 110.387849999999119, -7.900460000001026 ], [ 110.388000000000801, -7.90063000000037 ], [ 110.388160000000383, -7.900830000000775 ], [ 110.38832, -7.901060000000411 ], [ 110.388430000000838, -7.901260000000819 ], [ 110.388539999999878, -7.901500000000217 ], [ 110.38861999999969, -7.901770000000672 ], [ 110.388629999999438, -7.901949999999764 ], [ 110.388559999999373, -7.902120000000927 ], [ 110.388450000000333, -7.902319999999503 ], [ 110.388360000000802, -7.902500000000412 ], [ 110.388220000000686, -7.902640000000527 ], [ 110.388039999999791, -7.902780000000619 ], [ 110.387860000000686, -7.902990000000774 ], [ 110.38759000000023, -7.90324 ], [ 110.38724, -7.903459999999809 ], [ 110.386889999999724, -7.903660000000212 ], [ 110.386510000000243, -7.90381 ], [ 110.385480000000797, -7.903730000000274 ], [ 110.384969999999129, -7.903700000001025 ], [ 110.384389999999215, -7.903679999999722 ], [ 110.383589999999415, -7.903730000000269 ], [ 110.38328, -7.90381 ], [ 110.38306, -7.903829999999566 ], [ 110.382729999999327, -7.903920000000931 ], [ 110.382279999999767, -7.904049999999457 ], [ 110.381950000000828, -7.90420000000114 ], [ 110.38162, -7.904430000000767 ], [ 110.381489999999729, -7.90481000000028 ], [ 110.381339999999867, -7.905210000001081 ], [ 110.38116000000079, -7.905600000000334 ], [ 110.380709999999411, -7.905259999999815 ], [ 110.380250000000132, -7.905559999999515 ], [ 110.380020000000471, -7.905640000001142 ], [ 110.377609999999507, -7.905090000000467 ], [ 110.377459999999672, -7.905049999999672 ], [ 110.377370000000113, -7.905030000000174 ], [ 110.377329999999304, -7.90511 ], [ 110.37727000000082, -7.905259999999816 ], [ 110.376669999999606, -7.906670000000584 ], [ 110.376529999999519, -7.90691 ], [ 110.376309999999606, -7.907030000000579 ], [ 110.376039999999151, -7.907310000000784 ], [ 110.375850000000327, -7.907349999999761 ], [ 110.375669999999403, -7.90731000000078 ], [ 110.375459999999251, -7.907600000000726 ], [ 110.37533000000073, -7.90760000000073 ], [ 110.375149999999806, -7.907520000000931 ], [ 110.374750000000816, -7.907390000000584 ], [ 110.374529999999098, -7.90741 ], [ 110.374509999999603, -7.907579999999424 ], [ 110.374400000000577, -7.908170000000885 ], [ 110.37435, -7.908320000000735 ], [ 110.374219999999653, -7.908470000000591 ], [ 110.374079999999566, -7.908470000000578 ], [ 110.373460000000676, -7.908410000000275 ], [ 110.373279999999752, -7.90367 ], [ 110.37325000000051, -7.90345 ], [ 110.373299999999247, -7.903249999999666 ], [ 110.373279999999752, -7.903050000001074 ], [ 110.374190000000411, -7.903259999999408 ], [ 110.374359999999768, -7.903290000000469 ], [ 110.374700000000274, -7.902850000000671 ], [ 110.374789999999805, -7.90288 ], [ 110.374970000000729, -7.902980000001036 ], [ 110.375169999999301, -7.903160000000129 ], [ 110.375149999999806, -7.903539999999607 ], [ 110.375210000000109, -7.903660000000216 ], [ 110.37533000000073, -7.903360000000521 ], [ 110.37536, -7.902809999999873 ], [ 110.375379999999453, -7.902609999999463 ], [ 110.375449999999503, -7.902490000000668 ], [ 110.375589999999619, -7.902239999999719 ], [ 110.375459999999251, -7.902120000000926 ], [ 110.375319999999164, -7.902099999999606 ], [ 110.375200000000362, -7.902130000000665 ], [ 110.375120000000564, -7.902270000000766 ], [ 110.375060000000261, -7.902350000000578 ], [ 110.374990000000224, -7.902430000000366 ], [ 110.374920000000174, -7.90252 ], [ 110.3748099999993, -7.902449999999864 ], [ 110.374789999999805, -7.902309999999767 ], [ 110.374830000000614, -7.902169999999662 ], [ 110.374499999999856, -7.902169999999667 ], [ 110.373929999999703, -7.90194 ], [ 110.373310000000814, -7.901949999999764 ], [ 110.37298, -7.901830000000976 ], [ 110.372900000000257, -7.901490000000469 ], [ 110.37296000000056, -7.90093 ], [ 110.372970000000308, -7.900410000000457 ], [ 110.372929999999499, -7.900190000000565 ], [ 110.372779999999665, -7.90014999999976 ], [ 110.372129999999714, -7.899970000000662 ], [ 110.37241999999965, -7.897730000000863 ], [ 110.372460000000473, -7.897499999999394 ], [ 110.372559999999766, -7.897450000000663 ], [ 110.375850000000327, -7.897760000000103 ], [ 110.376019999999656, -7.89779000000117 ], [ 110.376099999999454, -7.897849999999659 ], [ 110.376099999999454, -7.898010000001075 ], [ 110.37608, -7.898129999999856 ], [ 110.37591000000063, -7.898520000000928 ], [ 110.375920000000377, -7.898730000001077 ], [ 110.376070000000212, -7.898880000000923 ], [ 110.37627000000063, -7.898939999999406 ], [ 110.376420000000465, -7.89892 ], [ 110.376659999999859, -7.898610000000462 ], [ 110.37678000000048, -7.898370000001071 ], [ 110.376809999999722, -7.898250000000461 ], [ 110.37772000000038, -7.898320000000507 ], [ 110.377899999999457, -7.898219999999407 ], [ 110.377940000000265, -7.898069999999564 ], [ 110.37795, -7.897880000000725 ], [ 110.378039999999572, -7.897639999999512 ], [ 110.378720000000584, -7.897720000001115 ], [ 110.378800000000368, -7.897419999999598 ], [ 110.377010000000112, -7.897129999999645 ], [ 110.37688999999952, -7.897080000000919 ], [ 110.376920000000567, -7.896950000000565 ], [ 110.37723, -7.896230000000557 ], [ 110.377239999999759, -7.896090000000456 ], [ 110.377029999999607, -7.895930000000862 ], [ 110.376969999999304, -7.895769999999454 ], [ 110.37687, -7.895630000001169 ], [ 110.37678000000048, -7.89553 ], [ 110.376469999999216, -7.895130000001065 ], [ 110.375969999999114, -7.894759999999495 ], [ 110.375879999999569, -7.894710000000756 ], [ 110.375809999999504, -7.894560000000921 ], [ 110.375809999999504, -7.894459999999809 ], [ 110.375899999999064, -7.894109999999541 ], [ 110.375850000000327, -7.89400000000051 ], [ 110.375729999999706, -7.893959999999708 ], [ 110.375050000000513, -7.893830000001172 ], [ 110.374889999999098, -7.893770000000869 ], [ 110.374840000000361, -7.893690000001072 ], [ 110.3748099999993, -7.89353999999939 ], [ 110.374850000000109, -7.893410000000854 ], [ 110.375060000000261, -7.8933 ], [ 110.37533000000073, -7.893019999999802 ], [ 110.375439999999756, -7.892930000000255 ], [ 110.375379999999453, -7.892819999999389 ], [ 110.375249999999113, -7.892630000000551 ], [ 110.375239999999366, -7.89251 ], [ 110.375379999999453, -7.892270000000562 ], [ 110.3755, -7.89213000000045 ], [ 110.375710000000211, -7.892159999999698 ], [ 110.376039999999151, -7.89218000000101 ], [ 110.376299999999858, -7.892019999999595 ], [ 110.376350000000414, -7.891820000001015 ], [ 110.37637, -7.891680000000906 ], [ 110.376529999999519, -7.891359999999899 ], [ 110.376770000000718, -7.89143 ], [ 110.378160000000165, -7.890950000001162 ], [ 110.378319999999761, -7.890880000001114 ], [ 110.37840999999932, -7.890579999999597 ], [ 110.378440000000381, -7.89035 ], [ 110.37838, -7.890270000000157 ], [ 110.374939999999668, -7.889840000000106 ], [ 110.375490000000312, -7.882579999999781 ], [ 110.376169999999519, -7.882589999999539 ], [ 110.376550000000833, -7.88170000000019 ], [ 110.376609999999303, -7.881499999999776 ], [ 110.376679999999354, -7.88113 ], [ 110.376640000000364, -7.88077 ], [ 110.376589999999823, -7.880460000000579 ], [ 110.37661999999905, -7.880080000001092 ], [ 110.376669999999606, -7.879970000000233 ], [ 110.376749999999404, -7.87976 ], [ 110.376899999999267, -7.879489999999634 ], [ 110.377080000000163, -7.87926 ], [ 110.37714000000048, -7.87904 ], [ 110.37717999999947, -7.87883 ], [ 110.37717999999947, -7.878590000000535 ], [ 110.377119999999167, -7.87832 ], [ 110.377119999999167, -7.87811 ], [ 110.377130000000733, -7.877780000000983 ], [ 110.37723, -7.87681 ], [ 110.377239999999759, -7.876590000000121 ], [ 110.37727000000082, -7.876280000000683 ], [ 110.377259999999254, -7.876140000000571 ], [ 110.377220000000264, -7.876029999999728 ], [ 110.377119999999167, -7.875669999999722 ], [ 110.377060000000668, -7.875480000000879 ], [ 110.377119999999167, -7.875150000000126 ], [ 110.377080000000163, -7.874610000001036 ], [ 110.377119999999167, -7.874190000000735 ], [ 110.37716, -7.873970000000824 ], [ 110.377239999999759, -7.87370000000037 ], [ 110.377500000000481, -7.873540000000781 ], [ 110.377940000000265, -7.873560000000269 ], [ 110.378290000000518, -7.873610000000827 ], [ 110.37853999999966, -7.87364 ], [ 110.379000000000786, -7.873649999999823 ], [ 110.379230000000419, -7.873649999999818 ], [ 110.379639999999171, -7.87374000000119 ], [ 110.379979999999676, -7.87380999999941 ], [ 110.380269999999626, -7.873840000000472 ], [ 110.38054, -7.873949999999525 ], [ 110.380769999999714, -7.874040000000881 ], [ 110.381030000000422, -7.873960000001081 ] ] ] } },
{ "type": "Feature", "properties": { "KECAMATAN": "Pleret", "DESA": "Segoroyoso", "Sektor": "Imogiri" }, "geometry": { "type": "Polygon", "coordinates": [ [ [ 110.422420000000756, -7.893360000000313 ], [ 110.42209, -7.893379999999803 ], [ 110.415440000000629, -7.895500000000808 ], [ 110.415080000000643, -7.895510000000568 ], [ 110.414790000000679, -7.895539999999798 ], [ 110.414510000000476, -7.895570000000869 ], [ 110.414290000000577, -7.895640000000907 ], [ 110.414090000000186, -7.89568 ], [ 110.413790000000489, -7.895839999999509 ], [ 110.413430000000488, -7.896160000000506 ], [ 110.413109999999477, -7.896350000001159 ], [ 110.412790000000285, -7.896510000000769 ], [ 110.412529999999578, -7.896619999999801 ], [ 110.412280000000436, -7.896689999999854 ], [ 110.411980000000739, -7.896710000001169 ], [ 110.411739999999511, -7.896699999999593 ], [ 110.411410000000572, -7.89668999999985 ], [ 110.40755999999962, -7.895940000000618 ], [ 110.407279999999417, -7.895950000000364 ], [ 110.407080000000818, -7.895920000001122 ], [ 110.405329999999552, -7.895560000001119 ], [ 110.404300000000106, -7.895630000001171 ], [ 110.404010000000156, -7.895600000000111 ], [ 110.403850000000574, -7.895689999999653 ], [ 110.403580000000119, -7.895950000000362 ], [ 110.40250999999985, -7.89666000000062 ], [ 110.40214999999985, -7.896839999999711 ], [ 110.401270000000252, -7.89712 ], [ 110.401139999999899, -7.897100000000417 ], [ 110.400970000000555, -7.897030000000361 ], [ 110.40078999999966, -7.896950000000556 ], [ 110.400659999999291, -7.896890000000268 ], [ 110.400530000000757, -7.896839999999709 ], [ 110.400349999999847, -7.896720000000922 ], [ 110.400159999999204, -7.89658000000081 ], [ 110.400079999999406, -7.896520000000519 ], [ 110.399970000000351, -7.89644000000072 ], [ 110.39988000000082, -7.896360000000913 ], [ 110.399779999999708, -7.896280000001109 ], [ 110.399690000000149, -7.896210000001076 ], [ 110.399590000000856, -7.896129999999446 ], [ 110.399499999999506, -7.896039999999898 ], [ 110.399400000000199, -7.895950000000356 ], [ 110.399320000000401, -7.895909999999547 ], [ 110.39923000000087, -7.895839999999505 ], [ 110.399129999999758, -7.895759999999707 ], [ 110.39906999999944, -7.895699999999403 ], [ 110.399020000000704, -7.895609999999846 ], [ 110.398890000000364, -7.895510000000557 ], [ 110.398750000000248, -7.895370000000458 ], [ 110.398499999999302, -7.895310000000148 ], [ 110.398269999999656, -7.895230000000361 ], [ 110.396839999999386, -7.89431 ], [ 110.39673000000036, -7.894230000000154 ], [ 110.396679999999805, -7.89409 ], [ 110.396650000000562, -7.893910000000964 ], [ 110.396699999999299, -7.892630000000562 ], [ 110.396759999999603, -7.892430000000151 ], [ 110.396969999999754, -7.89222 ], [ 110.3971, -7.891690000000651 ], [ 110.397199999999387, -7.891540000000808 ], [ 110.397489999999337, -7.891460000001012 ], [ 110.397650000000766, -7.891120000000496 ], [ 110.397800000000601, -7.890760000000506 ], [ 110.39782, -7.890590000001165 ], [ 110.3979, -7.890390000000751 ], [ 110.398349999999439, -7.889870000001165 ], [ 110.39841999999949, -7.88975000000056 ], [ 110.398499999999302, -7.88964999999944 ], [ 110.398549999999858, -7.88948 ], [ 110.398559999999605, -7.889330000000253 ], [ 110.398530000000363, -7.889219999999388 ], [ 110.39841999999949, -7.889040000000298 ], [ 110.3983800000005, -7.888859999999386 ], [ 110.398349999999439, -7.888639999999488 ], [ 110.398300000000717, -7.8884 ], [ 110.398199999999605, -7.888209999999435 ], [ 110.397829999999843, -7.88761 ], [ 110.397779999999287, -7.88751000000074 ], [ 110.397769999999539, -7.887310000000345 ], [ 110.398059999999489, -7.886249999999839 ], [ 110.39812999999954, -7.886080000000501 ], [ 110.39818, -7.88588 ], [ 110.398189999999843, -7.885689999999439 ], [ 110.398069999999237, -7.884669999999726 ], [ 110.3979999999992, -7.884560000000702 ], [ 110.397880000000399, -7.884449999999835 ], [ 110.397779999999287, -7.884340000000796 ], [ 110.39773000000055, -7.88416999999964 ], [ 110.397709999999236, -7.88405000000085 ], [ 110.397699999999503, -7.883860000000197 ], [ 110.397800000000601, -7.883659999999777 ], [ 110.39797, -7.88329 ], [ 110.398049999999742, -7.8831200000007 ], [ 110.398100000000298, -7.88293999999978 ], [ 110.39811, -7.882780000000181 ], [ 110.398100000000298, -7.882600000001096 ], [ 110.398069999999237, -7.882480000000483 ], [ 110.39797, -7.882310000001151 ], [ 110.397870000000651, -7.882170000001044 ], [ 110.397740000000297, -7.881990000000136 ], [ 110.397539999999893, -7.881789999999724 ], [ 110.39731000000026, -7.88149 ], [ 110.39725, -7.881359999999687 ], [ 110.397199999999387, -7.881120000000281 ], [ 110.397220000000701, -7.88099 ], [ 110.397259999999704, -7.880870000001143 ], [ 110.397329999999755, -7.880750000000534 ], [ 110.397489999999337, -7.880559999999885 ], [ 110.397650000000766, -7.880279999999672 ], [ 110.397769999999539, -7.880040000000277 ], [ 110.39782, -7.87977999999957 ], [ 110.397849999999337, -7.879559999999678 ], [ 110.39783999999959, -7.879320000000279 ], [ 110.39768, -7.878890000000224 ], [ 110.3976399999992, -7.878759999999875 ], [ 110.397479999999589, -7.878629999999522 ], [ 110.397259999999704, -7.878570000001043 ], [ 110.3970599999993, -7.878580000000781 ], [ 110.394720000000191, -7.878160000000477 ], [ 110.39461999999908, -7.87811 ], [ 110.394529999999548, -7.878090000000442 ], [ 110.394239999999598, -7.878090000000424 ], [ 110.39408, -7.87807000000094 ], [ 110.39400000000019, -7.878020000000386 ], [ 110.39394, -7.877899999999781 ], [ 110.394259999999093, -7.876819999999775 ], [ 110.39444, -7.87646999999951 ], [ 110.394710000000444, -7.876280000000683 ], [ 110.394969999999333, -7.876239999999868 ], [ 110.395239999999788, -7.876259999999362 ], [ 110.39545, -7.876389999999725 ], [ 110.39574, -7.876630000000929 ], [ 110.39617, -7.87703 ], [ 110.396539999999689, -7.877399999999668 ], [ 110.397119999999589, -7.877880000000271 ], [ 110.39760000000021, -7.878140000000994 ], [ 110.39818, -7.87832 ], [ 110.39876, -7.878800000000692 ], [ 110.399349999999643, -7.879150000000942 ], [ 110.39998, -7.879279999999465 ], [ 110.400649999999544, -7.879380000000592 ], [ 110.401340000000317, -7.87952000000069 ], [ 110.402159999999597, -7.879730000000835 ], [ 110.403410000000761, -7.880129999999824 ], [ 110.40423, -7.880470000000331 ], [ 110.405210000000764, -7.880559999999875 ], [ 110.405839999999401, -7.880370000001046 ], [ 110.405969999999769, -7.880279999999684 ], [ 110.406059999999314, -7.880209999999623 ], [ 110.406189999999654, -7.88005 ], [ 110.406349999999264, -7.879790000001147 ], [ 110.406670000000275, -7.879349999999531 ], [ 110.406870000000666, -7.879059999999567 ], [ 110.406929999999164, -7.878730000000641 ], [ 110.407090000000565, -7.878350000001134 ], [ 110.407289999999165, -7.877899999999767 ], [ 110.407509999999064, -7.877329999999612 ], [ 110.407869999999065, -7.877070000000733 ], [ 110.408250000000379, -7.87688 ], [ 110.408540000000329, -7.876840000001081 ], [ 110.40913, -7.876679999999669 ], [ 110.409750000000685, -7.876420000000778 ], [ 110.410190000000469, -7.87616 ], [ 110.410690000000585, -7.875940000000177 ], [ 110.411620000000738, -7.87667 ], [ 110.412850000000589, -7.876979999999378 ], [ 110.412619999999109, -7.877940000000587 ], [ 110.413660000000121, -7.878150000000728 ], [ 110.414029999999883, -7.877189999999518 ], [ 110.414380000000136, -7.877339999999365 ], [ 110.41415000000049, -7.878360000000889 ], [ 110.416300000000746, -7.87883 ], [ 110.416419999999519, -7.87847 ], [ 110.418289999999573, -7.8789 ], [ 110.418289999999573, -7.87926 ], [ 110.41863, -7.87933 ], [ 110.418929999999776, -7.87933 ], [ 110.41921, -7.87932000000028 ], [ 110.424049999999596, -7.881390000000736 ], [ 110.424699999999547, -7.881990000000128 ], [ 110.424800000000644, -7.88214 ], [ 110.424810000000392, -7.882310000001151 ], [ 110.42475, -7.882449999999425 ], [ 110.424370000000607, -7.882890000001044 ], [ 110.424100000000152, -7.883060000000391 ], [ 110.423979999999545, -7.883140000000189 ], [ 110.42382, -7.88315 ], [ 110.423629999999278, -7.883120000000695 ], [ 110.42276999999919, -7.882719999999892 ], [ 110.422529999999796, -7.882690000000634 ], [ 110.42231999999963, -7.882729999999627 ], [ 110.421780000000538, -7.882990000000347 ], [ 110.421290000000198, -7.88315 ], [ 110.421179999999339, -7.883190000000751 ], [ 110.420980000000753, -7.883239999999475 ], [ 110.420739999999526, -7.883239999999483 ], [ 110.420449999999576, -7.883299999999786 ], [ 110.420239999999438, -7.883430000000134 ], [ 110.420089999999576, -7.883459999999376 ], [ 110.419830000000687, -7.883570000000247 ], [ 110.419659999999539, -7.883680000001098 ], [ 110.419410000000397, -7.883819999999385 ], [ 110.41916999999917, -7.884029999999542 ], [ 110.419219999999726, -7.884400000001098 ], [ 110.419490000000181, -7.88509 ], [ 110.41957, -7.885270000000946 ], [ 110.419700000000347, -7.88552999999984 ], [ 110.41986, -7.885660000000198 ], [ 110.420120000000637, -7.885889999999837 ], [ 110.420299999999742, -7.88597999999938 ], [ 110.420500000000132, -7.8861 ], [ 110.420620000000753, -7.8861600000003 ], [ 110.420889999999389, -7.886440000000486 ], [ 110.421130000000588, -7.886899999999793 ], [ 110.421480000000841, -7.887479999999689 ], [ 110.42209, -7.88826 ], [ 110.422560000000843, -7.888880000000699 ], [ 110.422889999999782, -7.889429999999531 ], [ 110.423000000000641, -7.889709999999746 ], [ 110.423070000000706, -7.890040000000497 ], [ 110.423080000000454, -7.890289999999652 ], [ 110.423049999999392, -7.890470000000549 ], [ 110.423029999999898, -7.890719999999701 ], [ 110.423029999999898, -7.890999999999888 ], [ 110.42267999999963, -7.892210000000252 ], [ 110.422619999999327, -7.892400000000903 ], [ 110.42252, -7.892630000000557 ], [ 110.422459999999745, -7.892920000000506 ], [ 110.422420000000756, -7.893360000000313 ] ] ] } },
{ "type": "Feature", "properties": { "KECAMATAN": "Bantul", "DESA": "Ringinharjo", "Sektor": "Bantul" }, "geometry": { "type": "Polygon", "coordinates": [ [ [ 110.318740000000588, -7.87882000000018 ], [ 110.321169999999213, -7.87947000000013 ], [ 110.320729999999415, -7.880579999999381 ], [ 110.320569999999819, -7.880890000000636 ], [ 110.320449999999212, -7.881219999999581 ], [ 110.320260000000374, -7.882079999999673 ], [ 110.320229999999313, -7.8825 ], [ 110.320180000000576, -7.882820000001001 ], [ 110.320139999999768, -7.883050000000647 ], [ 110.320599999999075, -7.88286 ], [ 110.32085, -7.8825 ], [ 110.32098000000039, -7.88236999999963 ], [ 110.32121, -7.882250000000841 ], [ 110.321439999999669, -7.882299999999576 ], [ 110.321610000000845, -7.882369999999632 ], [ 110.321739999999366, -7.882420000000185 ], [ 110.321819999999178, -7.882449999999428 ], [ 110.321190000000527, -7.884449999999839 ], [ 110.321219999999784, -7.884630000000746 ], [ 110.321350000000123, -7.884840000000893 ], [ 110.32164, -7.885050000001049 ], [ 110.321869999999734, -7.885190000001152 ], [ 110.322009999999821, -7.88523999999988 ], [ 110.32251, -7.883879999999693 ], [ 110.32263000000053, -7.883739999999577 ], [ 110.322920000000479, -7.88372 ], [ 110.323210000000429, -7.883760000000898 ], [ 110.32344, -7.883809999999625 ], [ 110.32360999999942, -7.88397000000104 ], [ 110.323720000000293, -7.88423 ], [ 110.323739999999788, -7.884379999999777 ], [ 110.323539999999369, -7.885130000000848 ], [ 110.323459999999585, -7.885430000000545 ], [ 110.324039999999485, -7.885619999999388 ], [ 110.324179999999572, -7.885550000001157 ], [ 110.32431, -7.8853600000005 ], [ 110.324479999999269, -7.88509 ], [ 110.324769999999219, -7.884669999999734 ], [ 110.325430000000736, -7.88481999999959 ], [ 110.325479999999473, -7.884959999999685 ], [ 110.32565000000065, -7.88509 ], [ 110.326409999999626, -7.88531 ], [ 110.325969999999842, -7.886940000000606 ], [ 110.3259400000006, -7.887280000001105 ], [ 110.325989999999322, -7.887440000000705 ], [ 110.326119999999676, -7.887570000001046 ], [ 110.326259999999792, -7.887660000000605 ], [ 110.326919999999475, -7.888100000000397 ], [ 110.326890000000247, -7.888450000000648 ], [ 110.326859999999186, -7.888660000000801 ], [ 110.326689999999829, -7.888870000000952 ], [ 110.326399999999879, -7.888989999999751 ], [ 110.326129999999424, -7.889100000000602 ], [ 110.325989999999322, -7.889209999999647 ], [ 110.32596, -7.88934 ], [ 110.326030000000131, -7.88948 ], [ 110.32618, -7.889660000001006 ], [ 110.326399999999879, -7.889789999999544 ], [ 110.326479999999691, -7.890100000000805 ], [ 110.326310000000333, -7.890509999999549 ], [ 110.326259999999792, -7.89071 ], [ 110.326199999999488, -7.890920000000104 ], [ 110.326269999999539, -7.891120000000512 ], [ 110.326409999999626, -7.89143 ], [ 110.326489999999438, -7.891670000001157 ], [ 110.326429999999121, -7.8919800000006 ], [ 110.325810000000232, -7.893449999999856 ], [ 110.325759999999676, -7.893640000000507 ], [ 110.326119999999676, -7.893690000001061 ], [ 110.32654, -7.893749999999544 ], [ 110.326810000000449, -7.893780000000604 ], [ 110.32697, -7.89402 ], [ 110.326989999999526, -7.894230000000157 ], [ 110.326909999999742, -7.894459999999803 ], [ 110.326810000000449, -7.894679999999705 ], [ 110.32661, -7.895130000001073 ], [ 110.326429999999121, -7.89539999999971 ], [ 110.326399999999879, -7.895510000000568 ], [ 110.326530000000247, -7.895720000000721 ], [ 110.327279999999476, -7.895810000000257 ], [ 110.327390000000335, -7.895930000000864 ], [ 110.327479999999895, -7.896160000000508 ], [ 110.327439999999086, -7.896329999999851 ], [ 110.327289999999223, -7.897150000000972 ], [ 110.327289999999223, -7.89725000000027 ], [ 110.324989999999133, -7.896860000001021 ], [ 110.32483999999927, -7.896670000000366 ], [ 110.324699999999183, -7.896650000000863 ], [ 110.324060000000799, -7.896339999999605 ], [ 110.323430000000343, -7.89769 ], [ 110.322369999999822, -7.897269999999762 ], [ 110.322169999999431, -7.897150000000974 ], [ 110.322130000000442, -7.896940000000815 ], [ 110.32221000000024, -7.89666000000062 ], [ 110.32236, -7.896269999999548 ], [ 110.32121, -7.89602000000041 ], [ 110.320809999999213, -7.89609000000046 ], [ 110.320390000000742, -7.89604 ], [ 110.31984, -7.89589 ], [ 110.319530000000626, -7.897000000001126 ], [ 110.31948, -7.897209999999458 ], [ 110.31948, -7.897360000001112 ], [ 110.319540000000373, -7.897540000000211 ], [ 110.319709999999731, -7.897730000000875 ], [ 110.320639999999884, -7.898190000000167 ], [ 110.320030000000742, -7.899429999999755 ], [ 110.319890000000626, -7.899659999999403 ], [ 110.319949999999125, -7.899920000000108 ], [ 110.320190000000323, -7.900110000000777 ], [ 110.320110000000525, -7.900340000000425 ], [ 110.319910000000121, -7.900340000000412 ], [ 110.318680000000271, -7.900159999999497 ], [ 110.318639999999462, -7.900019999999408 ], [ 110.318680000000271, -7.89985 ], [ 110.31890000000017, -7.899330000000472 ], [ 110.318359999999259, -7.899230000001171 ], [ 110.318129999999627, -7.899120000000316 ], [ 110.318079999999057, -7.898980000000207 ], [ 110.318090000000623, -7.898779999999815 ], [ 110.31855, -7.89651000000076 ], [ 110.318530000000436, -7.896339999999609 ], [ 110.318370000000826, -7.89622000000081 ], [ 110.317479999999676, -7.895580000000617 ], [ 110.317240000000282, -7.89549000000106 ], [ 110.317020000000369, -7.89539 ], [ 110.316979999999575, -7.895290000000664 ], [ 110.317209999999221, -7.89409 ], [ 110.31711, -7.89395 ], [ 110.316849999999221, -7.893889999999649 ], [ 110.316119999999458, -7.894060000000808 ], [ 110.315629999999118, -7.89409 ], [ 110.315290000000417, -7.89412000000112 ], [ 110.31502, -7.894469999999559 ], [ 110.314860000000365, -7.894720000000506 ], [ 110.314720000000278, -7.895189999999539 ], [ 110.31467999999947, -7.89531000000016 ], [ 110.313959999999454, -7.896360000000923 ], [ 110.313350000000312, -7.896380000000421 ], [ 110.312970000000817, -7.89643000000096 ], [ 110.312359999999856, -7.896409999999653 ], [ 110.312270000000325, -7.896310000000363 ], [ 110.312060000000159, -7.896170000000252 ], [ 110.311760000000461, -7.89611 ], [ 110.311499999999754, -7.896049999999654 ], [ 110.311240000000865, -7.895990000001164 ], [ 110.310910000000106, -7.895920000001119 ], [ 110.310719999999463, -7.895829999999753 ], [ 110.310610000000409, -7.895689999999647 ], [ 110.310719999999463, -7.895140000000807 ], [ 110.310900000000359, -7.894819999999796 ], [ 110.31106, -7.8946 ], [ 110.311139999999753, -7.894420000000809 ], [ 110.311229999999298, -7.89424 ], [ 110.311330000000424, -7.89409 ], [ 110.311379999999161, -7.893720000000311 ], [ 110.311369999999414, -7.893539999999394 ], [ 110.311369999999414, -7.893350000000559 ], [ 110.311320000000677, -7.892529999999448 ], [ 110.311270000000121, -7.89208 ], [ 110.311240000000865, -7.891900000000813 ], [ 110.311219999999551, -7.891719999999892 ], [ 110.311229999999298, -7.89158999999954 ], [ 110.311209999999804, -7.891390000000961 ], [ 110.311100000000764, -7.891270000000343 ], [ 110.310999999999666, -7.890670000000955 ], [ 110.31155000000031, -7.889960000000699 ], [ 110.311659999999364, -7.889719999999492 ], [ 110.311770000000209, -7.889429999999545 ], [ 110.311859999999754, -7.88917000000066 ], [ 110.311990000000122, -7.888870000000951 ], [ 110.312050000000411, -7.88869 ], [ 110.31207, -7.888540000000192 ], [ 110.31207, -7.888209999999441 ], [ 110.312040000000664, -7.88797999999979 ], [ 110.311770000000209, -7.887269999999536 ], [ 110.3117299999994, -7.887039999999895 ], [ 110.311649999999617, -7.886790000000749 ], [ 110.311530000000815, -7.88675 ], [ 110.311240000000865, -7.886679999999884 ], [ 110.311019999999161, -7.886549999999542 ], [ 110.310980000000171, -7.886360000000701 ], [ 110.311120000000258, -7.886200000001101 ], [ 110.311299999999363, -7.886249999999833 ], [ 110.311159999999248, -7.886049999999434 ], [ 110.31094999999911, -7.885979999999384 ], [ 110.310760000000272, -7.886160000000301 ], [ 110.310550000000106, -7.886220000000605 ], [ 110.310460000000575, -7.886060000001005 ], [ 110.310450000000827, -7.885870000000348 ], [ 110.310219999999347, -7.885570000000639 ], [ 110.309950000000711, -7.885430000000551 ], [ 110.309880000000661, -7.885259999999384 ], [ 110.309950000000711, -7.88495 ], [ 110.310219999999347, -7.884840000000897 ], [ 110.310540000000358, -7.884840000000895 ], [ 110.310830000000308, -7.884860000000389 ], [ 110.311030000000727, -7.88471000000054 ], [ 110.311100000000764, -7.88444 ], [ 110.311079999999464, -7.884319999999491 ], [ 110.3111499999995, -7.88408 ], [ 110.311369999999414, -7.883900000000988 ], [ 110.31142, -7.883459999999372 ], [ 110.31126000000036, -7.883320000001103 ], [ 110.31106, -7.883070000000129 ], [ 110.310779999999752, -7.882879999999487 ], [ 110.310589999999095, -7.882670000001148 ], [ 110.310540000000358, -7.882379999999374 ], [ 110.310729999999211, -7.882040000000684 ], [ 110.310880000000864, -7.881700000000184 ], [ 110.311050000000222, -7.881509999999522 ], [ 110.31126000000036, -7.881439999999484 ], [ 110.31143999999945, -7.881480000000282 ], [ 110.311669999999111, -7.881530000000846 ], [ 110.31185, -7.881509999999528 ], [ 110.312060000000159, -7.881659999999374 ], [ 110.31225000000083, -7.88185 ], [ 110.312470000000715, -7.882019999999377 ], [ 110.312710000000109, -7.882120000000488 ], [ 110.313039999999049, -7.88213000000024 ], [ 110.313439999999872, -7.882110000000742 ], [ 110.313790000000125, -7.88200999999963 ], [ 110.314130000000631, -7.881970000000644 ], [ 110.314780000000582, -7.881649999999628 ], [ 110.315070000000532, -7.88113 ], [ 110.315220000000366, -7.88085999999957 ], [ 110.315430000000532, -7.880569999999635 ], [ 110.315590000000114, -7.880359999999476 ], [ 110.315819999999761, -7.879880000000689 ], [ 110.316189999999509, -7.878950000000528 ], [ 110.316279999999068, -7.878650000000829 ], [ 110.316370000000418, -7.878419999999377 ], [ 110.316539999999776, -7.87832999999982 ], [ 110.316740000000166, -7.878329999999822 ], [ 110.317049999999611, -7.878370000000644 ], [ 110.318740000000588, -7.87882000000018 ] ] ] } },
{ "type": "Feature", "properties": { "KECAMATAN": "Bantul", "DESA": "Trirenggo", "Sektor": "Bantul" }, "geometry": { "type": "Polygon", "coordinates": [ [ [ 110.350850000000676, -7.886140000000793 ], [ 110.350749999999579, -7.88637000000045 ], [ 110.35054999999916, -7.886679999999893 ], [ 110.350479999999123, -7.886899999999789 ], [ 110.350399999999325, -7.887189999999744 ], [ 110.350379999999831, -7.887440000000703 ], [ 110.350430000000387, -7.887790000000956 ], [ 110.350479999999123, -7.888059999999594 ], [ 110.350430000000387, -7.888290000001057 ], [ 110.350360000000322, -7.888499999999389 ], [ 110.350179999999426, -7.888769999999845 ], [ 110.34996999999926, -7.888989999999736 ], [ 110.349739999999613, -7.889240000000698 ], [ 110.349570000000284, -7.889470000000351 ], [ 110.349480000000739, -7.8897 ], [ 110.349399999999108, -7.889950000000953 ], [ 110.349430000000169, -7.890260000000396 ], [ 110.349519999999728, -7.890509999999548 ], [ 110.349659999999815, -7.890750000000757 ], [ 110.350080000000133, -7.89128 ], [ 110.350249999999463, -7.891439999999688 ], [ 110.350350000000574, -7.89164999999984 ], [ 110.350389999999578, -7.891760000000713 ], [ 110.35037, -7.891939999999793 ], [ 110.3503, -7.892019999999595 ], [ 110.35016, -7.892140000000198 ], [ 110.349959999999513, -7.892340000000616 ], [ 110.34987, -7.892630000000554 ], [ 110.349759999999122, -7.893040000001111 ], [ 110.349620000000826, -7.893570000000466 ], [ 110.349529999999476, -7.89388 ], [ 110.34938999999936, -7.894080000000304 ], [ 110.349140000000233, -7.894290000000463 ], [ 110.349009999999865, -7.894399999999504 ], [ 110.348840000000536, -7.894609999999656 ], [ 110.348770000000471, -7.894920000000913 ], [ 110.348679999999106, -7.895220000000617 ], [ 110.348690000000673, -7.895490000001068 ], [ 110.34872, -7.895670000000163 ], [ 110.348760000000723, -7.895810000000259 ], [ 110.34893, -7.896380000000414 ], [ 110.349019999999612, -7.896629999999556 ], [ 110.349169999999475, -7.896989999999559 ], [ 110.34915, -7.897150000000967 ], [ 110.349130000000471, -7.897360000001126 ], [ 110.34909999999941, -7.897590000000765 ], [ 110.348850000000283, -7.897580000001015 ], [ 110.34860999999907, -7.897590000000759 ], [ 110.348309999999373, -7.897390000000368 ], [ 110.348110000000773, -7.897320000000318 ], [ 110.347929999999877, -7.897310000000556 ], [ 110.347799999999509, -7.897320000000312 ], [ 110.347719999999725, -7.897800000000918 ], [ 110.348889999999273, -7.898020000000811 ], [ 110.349130000000471, -7.897999999999509 ], [ 110.349309999999562, -7.89795000000076 ], [ 110.349539999999223, -7.89805 ], [ 110.34951, -7.898370000001061 ], [ 110.34951, -7.898470000000359 ], [ 110.351220000000424, -7.898890000000665 ], [ 110.351510000000374, -7.898890000000669 ], [ 110.351619999999429, -7.898950000000975 ], [ 110.35174, -7.899050000000261 ], [ 110.351880000000122, -7.899069999999763 ], [ 110.352000000000743, -7.899009999999447 ], [ 110.352090000000274, -7.898910000000157 ], [ 110.352209999999062, -7.899040000000515 ], [ 110.352349999999177, -7.899209999999854 ], [ 110.352469999999769, -7.899460000000821 ], [ 110.352549999999567, -7.899670000000968 ], [ 110.352699999999416, -7.899890000000878 ], [ 110.353419999999417, -7.899980000000414 ], [ 110.35340999999967, -7.900120000000521 ], [ 110.353419999999417, -7.900560000000317 ], [ 110.353289999999078, -7.900610000000873 ], [ 110.353059999999417, -7.900700000000414 ], [ 110.352810000000275, -7.900760000000725 ], [ 110.352650000000693, -7.900700000000421 ], [ 110.35246, -7.90057 ], [ 110.352730000000477, -7.902470000001171 ], [ 110.352619999999632, -7.90276000000112 ], [ 110.352469999999769, -7.902990000000776 ], [ 110.35233999999943, -7.903109999999562 ], [ 110.352179999999819, -7.903280000000721 ], [ 110.351969999999682, -7.903500000000619 ], [ 110.351829999999566, -7.903910000001177 ], [ 110.351930000000678, -7.904189999999572 ], [ 110.351969999999682, -7.904360000000724 ], [ 110.352070000000793, -7.904850000001074 ], [ 110.352150000000577, -7.905240000000319 ], [ 110.35196, -7.905689999999878 ], [ 110.351039999999529, -7.90626 ], [ 110.350650000000272, -7.906269999999767 ], [ 110.35049000000069, -7.906209999999462 ], [ 110.350290000000271, -7.906100000000426 ], [ 110.350080000000133, -7.90597 ], [ 110.349710000000371, -7.905810000000483 ], [ 110.349089999999663, -7.90557000000108 ], [ 110.348939999999828, -7.905559999999525 ], [ 110.34879, -7.905619999999812 ], [ 110.348550000000586, -7.905640000001126 ], [ 110.348200000000318, -7.90561999999981 ], [ 110.348, -7.905570000001083 ], [ 110.347799999999509, -7.905510000000776 ], [ 110.347649999999675, -7.905559999999512 ], [ 110.34747000000057, -7.905730000000677 ], [ 110.347219999999609, -7.905820000000214 ], [ 110.347019999999219, -7.905730000000676 ], [ 110.346729999999269, -7.905590000000584 ], [ 110.346519999999103, -7.90552000000053 ], [ 110.34627, -7.905489999999475 ], [ 110.34605, -7.90552000000052 ], [ 110.345919999999708, -7.905570000001078 ], [ 110.345880000000719, -7.905710000001188 ], [ 110.345900000000213, -7.9059 ], [ 110.345760000000126, -7.906180000000232 ], [ 110.345649999999253, -7.906310000000576 ], [ 110.345559999999708, -7.906419999999624 ], [ 110.345489999999671, -7.906650000001086 ], [ 110.345559999999708, -7.906890000000478 ], [ 110.345760000000126, -7.90727 ], [ 110.345869999999152, -7.90741 ], [ 110.345880000000719, -7.90755000000018 ], [ 110.345779999999621, -7.907670000000781 ], [ 110.345499999999419, -7.907690000000272 ], [ 110.345250000000263, -7.90763 ], [ 110.345129999999671, -7.907660000001039 ], [ 110.345049999999858, -7.907800000001133 ], [ 110.344989999999555, -7.907970000000474 ], [ 110.344960000000313, -7.908120000000326 ], [ 110.345079999999101, -7.908270000000182 ], [ 110.346009999999254, -7.908659999999429 ], [ 110.346390000000582, -7.90805000000028 ], [ 110.346789999999572, -7.908160000001137 ], [ 110.346530000000669, -7.908840000000324 ], [ 110.347100000000836, -7.909040000000743 ], [ 110.347309999999169, -7.909079999999717 ], [ 110.34742, -7.90914 ], [ 110.347560000000115, -7.909200000000336 ], [ 110.347649999999675, -7.909309999999375 ], [ 110.34776000000052, -7.909509999999773 ], [ 110.34776000000052, -7.909680000000946 ], [ 110.34776000000052, -7.909890000001091 ], [ 110.347879999999307, -7.910099999999422 ], [ 110.347910000000383, -7.910260000000847 ], [ 110.347900000000635, -7.91047000000098 ], [ 110.34802999999917, -7.910680000001142 ], [ 110.34815999999951, -7.910790000000181 ], [ 110.348560000000333, -7.910470000000992 ], [ 110.348710000000167, -7.910340000000643 ], [ 110.348879999999525, -7.910299999999827 ], [ 110.348620000000636, -7.911130000000694 ], [ 110.348480000000521, -7.911400000001133 ], [ 110.348350000000167, -7.911609999999471 ], [ 110.348239999999322, -7.911840000000947 ], [ 110.348099999999206, -7.91202 ], [ 110.348, -7.912200000000941 ], [ 110.34792000000013, -7.91237000000028 ], [ 110.34785, -7.912580000000444 ], [ 110.347700000000231, -7.913130000001098 ], [ 110.34763000000018, -7.91332 ], [ 110.347509999999559, -7.913590000000389 ], [ 110.347270000000165, -7.91403000000019 ], [ 110.34713, -7.914280000001142 ], [ 110.346840000000114, -7.914580000000853 ], [ 110.346670000000785, -7.914769999999679 ], [ 110.346320000000517, -7.915049999999893 ], [ 110.345600000000516, -7.91555 ], [ 110.346180000000416, -7.915750000000396 ], [ 110.346209999999658, -7.91584 ], [ 110.346229999999153, -7.91609000000089 ], [ 110.346260000000214, -7.91634999999979 ], [ 110.346250000000467, -7.916590000001003 ], [ 110.34611000000038, -7.916840000000145 ], [ 110.346100000000632, -7.917120000000338 ], [ 110.346069999999571, -7.917450000001104 ], [ 110.348, -7.919459999999435 ], [ 110.347719999999725, -7.919840000000749 ], [ 110.346999999999724, -7.9203 ], [ 110.345359999999303, -7.9203 ], [ 110.34382, -7.920140000000442 ], [ 110.342730000000273, -7.919780000000443 ], [ 110.341899999999399, -7.918900000000854 ], [ 110.340539999999208, -7.918809999999485 ], [ 110.339739999999395, -7.91742 ], [ 110.339599999999308, -7.917170000000892 ], [ 110.33957, -7.917020000001052 ], [ 110.339599999999308, -7.916849999999883 ], [ 110.339710000000153, -7.916680000000545 ], [ 110.339850000000268, -7.916289999999475 ], [ 110.339840000000521, -7.916120000000139 ], [ 110.339739999999395, -7.915970000000293 ], [ 110.339589999999561, -7.915800000000955 ], [ 110.339449999999445, -7.91562999999978 ], [ 110.339309999999358, -7.915470000000195 ], [ 110.339, -7.915349999999576 ], [ 110.338929999999863, -7.915429999999373 ], [ 110.338859999999798, -7.915540000000248 ], [ 110.338809999999242, -7.915699999999844 ], [ 110.338820000000808, -7.915890000000493 ], [ 110.338859999999798, -7.916110000000391 ], [ 110.338820000000808, -7.91656 ], [ 110.338700000000216, -7.916779999999841 ], [ 110.33857999999961, -7.917040000000537 ], [ 110.338599999999104, -7.917240000000947 ], [ 110.338589999999357, -7.917450000001105 ], [ 110.33727, -7.918560000000341 ], [ 110.334380000000195, -7.91749 ], [ 110.334409999999437, -7.917310000000999 ], [ 110.334409999999437, -7.917069999999788 ], [ 110.334450000000245, -7.916750000000594 ], [ 110.334510000000549, -7.916520000000952 ], [ 110.33453, -7.91627 ], [ 110.3349199999993, -7.916160000000952 ], [ 110.335129999999438, -7.916190000000196 ], [ 110.33533999999959, -7.916149999999379 ], [ 110.335479999999706, -7.916090000000893 ], [ 110.335619999999793, -7.915800000000949 ], [ 110.335619999999793, -7.915489999999685 ], [ 110.335489999999453, -7.915390000000389 ], [ 110.335279999999301, -7.915380000000637 ], [ 110.334940000000614, -7.915380000000638 ], [ 110.334479999999488, -7.915390000000383 ], [ 110.334979999999604, -7.912930000000696 ], [ 110.336240000000501, -7.913000000000744 ], [ 110.336380000000602, -7.912889999999881 ], [ 110.336540000000213, -7.912710000000796 ], [ 110.337059999999809, -7.911809999999887 ], [ 110.337199999999896, -7.911609999999475 ], [ 110.337299999999189, -7.911360000000339 ], [ 110.337519999999088, -7.9108 ], [ 110.33748, -7.91058 ], [ 110.337299999999189, -7.910389999999367 ], [ 110.336499999999404, -7.909340000000424 ], [ 110.33626, -7.909170000001096 ], [ 110.336030000000349, -7.909120000000532 ], [ 110.335709999999338, -7.909240000001137 ], [ 110.334909999999553, -7.909120000000535 ], [ 110.33475, -7.908990000000182 ], [ 110.334699999999387, -7.90878 ], [ 110.334699999999387, -7.908520000001138 ], [ 110.335039999999893, -7.906660000000826 ], [ 110.336699999999794, -7.90697000000028 ], [ 110.337069999999557, -7.90698 ], [ 110.337299999999189, -7.906769999999869 ], [ 110.337349999999759, -7.906540000000225 ], [ 110.33733000000025, -7.906360000001128 ], [ 110.337349999999759, -7.905979999999825 ], [ 110.337470000000366, -7.905720000000927 ], [ 110.33777, -7.904979999999624 ], [ 110.33784, -7.90472000000072 ], [ 110.33791000000015, -7.904420000001027 ], [ 110.338019999999204, -7.904020000000223 ], [ 110.338019999999204, -7.903840000001129 ], [ 110.33794999999914, -7.90324 ], [ 110.337849999999847, -7.90288 ], [ 110.337830000000352, -7.902599999999712 ], [ 110.337890000000655, -7.902389999999554 ], [ 110.337980000000215, -7.902239999999719 ], [ 110.338159999999291, -7.901980000000835 ], [ 110.338260000000403, -7.901840000000717 ], [ 110.338390000000771, -7.901659999999805 ], [ 110.338449999999241, -7.90148000000072 ], [ 110.338569999999848, -7.90115 ], [ 110.33864, -7.900680000000915 ], [ 110.338680000000721, -7.900439999999699 ], [ 110.33864999999966, -7.900219999999811 ], [ 110.338630000000165, -7.899690000000476 ], [ 110.338540000000606, -7.899400000000517 ], [ 110.33864, -7.899160000001118 ], [ 110.338379999999205, -7.898970000000463 ], [ 110.3382000000001, -7.898840000000105 ], [ 110.337789999999544, -7.89863 ], [ 110.337429999999557, -7.898470000000367 ], [ 110.337079999999304, -7.898330000000263 ], [ 110.336849999999657, -7.898240000000721 ], [ 110.336810000000668, -7.89806999999955 ], [ 110.336810000000668, -7.897800000000914 ], [ 110.337550000000149, -7.895810000000261 ], [ 110.337530000000655, -7.895490000001069 ], [ 110.337369999999254, -7.895310000000162 ], [ 110.336900000000199, -7.894650000000455 ], [ 110.336950000000755, -7.894469999999551 ], [ 110.337110000000365, -7.89438 ], [ 110.337789999999544, -7.894179999999594 ], [ 110.337929999999645, -7.894109999999547 ], [ 110.337939999999392, -7.893910000000956 ], [ 110.336769999999859, -7.890950000001162 ], [ 110.33662, -7.89082000000081 ], [ 110.336320000000299, -7.89071 ], [ 110.336030000000349, -7.89064 ], [ 110.335880000000515, -7.891850000000258 ], [ 110.334600000000108, -7.891820000001015 ], [ 110.334339999999401, -7.891229999999538 ], [ 110.334670000000159, -7.88819 ], [ 110.33626, -7.888349999999537 ], [ 110.336429999999353, -7.887269999999538 ], [ 110.337110000000365, -7.88718 ], [ 110.337209999999644, -7.88707000000095 ], [ 110.337209999999644, -7.886430000000754 ], [ 110.337139999999607, -7.886339999999381 ], [ 110.336989999999744, -7.886399999999684 ], [ 110.33684, -7.886500000000808 ], [ 110.336639999999491, -7.886560000001098 ], [ 110.336419999999606, -7.886500000000802 ], [ 110.336310000000552, -7.886350000000943 ], [ 110.336240000000501, -7.886230000000347 ], [ 110.33626, -7.886039999999697 ], [ 110.336339999999794, -7.88588 ], [ 110.336489999999657, -7.885730000000241 ], [ 110.336649999999239, -7.885619999999379 ], [ 110.336919999999694, -7.88552 ], [ 110.337139999999607, -7.88538 ], [ 110.337359999999506, -7.885239999999886 ], [ 110.337470000000366, -7.885099999999783 ], [ 110.33767000000077, -7.884830000001149 ], [ 110.337729999999254, -7.88466 ], [ 110.337849999999847, -7.884360000000282 ], [ 110.337929999999645, -7.884029999999532 ], [ 110.33799999999971, -7.883780000000396 ], [ 110.33806999999976, -7.883490000000439 ], [ 110.338149999999544, -7.88315 ], [ 110.338170000000858, -7.882920000000293 ], [ 110.3382000000001, -7.882700000000394 ], [ 110.338299999999407, -7.880090000000839 ], [ 110.3395, -7.880450000000835 ], [ 110.339809999999446, -7.880440000001101 ], [ 110.340019999999598, -7.880419999999785 ], [ 110.340229999999764, -7.880289999999422 ], [ 110.340490000000472, -7.88011000000034 ], [ 110.340700000000609, -7.880059999999781 ], [ 110.340949999999751, -7.88005 ], [ 110.341210000000459, -7.880090000000848 ], [ 110.341829999999348, -7.880349999999725 ], [ 110.34202, -7.880489999999825 ], [ 110.342119999999312, -7.880680000000492 ], [ 110.342160000000106, -7.880919999999886 ], [ 110.342119999999312, -7.881209999999835 ], [ 110.342109999999565, -7.881439999999482 ], [ 110.342130000000878, -7.881659999999383 ], [ 110.342259999999399, -7.881820000000798 ], [ 110.342839999999299, -7.881900000000582 ], [ 110.343020000000223, -7.881929999999826 ], [ 110.343210000000866, -7.881840000000278 ], [ 110.343310000000173, -7.881670000000939 ], [ 110.343549999999567, -7.881630000000144 ], [ 110.343699999999401, -7.881670000000939 ], [ 110.343880000000325, -7.881639999999878 ], [ 110.344059999999402, -7.881579999999572 ], [ 110.3441399999992, -7.881480000000294 ], [ 110.34418, -7.881340000000184 ], [ 110.344279999999316, -7.8812 ], [ 110.34442999999915, -7.881030000000745 ], [ 110.344569999999266, -7.880910000000124 ], [ 110.344820000000226, -7.880760000000292 ], [ 110.345020000000616, -7.880750000000535 ], [ 110.345250000000263, -7.880690000000242 ], [ 110.34548, -7.88048 ], [ 110.345660000000819, -7.880230000000938 ], [ 110.345859999999405, -7.88010000000058 ], [ 110.34611000000038, -7.879989999999728 ], [ 110.34641, -7.880010000001049 ], [ 110.346579999999406, -7.879810000000635 ], [ 110.346550000000164, -7.87962 ], [ 110.346449999999066, -7.879460000000385 ], [ 110.346369999999268, -7.879269999999731 ], [ 110.346349999999774, -7.87909000000063 ], [ 110.346460000000633, -7.878909999999734 ], [ 110.34660000000072, -7.87873000000063 ], [ 110.346680000000532, -7.87883 ], [ 110.346830000000367, -7.87904 ], [ 110.346910000000165, -7.879209999999422 ], [ 110.347009999999472, -7.879419999999573 ], [ 110.347200000000115, -7.879580000000985 ], [ 110.34742, -7.879859999999371 ], [ 110.34812000000052, -7.880219999999373 ], [ 110.348340000000434, -7.880349999999728 ], [ 110.34844999999946, -7.880530000000629 ], [ 110.348490000000268, -7.880730000001036 ], [ 110.348540000000838, -7.881030000000742 ], [ 110.348560000000333, -7.881240000000894 ], [ 110.348519999999525, -7.881450000001043 ], [ 110.348540000000838, -7.881659999999372 ], [ 110.348640000000131, -7.881840000000281 ], [ 110.348799999999713, -7.882019999999375 ], [ 110.349050000000673, -7.882449999999427 ], [ 110.349130000000471, -7.882550000000541 ], [ 110.349140000000233, -7.88293 ], [ 110.349050000000673, -7.88308999999964 ], [ 110.348879999999525, -7.883200000000482 ], [ 110.348770000000471, -7.883340000000584 ], [ 110.348630000000384, -7.88336 ], [ 110.348550000000586, -7.883519999999686 ], [ 110.348439999999712, -7.88365 ], [ 110.34843, -7.883840000000694 ], [ 110.348369999999662, -7.884140000000389 ], [ 110.348350000000167, -7.884309999999736 ], [ 110.348480000000521, -7.884529999999642 ], [ 110.348649999999878, -7.884570000000448 ], [ 110.348910000000586, -7.884570000000446 ], [ 110.349050000000673, -7.884539999999378 ], [ 110.349270000000587, -7.884389999999535 ], [ 110.349379999999613, -7.884330000001046 ], [ 110.349669999999563, -7.884290000000233 ], [ 110.349759999999122, -7.884270000000737 ], [ 110.34994, -7.884449999999839 ], [ 110.350000000000321, -7.884780000000599 ], [ 110.349889999999476, -7.885029999999745 ], [ 110.349850000000487, -7.885290000000436 ], [ 110.34987, -7.885590000000139 ], [ 110.349959999999513, -7.885749999999745 ], [ 110.350150000000184, -7.885979999999384 ], [ 110.35052, -7.886090000000245 ], [ 110.350850000000676, -7.886140000000793 ] ] ] } },
{ "type": "Feature", "properties": { "KECAMATAN": "Jetis", "DESA": "Sumberagung", "Sektor": "Imogiri" }, "geometry": { "type": "Polygon", "coordinates": [ [ [ 110.375490000000312, -7.882579999999781 ], [ 110.374939999999668, -7.889840000000106 ], [ 110.37838, -7.890270000000157 ], [ 110.378440000000381, -7.89035 ], [ 110.37840999999932, -7.890579999999597 ], [ 110.378319999999761, -7.890880000001114 ], [ 110.378160000000165, -7.890950000001162 ], [ 110.376770000000718, -7.89143 ], [ 110.376529999999519, -7.891359999999899 ], [ 110.37637, -7.891680000000906 ], [ 110.376350000000414, -7.891820000001015 ], [ 110.376299999999858, -7.892019999999595 ], [ 110.376039999999151, -7.89218000000101 ], [ 110.375710000000211, -7.892159999999698 ], [ 110.3755, -7.89213000000045 ], [ 110.375379999999453, -7.892270000000562 ], [ 110.375239999999366, -7.89251 ], [ 110.375249999999113, -7.892630000000551 ], [ 110.375379999999453, -7.892819999999389 ], [ 110.375439999999756, -7.892930000000255 ], [ 110.37533000000073, -7.893019999999802 ], [ 110.375060000000261, -7.8933 ], [ 110.374850000000109, -7.893410000000854 ], [ 110.3748099999993, -7.89353999999939 ], [ 110.374840000000361, -7.893690000001072 ], [ 110.374889999999098, -7.893770000000869 ], [ 110.375050000000513, -7.893830000001172 ], [ 110.375729999999706, -7.893959999999708 ], [ 110.375850000000327, -7.89400000000051 ], [ 110.375899999999064, -7.894109999999541 ], [ 110.375809999999504, -7.894459999999809 ], [ 110.375809999999504, -7.894560000000921 ], [ 110.375879999999569, -7.894710000000756 ], [ 110.375969999999114, -7.894759999999495 ], [ 110.376469999999216, -7.895130000001065 ], [ 110.37678000000048, -7.89553 ], [ 110.37687, -7.895630000001169 ], [ 110.376969999999304, -7.895769999999454 ], [ 110.377029999999607, -7.895930000000862 ], [ 110.377239999999759, -7.896090000000456 ], [ 110.37723, -7.896230000000557 ], [ 110.376920000000567, -7.896950000000565 ], [ 110.37688999999952, -7.897080000000919 ], [ 110.377010000000112, -7.897129999999645 ], [ 110.378800000000368, -7.897419999999598 ], [ 110.378720000000584, -7.897720000001115 ], [ 110.378039999999572, -7.897639999999512 ], [ 110.37795, -7.897880000000725 ], [ 110.377940000000265, -7.898069999999564 ], [ 110.377899999999457, -7.898219999999407 ], [ 110.37772000000038, -7.898320000000507 ], [ 110.376809999999722, -7.898250000000461 ], [ 110.37678000000048, -7.898370000001071 ], [ 110.376659999999859, -7.898610000000462 ], [ 110.376420000000465, -7.89892 ], [ 110.37627000000063, -7.898939999999406 ], [ 110.376070000000212, -7.898880000000923 ], [ 110.375920000000377, -7.898730000001077 ], [ 110.37591000000063, -7.898520000000928 ], [ 110.37608, -7.898129999999856 ], [ 110.376099999999454, -7.898010000001075 ], [ 110.376099999999454, -7.897849999999659 ], [ 110.376019999999656, -7.89779000000117 ], [ 110.375850000000327, -7.897760000000103 ], [ 110.372559999999766, -7.897450000000663 ], [ 110.372460000000473, -7.897499999999394 ], [ 110.37241999999965, -7.897730000000863 ], [ 110.372129999999714, -7.899970000000662 ], [ 110.372779999999665, -7.90014999999976 ], [ 110.372929999999499, -7.900190000000565 ], [ 110.372970000000308, -7.900410000000457 ], [ 110.37296000000056, -7.90093 ], [ 110.372900000000257, -7.901490000000469 ], [ 110.37298, -7.901830000000976 ], [ 110.373310000000814, -7.901949999999764 ], [ 110.373929999999703, -7.90194 ], [ 110.374499999999856, -7.902169999999667 ], [ 110.374830000000614, -7.902169999999662 ], [ 110.374789999999805, -7.902309999999767 ], [ 110.3748099999993, -7.902449999999864 ], [ 110.374920000000174, -7.90252 ], [ 110.374990000000224, -7.902430000000366 ], [ 110.375060000000261, -7.902350000000578 ], [ 110.375120000000564, -7.902270000000766 ], [ 110.375200000000362, -7.902130000000665 ], [ 110.375319999999164, -7.902099999999606 ], [ 110.375459999999251, -7.902120000000926 ], [ 110.375589999999619, -7.902239999999719 ], [ 110.375449999999503, -7.902490000000668 ], [ 110.375379999999453, -7.902609999999463 ], [ 110.37536, -7.902809999999873 ], [ 110.37533000000073, -7.903360000000521 ], [ 110.375210000000109, -7.903660000000216 ], [ 110.375149999999806, -7.903539999999607 ], [ 110.375169999999301, -7.903160000000129 ], [ 110.374970000000729, -7.902980000001036 ], [ 110.374789999999805, -7.90288 ], [ 110.374700000000274, -7.902850000000671 ], [ 110.374359999999768, -7.903290000000469 ], [ 110.374190000000411, -7.903259999999408 ], [ 110.373279999999752, -7.903050000001074 ], [ 110.373299999999247, -7.903249999999666 ], [ 110.37325000000051, -7.90345 ], [ 110.373279999999752, -7.90367 ], [ 110.373460000000676, -7.908410000000275 ], [ 110.374079999999566, -7.908470000000578 ], [ 110.374219999999653, -7.908470000000591 ], [ 110.37435, -7.908320000000735 ], [ 110.374400000000577, -7.908170000000885 ], [ 110.374509999999603, -7.907579999999424 ], [ 110.374529999999098, -7.90741 ], [ 110.374750000000816, -7.907390000000584 ], [ 110.375149999999806, -7.907520000000931 ], [ 110.37533000000073, -7.90760000000073 ], [ 110.375459999999251, -7.907600000000726 ], [ 110.375669999999403, -7.90731000000078 ], [ 110.375850000000327, -7.907349999999761 ], [ 110.376039999999151, -7.907310000000784 ], [ 110.376309999999606, -7.907030000000579 ], [ 110.376529999999519, -7.90691 ], [ 110.376669999999606, -7.906670000000584 ], [ 110.37727000000082, -7.905259999999816 ], [ 110.377329999999304, -7.90511 ], [ 110.377370000000113, -7.905030000000174 ], [ 110.377459999999672, -7.905049999999672 ], [ 110.377609999999507, -7.905090000000467 ], [ 110.380020000000471, -7.905640000001142 ], [ 110.380250000000132, -7.905559999999515 ], [ 110.380709999999411, -7.905259999999815 ], [ 110.38116000000079, -7.905600000000334 ], [ 110.380569999999324, -7.906750000000378 ], [ 110.379489999999308, -7.90852000000113 ], [ 110.379370000000534, -7.90864 ], [ 110.37918999999961, -7.908700000000222 ], [ 110.378969999999725, -7.90864 ], [ 110.378849999999105, -7.90867000000098 ], [ 110.37869999999927, -7.90878 ], [ 110.378459999999862, -7.909079999999729 ], [ 110.378280000000771, -7.909400000000738 ], [ 110.378179999999659, -7.909610000000889 ], [ 110.37802, -7.909809999999467 ], [ 110.377870000000215, -7.91012000000073 ], [ 110.377689999999305, -7.910369999999877 ], [ 110.37759, -7.910659999999823 ], [ 110.377399999999369, -7.911040000001147 ], [ 110.37727000000082, -7.91120000000073 ], [ 110.37716, -7.911400000001138 ], [ 110.37701999999986, -7.911480000000949 ], [ 110.376720000000162, -7.911720000000326 ], [ 110.37658, -7.911860000000444 ], [ 110.376589999999823, -7.91224 ], [ 110.376329999999101, -7.91272000000054 ], [ 110.376099999999454, -7.913000000000737 ], [ 110.375959999999367, -7.9131 ], [ 110.375830000000818, -7.913570000000898 ], [ 110.375830000000818, -7.91389 ], [ 110.375830000000818, -7.914230000000585 ], [ 110.375630000000427, -7.914660000000641 ], [ 110.375459999999251, -7.915220000001047 ], [ 110.375459999999251, -7.915650000001088 ], [ 110.375560000000377, -7.916149999999385 ], [ 110.375819999999251, -7.916709999999795 ], [ 110.376019999999656, -7.917149999999585 ], [ 110.375990000000414, -7.9177700000003 ], [ 110.375690000000716, -7.918470000000808 ], [ 110.374719999999769, -7.919330000000904 ], [ 110.373429999999615, -7.919830000001003 ], [ 110.372289999999296, -7.919529999999482 ], [ 110.369169999999897, -7.916530000000689 ], [ 110.369150000000403, -7.91591 ], [ 110.369150000000403, -7.915600000000536 ], [ 110.36919999999914, -7.915470000000186 ], [ 110.36931999999976, -7.915110000000182 ], [ 110.36938, -7.914979999999831 ], [ 110.36938, -7.91454 ], [ 110.369440000000367, -7.914360000000952 ], [ 110.369469999999595, -7.914210000001096 ], [ 110.369660000000266, -7.913960000000134 ], [ 110.369769999999292, -7.91367000000019 ], [ 110.369870000000404, -7.913049999999469 ], [ 110.369889999999899, -7.912899999999623 ], [ 110.369780000000858, -7.912780000000843 ], [ 110.369660000000266, -7.912539999999632 ], [ 110.36955999999914, -7.912179999999618 ], [ 110.369450000000114, -7.912060000000836 ], [ 110.368700000000857, -7.911860000000441 ], [ 110.368570000000503, -7.91173 ], [ 110.368529999999694, -7.911560000000737 ], [ 110.36852, -7.911400000001136 ], [ 110.368529999999694, -7.910710000000388 ], [ 110.36801, -7.910700000000641 ], [ 110.367949999999794, -7.91087 ], [ 110.36794, -7.910990000000591 ], [ 110.367910000000805, -7.911109999999377 ], [ 110.367860000000263, -7.911330000001096 ], [ 110.367739999999642, -7.911459999999622 ], [ 110.36758, -7.91153999999942 ], [ 110.36614, -7.911319999999522 ], [ 110.366149999999791, -7.911169999999681 ], [ 110.366219999999856, -7.911029999999575 ], [ 110.366219999999856, -7.91087 ], [ 110.366110000000802, -7.910830000000996 ], [ 110.3642, -7.910410000000695 ], [ 110.364059999999853, -7.910299999999827 ], [ 110.364170000000712, -7.910050000000682 ], [ 110.364229999999182, -7.909890000001084 ], [ 110.364139999999651, -7.90979 ], [ 110.363960000000546, -7.909799999999731 ], [ 110.363579999999232, -7.90979 ], [ 110.363520000000761, -7.909960000001138 ], [ 110.363269999999787, -7.91152 ], [ 110.363279999999534, -7.911669999999781 ], [ 110.363149999999195, -7.911669999999775 ], [ 110.36211, -7.911550000000995 ], [ 110.362090000000492, -7.911650000000288 ], [ 110.362080000000745, -7.911809999999881 ], [ 110.361890000000102, -7.912500000000636 ], [ 110.361829999999784, -7.912660000000228 ], [ 110.361779999999229, -7.912770000001093 ], [ 110.360049999999291, -7.913119999999523 ], [ 110.360000000000539, -7.913039999999725 ], [ 110.359979999999226, -7.912899999999623 ], [ 110.359930000000489, -7.912749999999786 ], [ 110.359689999999276, -7.91267 ], [ 110.358410000000688, -7.91244000000033 ], [ 110.35829, -7.912459999999838 ], [ 110.358179999999237, -7.91260999999968 ], [ 110.357470000000788, -7.912480000001144 ], [ 110.357289999999892, -7.91245 ], [ 110.355910000000179, -7.911990000000796 ], [ 110.355719999999536, -7.911899999999418 ], [ 110.3557, -7.91169000000109 ], [ 110.355709999999789, -7.911570000000485 ], [ 110.355709999999789, -7.91137 ], [ 110.355750000000597, -7.9108 ], [ 110.355600000000734, -7.910729999999874 ], [ 110.355470000000395, -7.910720000000138 ], [ 110.353359999999114, -7.910389999999366 ], [ 110.353259999999835, -7.910389999999367 ], [ 110.353220000000846, -7.910229999999772 ], [ 110.353230000000593, -7.90998000000063 ], [ 110.353269999999583, -7.909850000000284 ], [ 110.35311999999972, -7.909739999999421 ], [ 110.352510000000578, -7.909610000000879 ], [ 110.352399999999719, -7.909460000001045 ], [ 110.352419999999213, -7.909289999999881 ], [ 110.352559999999329, -7.909180000000839 ], [ 110.35397, -7.90943 ], [ 110.354209999999483, -7.909289999999872 ], [ 110.354960000000531, -7.906789999999368 ], [ 110.354919999999723, -7.906510000000991 ], [ 110.354869999999167, -7.906390000000378 ], [ 110.354820000000444, -7.906250000000274 ], [ 110.354830000000192, -7.906110000000176 ], [ 110.355550000000179, -7.904179999999817 ], [ 110.355649999999471, -7.904090000000266 ], [ 110.355809999999067, -7.9041 ], [ 110.356100000000851, -7.904160000000317 ], [ 110.356159999999321, -7.903880000000119 ], [ 110.356209999999876, -7.903560000000934 ], [ 110.3560300000008, -7.903420000000824 ], [ 110.355929999999674, -7.903430000000576 ], [ 110.355779999999839, -7.903399999999505 ], [ 110.35574000000085, -7.903280000000732 ], [ 110.355760000000345, -7.903150000000362 ], [ 110.35556, -7.901809999999668 ], [ 110.35577, -7.9018 ], [ 110.356760000000534, -7.90181999999941 ], [ 110.356990000000195, -7.901830000000968 ], [ 110.357019999999437, -7.90194 ], [ 110.356949999999387, -7.902140000000429 ], [ 110.356939999999639, -7.902280000000517 ], [ 110.357, -7.902379999999813 ], [ 110.357130000000282, -7.902760000001128 ], [ 110.357270000000398, -7.902700000000832 ], [ 110.358099999999425, -7.90223 ], [ 110.358179999999237, -7.902060000000627 ], [ 110.35816999999949, -7.901959999999518 ], [ 110.358179999999237, -7.901819999999407 ], [ 110.358159999999742, -7.901700000000618 ], [ 110.358140000000233, -7.901560000000527 ], [ 110.358099999999425, -7.901420000000425 ], [ 110.358070000000183, -7.901190000000776 ], [ 110.35787999999954, -7.899670000000969 ], [ 110.357830000000789, -7.899460000000823 ], [ 110.357819999999222, -7.899289999999664 ], [ 110.357980000000637, -7.89911000000057 ], [ 110.358309999999577, -7.898719999999498 ], [ 110.358449999999692, -7.898579999999409 ], [ 110.358640000000335, -7.898460000000617 ], [ 110.358720000000133, -7.898419999999809 ], [ 110.358809999999693, -7.898380000000808 ], [ 110.359060000000639, -7.898320000000512 ], [ 110.359259999999225, -7.898279999999707 ], [ 110.36002, -7.898359999999507 ], [ 110.360189999999378, -7.898380000000816 ], [ 110.360440000000352, -7.89845000000086 ], [ 110.360930000000693, -7.898349999999759 ], [ 110.361080000000541, -7.898279999999715 ], [ 110.361220000000642, -7.898250000000461 ], [ 110.361329999999697, -7.898129999999856 ], [ 110.361409999999481, -7.89802000000082 ], [ 110.361510000000592, -7.897830000000158 ], [ 110.36153, -7.897709999999563 ], [ 110.361629999999394, -7.897240000000514 ], [ 110.361619999999647, -7.89712 ], [ 110.361779999999229, -7.897059999999605 ], [ 110.362610000000103, -7.897170000000465 ], [ 110.362800000000746, -7.897129999999647 ], [ 110.362820000000255, -7.896930000001073 ], [ 110.362779999999432, -7.89683 ], [ 110.362639999999331, -7.896839999999704 ], [ 110.362499999999244, -7.896820000000207 ], [ 110.362339999999634, -7.896779999999398 ], [ 110.362230000000608, -7.89676 ], [ 110.362090000000492, -7.89659000000056 ], [ 110.362409999999684, -7.892169999999448 ], [ 110.3624, -7.892050000000657 ], [ 110.362409999999684, -7.891840000000503 ], [ 110.36239000000019, -7.891690000000654 ], [ 110.362450000000493, -7.891519999999492 ], [ 110.362580000000861, -7.891439999999702 ], [ 110.362779999999432, -7.891480000000506 ], [ 110.362890000000306, -7.891579999999798 ], [ 110.362849999999497, -7.891760000000703 ], [ 110.36283, -7.892089999999655 ], [ 110.362929999999295, -7.892200000000503 ], [ 110.363160000000761, -7.892110000000966 ], [ 110.363230000000812, -7.892050000000659 ], [ 110.363250000000292, -7.891910000000562 ], [ 110.363269999999787, -7.891700000000396 ], [ 110.363359999999332, -7.891040000000705 ], [ 110.363450000000711, -7.890530000000854 ], [ 110.363499999999448, -7.890090000001061 ], [ 110.363499999999448, -7.889980000000189 ], [ 110.3634899999997, -7.889789999999534 ], [ 110.363409999999888, -7.88963 ], [ 110.363289999999282, -7.889349999999739 ], [ 110.363250000000292, -7.889209999999638 ], [ 110.363160000000761, -7.889020000000796 ], [ 110.363100000000443, -7.888880000000704 ], [ 110.363100000000443, -7.888709999999534 ], [ 110.363160000000761, -7.888419999999583 ], [ 110.363230000000812, -7.887769999999634 ], [ 110.363219999999245, -7.887530000000253 ], [ 110.363250000000292, -7.887419999999386 ], [ 110.363460000000458, -7.887240000000302 ], [ 110.363579999999232, -7.887150000000758 ], [ 110.363760000000156, -7.887269999999534 ], [ 110.36398, -7.887360000000905 ], [ 110.364349999999803, -7.887549999999749 ], [ 110.364709999999803, -7.887839999999686 ], [ 110.364949999999183, -7.888119999999884 ], [ 110.365089999999299, -7.888129999999645 ], [ 110.36549, -7.888209999999433 ], [ 110.36549, -7.887600000000307 ], [ 110.365390000000815, -7.886850000001052 ], [ 110.3652500000007, -7.886409999999431 ], [ 110.36528, -7.886179999999791 ], [ 110.365289999999703, -7.885940000000396 ], [ 110.365369999999501, -7.885650000000447 ], [ 110.365470000000599, -7.88521000000064 ], [ 110.365529999999083, -7.884969999999427 ], [ 110.365509999999588, -7.884720000000293 ], [ 110.365529999999083, -7.884420000000599 ], [ 110.365620000000462, -7.88408999999984 ], [ 110.365739999999235, -7.883599999999478 ], [ 110.365799999999538, -7.883420000000398 ], [ 110.365869999999589, -7.883229999999737 ], [ 110.365970000000715, -7.883130000000447 ], [ 110.366120000000549, -7.883050000000638 ], [ 110.36635000000021, -7.88293 ], [ 110.366309999999402, -7.882820000001001 ], [ 110.36628000000016, -7.882719999999886 ], [ 110.36628000000016, -7.882600000001102 ], [ 110.366309999999402, -7.882420000000187 ], [ 110.366459999999236, -7.881990000000139 ], [ 110.366540000000867, -7.881830000000535 ], [ 110.366589999999604, -7.881579999999576 ], [ 110.366550000000615, -7.881410000000242 ], [ 110.36693000000011, -7.881429999999728 ], [ 110.367070000000197, -7.881760000000487 ], [ 110.36708, -7.881990000000128 ], [ 110.367200000000565, -7.882149999999736 ], [ 110.367280000000363, -7.882330000000637 ], [ 110.367430000000198, -7.882540000000797 ], [ 110.367700000000653, -7.882700000000388 ], [ 110.367840000000768, -7.882760000000686 ], [ 110.368130000000718, -7.882729999999636 ], [ 110.36866, -7.882690000000646 ], [ 110.368790000000416, -7.882729999999627 ], [ 110.368829999999406, -7.88286 ], [ 110.368819999999658, -7.883640000000296 ], [ 110.368839999999139, -7.883760000000898 ], [ 110.368940000000251, -7.883819999999387 ], [ 110.369520000000151, -7.88401 ], [ 110.36984999999909, -7.881910000000333 ], [ 110.371170000000305, -7.88214 ], [ 110.371320000000154, -7.882100000000991 ], [ 110.371289999999107, -7.882320000000891 ], [ 110.371269999999612, -7.882579999999777 ], [ 110.3714, -7.882490000000235 ], [ 110.371629999999598, -7.882460000000993 ], [ 110.371779999999447, -7.882480000000493 ], [ 110.371859999999259, -7.882540000000794 ], [ 110.371970000000104, -7.882710000000142 ], [ 110.372170000000523, -7.882780000000184 ], [ 110.372400000000155, -7.882760000000697 ], [ 110.37241999999965, -7.882920000000283 ], [ 110.372450000000725, -7.883040000000896 ], [ 110.372579999999246, -7.883200000000487 ], [ 110.372719999999347, -7.883260000000791 ], [ 110.372810000000726, -7.883400000000886 ], [ 110.372820000000473, -7.883550000000737 ], [ 110.372950000000813, -7.88352999999943 ], [ 110.37439000000083, -7.88358 ], [ 110.374480000000361, -7.883710000000345 ], [ 110.37471, -7.88336 ], [ 110.374850000000109, -7.882460000000997 ], [ 110.375490000000312, -7.882579999999781 ] ] ] } },
{ "type": "Feature", "properties": { "KECAMATAN": "Bantul", "DESA": "Sabdodadi", "Sektor": "Imogiri" }, "geometry": { "type": "Polygon", "coordinates": [ [ [ 110.363579999999232, -7.887150000000758 ], [ 110.363460000000458, -7.887240000000302 ], [ 110.363250000000292, -7.887419999999386 ], [ 110.363219999999245, -7.887530000000253 ], [ 110.363230000000812, -7.887769999999634 ], [ 110.363160000000761, -7.888419999999583 ], [ 110.363100000000443, -7.888709999999534 ], [ 110.363100000000443, -7.888880000000704 ], [ 110.363160000000761, -7.889020000000796 ], [ 110.363250000000292, -7.889209999999638 ], [ 110.363289999999282, -7.889349999999739 ], [ 110.363409999999888, -7.88963 ], [ 110.3634899999997, -7.889789999999534 ], [ 110.363499999999448, -7.889980000000189 ], [ 110.363499999999448, -7.890090000001061 ], [ 110.363450000000711, -7.890530000000854 ], [ 110.363359999999332, -7.891040000000705 ], [ 110.363269999999787, -7.891700000000396 ], [ 110.363250000000292, -7.891910000000562 ], [ 110.363230000000812, -7.892050000000659 ], [ 110.363160000000761, -7.892110000000966 ], [ 110.362929999999295, -7.892200000000503 ], [ 110.36283, -7.892089999999655 ], [ 110.362849999999497, -7.891760000000703 ], [ 110.362890000000306, -7.891579999999798 ], [ 110.362779999999432, -7.891480000000506 ], [ 110.362580000000861, -7.891439999999702 ], [ 110.362450000000493, -7.891519999999492 ], [ 110.36239000000019, -7.891690000000654 ], [ 110.362409999999684, -7.891840000000503 ], [ 110.3624, -7.892050000000657 ], [ 110.362409999999684, -7.892169999999448 ], [ 110.362090000000492, -7.89659000000056 ], [ 110.362230000000608, -7.89676 ], [ 110.362339999999634, -7.896779999999398 ], [ 110.362499999999244, -7.896820000000207 ], [ 110.362639999999331, -7.896839999999704 ], [ 110.362779999999432, -7.89683 ], [ 110.362820000000255, -7.896930000001073 ], [ 110.362800000000746, -7.897129999999647 ], [ 110.362610000000103, -7.897170000000465 ], [ 110.361779999999229, -7.897059999999605 ], [ 110.361619999999647, -7.89712 ], [ 110.361629999999394, -7.897240000000514 ], [ 110.36153, -7.897709999999563 ], [ 110.361510000000592, -7.897830000000158 ], [ 110.361409999999481, -7.89802000000082 ], [ 110.361329999999697, -7.898129999999856 ], [ 110.361220000000642, -7.898250000000461 ], [ 110.361080000000541, -7.898279999999715 ], [ 110.360930000000693, -7.898349999999759 ], [ 110.360440000000352, -7.89845000000086 ], [ 110.360189999999378, -7.898380000000816 ], [ 110.36002, -7.898359999999507 ], [ 110.359259999999225, -7.898279999999707 ], [ 110.359060000000639, -7.898320000000512 ], [ 110.358809999999693, -7.898380000000808 ], [ 110.358720000000133, -7.898419999999809 ], [ 110.358640000000335, -7.898460000000617 ], [ 110.358449999999692, -7.898579999999409 ], [ 110.358309999999577, -7.898719999999498 ], [ 110.357980000000637, -7.89911000000057 ], [ 110.357819999999222, -7.899289999999664 ], [ 110.357830000000789, -7.899460000000823 ], [ 110.35787999999954, -7.899670000000969 ], [ 110.358070000000183, -7.901190000000776 ], [ 110.358099999999425, -7.901420000000425 ], [ 110.358140000000233, -7.901560000000527 ], [ 110.358159999999742, -7.901700000000618 ], [ 110.358179999999237, -7.901819999999407 ], [ 110.35816999999949, -7.901959999999518 ], [ 110.358179999999237, -7.902060000000627 ], [ 110.358099999999425, -7.90223 ], [ 110.357270000000398, -7.902700000000832 ], [ 110.357130000000282, -7.902760000001128 ], [ 110.357, -7.902379999999813 ], [ 110.356939999999639, -7.902280000000517 ], [ 110.356949999999387, -7.902140000000429 ], [ 110.357019999999437, -7.90194 ], [ 110.356990000000195, -7.901830000000968 ], [ 110.356760000000534, -7.90181999999941 ], [ 110.35577, -7.9018 ], [ 110.35556, -7.901809999999668 ], [ 110.355429999999586, -7.901790000000158 ], [ 110.355419999999839, -7.901680000001134 ], [ 110.35541, -7.90158 ], [ 110.355439999999334, -7.901490000000473 ], [ 110.355480000000142, -7.901390000001173 ], [ 110.355600000000734, -7.90122999999977 ], [ 110.355659999999233, -7.901130000000466 ], [ 110.355470000000395, -7.901070000000158 ], [ 110.355380000000849, -7.901050000000677 ], [ 110.355190000000178, -7.901060000000427 ], [ 110.355149999999384, -7.900949999999557 ], [ 110.355190000000178, -7.900830000000774 ], [ 110.355299999999218, -7.900509999999754 ], [ 110.355250000000481, -7.90036 ], [ 110.355079999999333, -7.900250000000871 ], [ 110.35491, -7.900170000001076 ], [ 110.354960000000531, -7.899950000001168 ], [ 110.355110000000394, -7.899649999999657 ], [ 110.354999999999521, -7.899590000001186 ], [ 110.354869999999167, -7.89960000000092 ], [ 110.354380000000631, -7.899569999999867 ], [ 110.35419, -7.899579999999615 ], [ 110.35405999999962, -7.899569999999861 ], [ 110.35397, -7.899590000001181 ], [ 110.353709999999367, -7.90033000000068 ], [ 110.353680000000125, -7.900460000001026 ], [ 110.354219999999231, -7.90051999999951 ], [ 110.354170000000494, -7.900820000001021 ], [ 110.354020000000631, -7.901089999999665 ], [ 110.353890000000291, -7.901270000000569 ], [ 110.353789999999165, -7.901400000000929 ], [ 110.353689999999872, -7.90169000000087 ], [ 110.353689999999872, -7.901949999999756 ], [ 110.353590000000594, -7.902220000000222 ], [ 110.353510000000796, -7.902319999999503 ], [ 110.353380000000428, -7.902340000000824 ], [ 110.353170000000276, -7.902330000001084 ], [ 110.353020000000427, -7.90234000000083 ], [ 110.352849999999265, -7.902430000000362 ], [ 110.352730000000477, -7.902470000001171 ], [ 110.35246, -7.90057 ], [ 110.352650000000693, -7.900700000000421 ], [ 110.352810000000275, -7.900760000000725 ], [ 110.353059999999417, -7.900700000000414 ], [ 110.353289999999078, -7.900610000000873 ], [ 110.353419999999417, -7.900560000000317 ], [ 110.35340999999967, -7.900120000000521 ], [ 110.353419999999417, -7.899980000000414 ], [ 110.352699999999416, -7.899890000000878 ], [ 110.352549999999567, -7.899670000000968 ], [ 110.352469999999769, -7.899460000000821 ], [ 110.352349999999177, -7.899209999999854 ], [ 110.352209999999062, -7.899040000000515 ], [ 110.352090000000274, -7.898910000000157 ], [ 110.352000000000743, -7.899009999999447 ], [ 110.351880000000122, -7.899069999999763 ], [ 110.35174, -7.899050000000261 ], [ 110.351619999999429, -7.898950000000975 ], [ 110.351510000000374, -7.898890000000669 ], [ 110.351220000000424, -7.898890000000665 ], [ 110.34951, -7.898470000000359 ], [ 110.34951, -7.898370000001061 ], [ 110.349539999999223, -7.89805 ], [ 110.349309999999562, -7.89795000000076 ], [ 110.349130000000471, -7.897999999999509 ], [ 110.348889999999273, -7.898020000000811 ], [ 110.347719999999725, -7.897800000000918 ], [ 110.347799999999509, -7.897320000000312 ], [ 110.347929999999877, -7.897310000000556 ], [ 110.348110000000773, -7.897320000000318 ], [ 110.348309999999373, -7.897390000000368 ], [ 110.34860999999907, -7.897590000000759 ], [ 110.348850000000283, -7.897580000001015 ], [ 110.34909999999941, -7.897590000000765 ], [ 110.349130000000471, -7.897360000001126 ], [ 110.34915, -7.897150000000967 ], [ 110.349169999999475, -7.896989999999559 ], [ 110.349019999999612, -7.896629999999556 ], [ 110.34893, -7.896380000000414 ], [ 110.348760000000723, -7.895810000000259 ], [ 110.34872, -7.895670000000163 ], [ 110.348690000000673, -7.895490000001068 ], [ 110.348679999999106, -7.895220000000617 ], [ 110.348770000000471, -7.894920000000913 ], [ 110.348840000000536, -7.894609999999656 ], [ 110.349009999999865, -7.894399999999504 ], [ 110.349140000000233, -7.894290000000463 ], [ 110.34938999999936, -7.894080000000304 ], [ 110.349529999999476, -7.89388 ], [ 110.349620000000826, -7.893570000000466 ], [ 110.349759999999122, -7.893040000001111 ], [ 110.34987, -7.892630000000554 ], [ 110.349959999999513, -7.892340000000616 ], [ 110.35016, -7.892140000000198 ], [ 110.3503, -7.892019999999595 ], [ 110.35037, -7.891939999999793 ], [ 110.350389999999578, -7.891760000000713 ], [ 110.350350000000574, -7.89164999999984 ], [ 110.350249999999463, -7.891439999999688 ], [ 110.350080000000133, -7.89128 ], [ 110.349659999999815, -7.890750000000757 ], [ 110.349519999999728, -7.890509999999548 ], [ 110.349430000000169, -7.890260000000396 ], [ 110.349399999999108, -7.889950000000953 ], [ 110.349480000000739, -7.8897 ], [ 110.349570000000284, -7.889470000000351 ], [ 110.349739999999613, -7.889240000000698 ], [ 110.34996999999926, -7.888989999999736 ], [ 110.350179999999426, -7.888769999999845 ], [ 110.350360000000322, -7.888499999999389 ], [ 110.350430000000387, -7.888290000001057 ], [ 110.350479999999123, -7.888059999999594 ], [ 110.350430000000387, -7.887790000000956 ], [ 110.350379999999831, -7.887440000000703 ], [ 110.350399999999325, -7.887189999999744 ], [ 110.350479999999123, -7.886899999999789 ], [ 110.35054999999916, -7.886679999999893 ], [ 110.350749999999579, -7.88637000000045 ], [ 110.350850000000676, -7.886140000000793 ], [ 110.351249999999666, -7.88696 ], [ 110.35136000000054, -7.886899999999785 ], [ 110.351420000000843, -7.887080000000698 ], [ 110.35145, -7.887860000001006 ], [ 110.35143000000059, -7.888000000001109 ], [ 110.351539999999616, -7.888160000000694 ], [ 110.352230000000375, -7.888070000001163 ], [ 110.35239, -7.888059999999593 ], [ 110.352469999999769, -7.887940000000794 ], [ 110.35246, -7.887600000000305 ], [ 110.352440000000527, -7.887430000000955 ], [ 110.352609999999885, -7.887339999999589 ], [ 110.353170000000276, -7.887409999999635 ], [ 110.353269999999583, -7.887479999999699 ], [ 110.353390000000175, -7.887339999999592 ], [ 110.353380000000428, -7.887140000001001 ], [ 110.353489999999482, -7.885840000001102 ], [ 110.353510000000796, -7.88567 ], [ 110.353520000000543, -7.885570000000643 ], [ 110.35366000000063, -7.885560000000892 ], [ 110.35527, -7.885910000001155 ], [ 110.355229999999167, -7.885780000000804 ], [ 110.355180000000431, -7.885609999999641 ], [ 110.35505, -7.885539999999577 ], [ 110.354880000000733, -7.88538999999973 ], [ 110.354810000000697, -7.88524999999963 ], [ 110.354789999999383, -7.88516 ], [ 110.354779999999636, -7.884940000000182 ], [ 110.354810000000697, -7.884850000000642 ], [ 110.354890000000481, -7.884679999999483 ], [ 110.35508999999908, -7.884539999999379 ], [ 110.355670000000799, -7.883750000001143 ], [ 110.355719999999536, -7.883610000001037 ], [ 110.355879999999118, -7.883449999999628 ], [ 110.356079999999537, -7.883430000000136 ], [ 110.356649999999689, -7.883620000000803 ], [ 110.356840000000332, -7.883680000001091 ], [ 110.356879999999322, -7.883760000000891 ], [ 110.356820000000837, -7.884000000000285 ], [ 110.356659999999437, -7.885850000000848 ], [ 110.356700000000245, -7.88675 ], [ 110.35678, -7.886969999999837 ], [ 110.356910000000397, -7.887010000000644 ], [ 110.357640000000146, -7.887090000000447 ], [ 110.357770000000485, -7.887129999999438 ], [ 110.357809999999475, -7.887010000000654 ], [ 110.35779, -7.886440000000501 ], [ 110.35787999999954, -7.88639 ], [ 110.359430000000401, -7.8866 ], [ 110.359409999999087, -7.883239999999475 ], [ 110.359430000000401, -7.882960000001099 ], [ 110.359539999999427, -7.88260000000109 ], [ 110.360580000000439, -7.882850000000243 ], [ 110.360849999999076, -7.882719999999877 ], [ 110.360880000000137, -7.882470000000745 ], [ 110.360919999999126, -7.882330000000643 ], [ 110.360940000000454, -7.88214999999973 ], [ 110.36096, -7.882019999999375 ], [ 110.361020000000252, -7.881900000000588 ], [ 110.361119999999531, -7.881890000000848 ], [ 110.361199999999329, -7.882079999999678 ], [ 110.361199999999329, -7.882890000001037 ], [ 110.361119999999531, -7.883229999999726 ], [ 110.361119999999531, -7.883680000001093 ], [ 110.361109999999783, -7.883850000000446 ], [ 110.361140000000844, -7.884190000000951 ], [ 110.361279999999141, -7.88444 ], [ 110.361650000000708, -7.88503999999948 ], [ 110.361860000000846, -7.885290000000436 ], [ 110.36197, -7.88546999999953 ], [ 110.362199999999547, -7.885650000000449 ], [ 110.362349999999381, -7.885889999999845 ], [ 110.362559999999547, -7.885930000000655 ], [ 110.362810000000508, -7.885969999999644 ], [ 110.362950000000595, -7.886039999999692 ], [ 110.36312, -7.886339999999377 ], [ 110.363279999999534, -7.886500000000792 ], [ 110.363359999999332, -7.886790000000751 ], [ 110.363540000000256, -7.886969999999847 ], [ 110.363579999999232, -7.887150000000758 ] ] ] } },
{ "type": "Feature", "properties": { "KECAMATAN": "Dlingo", "DESA": "Muntuk", "Sektor": "Imogiri" }, "geometry": { "type": "Polygon", "coordinates": [ [ [ 110.463330000000454, -7.90697000000028 ], [ 110.46330999999914, -7.907100000000635 ], [ 110.463219999999595, -7.907279999999718 ], [ 110.463089999999255, -7.907460000000622 ], [ 110.462719999999493, -7.907800000001145 ], [ 110.462450000000857, -7.907939999999425 ], [ 110.4622, -7.90799 ], [ 110.461999999999492, -7.90806 ], [ 110.461869999999152, -7.908100000000828 ], [ 110.461699999999794, -7.90827000000018 ], [ 110.461629999999758, -7.908390000000789 ], [ 110.4611000000004, -7.909600000001133 ], [ 110.460789999999136, -7.910309999999577 ], [ 110.460699999999605, -7.91062000000084 ], [ 110.460709999999352, -7.910710000000383 ], [ 110.460750000000147, -7.910850000000479 ], [ 110.460759999999894, -7.910980000000845 ], [ 110.460740000000399, -7.911169999999675 ], [ 110.460709999999352, -7.9113 ], [ 110.459979999999604, -7.912619999999428 ], [ 110.459860000000802, -7.912829999999575 ], [ 110.45982, -7.912969999999677 ], [ 110.459779999999199, -7.913130000001098 ], [ 110.459810000000246, -7.913280000000952 ], [ 110.459899999999791, -7.913420000001045 ], [ 110.459950000000347, -7.913640000000951 ], [ 110.459950000000347, -7.91389 ], [ 110.45996, -7.91411 ], [ 110.459199999999285, -7.915429999999377 ], [ 110.452199999999678, -7.924000000001156 ], [ 110.451849999999425, -7.925180000000456 ], [ 110.451590000000536, -7.92725000000091 ], [ 110.450230000000332, -7.927710000000212 ], [ 110.447959999999483, -7.92898000000086 ], [ 110.44579999999948, -7.931160000000361 ], [ 110.444450000000828, -7.933240000000571 ], [ 110.443359999999259, -7.934050000000122 ], [ 110.442530000000218, -7.932530000000327 ], [ 110.441259999999559, -7.931549999999607 ], [ 110.439519999999874, -7.930580000000471 ], [ 110.436149999999515, -7.928350000000412 ], [ 110.434779999999549, -7.927729999999712 ], [ 110.433329999999813, -7.92721 ], [ 110.431959999999847, -7.926139999999848 ], [ 110.431319999999644, -7.925240000000754 ], [ 110.431039999999442, -7.923720000000966 ], [ 110.431029999999694, -7.922269999999385 ], [ 110.431109999999506, -7.921200000000951 ], [ 110.430829999999304, -7.919669999999588 ], [ 110.429910000000717, -7.918060000000241 ], [ 110.4313700000002, -7.915639999999538 ], [ 110.430909999999102, -7.915080000000938 ], [ 110.430580000000162, -7.914689999999883 ], [ 110.430389999999491, -7.914339999999638 ], [ 110.430340000000754, -7.914090000000485 ], [ 110.430360000000249, -7.913810000000288 ], [ 110.430210000000415, -7.91317 ], [ 110.43014000000035, -7.912410000001094 ], [ 110.430130000000602, -7.911829999999368 ], [ 110.430189999999101, -7.911539999999425 ], [ 110.430179999999353, -7.911000000000339 ], [ 110.43014000000035, -7.910270000000582 ], [ 110.430099999999541, -7.91012000000073 ], [ 110.430050000000804, -7.90993 ], [ 110.429990000000515, -7.909830000000778 ], [ 110.42987, -7.909669999999372 ], [ 110.42907, -7.909340000000438 ], [ 110.429040000000867, -7.908960000000937 ], [ 110.429140000000146, -7.908589999999367 ], [ 110.429260000000767, -7.908429999999768 ], [ 110.429420000000349, -7.908120000000324 ], [ 110.429799999999844, -7.907080000001133 ], [ 110.429879999999656, -7.906800000000932 ], [ 110.4298500000004, -7.906610000000273 ], [ 110.429899999999151, -7.90625000000028 ], [ 110.429879999999656, -7.906020000000625 ], [ 110.4298500000004, -7.905689999999875 ], [ 110.429500000000147, -7.902140000000425 ], [ 110.430309999999693, -7.901330000000871 ], [ 110.430889999999607, -7.900920000000309 ], [ 110.431430000000518, -7.900540000000814 ], [ 110.431730000000215, -7.900390000000968 ], [ 110.432000000000656, -7.900270000000366 ], [ 110.432220000000555, -7.900190000000567 ], [ 110.4326, -7.900079999999715 ], [ 110.432779999999156, -7.90008999999946 ], [ 110.433429999999092, -7.89985 ], [ 110.43383, -7.899620000000407 ], [ 110.43469, -7.899079999999511 ], [ 110.43662000000036, -7.897890000000459 ], [ 110.436840000000259, -7.897760000000107 ], [ 110.437099999999162, -7.897670000000571 ], [ 110.4375299999992, -7.897419999999602 ], [ 110.437719999999871, -7.897199999999706 ], [ 110.437850000000211, -7.897020000000609 ], [ 110.437920000000261, -7.896860000001025 ], [ 110.438009999999821, -7.896699999999606 ], [ 110.438299999999771, -7.896590000000552 ], [ 110.438669999999519, -7.89647 ], [ 110.438780000000364, -7.896430000000965 ], [ 110.438969999999216, -7.896290000000873 ], [ 110.439210000000429, -7.896129999999451 ], [ 110.439920000000683, -7.89539 ], [ 110.440029999999709, -7.895140000000813 ], [ 110.439990000000719, -7.89496 ], [ 110.439990000000719, -7.89481 ], [ 110.439940000000163, -7.894410000001063 ], [ 110.439959999999658, -7.894169999999852 ], [ 110.440070000000517, -7.894000000000516 ], [ 110.440389999999709, -7.893599999999694 ], [ 110.440559999999053, -7.8935999999997 ], [ 110.44074, -7.893609999999446 ], [ 110.441109999999725, -7.893650000000248 ], [ 110.441269999999307, -7.893640000000502 ], [ 110.441409999999422, -7.893500000000413 ], [ 110.442049999999625, -7.892270000000562 ], [ 110.442230000000521, -7.89158999999955 ], [ 110.442220000000773, -7.89131000000116 ], [ 110.442240000000268, -7.891060000000205 ], [ 110.442220000000773, -7.890869999999538 ], [ 110.44219999999946, -7.890680000000711 ], [ 110.442150000000723, -7.890590000001153 ], [ 110.442119999999662, -7.89049 ], [ 110.44216000000047, -7.89040000000051 ], [ 110.442310000000333, -7.890310000000962 ], [ 110.442590000000521, -7.890149999999552 ], [ 110.442789999999107, -7.88999 ], [ 110.442880000000471, -7.889900000000392 ], [ 110.442960000000284, -7.889750000000558 ], [ 110.443049999999815, -7.889569999999643 ], [ 110.443129999999613, -7.889429999999539 ], [ 110.443230000000739, -7.889349999999737 ], [ 110.443649999999224, -7.889240000000696 ], [ 110.44391, -7.889139999999596 ], [ 110.444310000000726, -7.888839999999893 ], [ 110.44523999999906, -7.8879 ], [ 110.445550000000324, -7.887670000000352 ], [ 110.445750000000743, -7.887530000000239 ], [ 110.445939999999567, -7.887440000000691 ], [ 110.44608999999943, -7.887329999999847 ], [ 110.446169999999213, -7.887210000001049 ], [ 110.446760000000694, -7.88603 ], [ 110.44818999999913, -7.886290000000639 ], [ 110.448449999999823, -7.88639 ], [ 110.448560000000697, -7.886520000000288 ], [ 110.44866, -7.886720000000693 ], [ 110.448899999999384, -7.88768 ], [ 110.449070000000532, -7.887919999999498 ], [ 110.449220000000395, -7.888100000000398 ], [ 110.45118, -7.889820000000602 ], [ 110.451390000000146, -7.889970000000451 ], [ 110.451510000000738, -7.890139999999797 ], [ 110.451559999999475, -7.890279999999896 ], [ 110.451639999999287, -7.890630000000155 ], [ 110.451619999999792, -7.89078 ], [ 110.451689999999843, -7.890980000000398 ], [ 110.45226, -7.891460000001001 ], [ 110.452380000000588, -7.891690000000657 ], [ 110.452460000000386, -7.89189000000106 ], [ 110.452470000000133, -7.891990000000352 ], [ 110.452530000000451, -7.892110000000964 ], [ 110.452639999999491, -7.892250000001066 ], [ 110.45276, -7.89236000000011 ], [ 110.452960000000502, -7.892540000001007 ], [ 110.453129999999831, -7.892949999999752 ], [ 110.453190000000149, -7.893200000000709 ], [ 110.453310000000741, -7.893350000000564 ], [ 110.45585000000024, -7.894529999999845 ], [ 110.456070000000153, -7.894650000000455 ], [ 110.456360000000103, -7.89467 ], [ 110.45687, -7.894700000001016 ], [ 110.457039999999282, -7.894730000000259 ], [ 110.457200000000711, -7.894790000000554 ], [ 110.45766, -7.896430000000957 ], [ 110.4578, -7.896600000000303 ], [ 110.457870000000156, -7.89676999999966 ], [ 110.457909999999146, -7.896930000001062 ], [ 110.457959999999687, -7.89712 ], [ 110.457930000000459, -7.897929999999453 ], [ 110.457909999999146, -7.898260000000219 ], [ 110.457909999999146, -7.898499999999605 ], [ 110.457920000000712, -7.89869000000026 ], [ 110.457969999999435, -7.898849999999861 ], [ 110.458300000000193, -7.89942 ], [ 110.458459999999803, -7.899630000000163 ], [ 110.458479999999298, -7.899859999999809 ], [ 110.458459999999803, -7.900040000000724 ], [ 110.45845, -7.90054000000083 ], [ 110.458459999999803, -7.900750000000971 ], [ 110.458570000000648, -7.900990000000373 ], [ 110.458759999999501, -7.90135000000037 ], [ 110.458780000000814, -7.901630000000575 ], [ 110.45881, -7.90183000000097 ], [ 110.45887000000036, -7.902099999999609 ], [ 110.45888, -7.902340000000834 ], [ 110.458950000000144, -7.90252 ], [ 110.45924, -7.903039999999503 ], [ 110.459430000000765, -7.903490000000882 ], [ 110.459629999999336, -7.903780000000836 ], [ 110.459769999999452, -7.903899999999615 ], [ 110.459989999999351, -7.904010000000471 ], [ 110.46010000000021, -7.9041 ], [ 110.460220000000803, -7.904160000000322 ], [ 110.460590000000551, -7.904549999999563 ], [ 110.461629999999758, -7.905839999999711 ], [ 110.461810000000654, -7.90612 ], [ 110.461849999999657, -7.906290000001072 ], [ 110.461869999999152, -7.906470000000167 ], [ 110.461950000000769, -7.90669 ], [ 110.462020000000805, -7.906890000000478 ], [ 110.462139999999593, -7.90705 ], [ 110.462320000000503, -7.907160000000927 ], [ 110.462470000000366, -7.9072 ], [ 110.46260000000072, -7.907219999999415 ], [ 110.462849999999861, -7.907080000001139 ], [ 110.462960000000706, -7.906989999999769 ], [ 110.463159999999306, -7.90691 ], [ 110.463330000000454, -7.90697000000028 ] ] ] } },
{ "type": "Feature", "properties": { "KECAMATAN": "Dlingo", "DESA": "Jatimulyo", "Sektor": "Piyungan" }, "geometry": { "type": "Polygon", "coordinates": [ [ [ 110.497149999999195, -7.906929999999466 ], [ 110.496880000000559, -7.907719999999522 ], [ 110.496629999999612, -7.908390000000787 ], [ 110.496520000000558, -7.908970000000677 ], [ 110.496429999999208, -7.909760000000733 ], [ 110.49633, -7.910340000000635 ], [ 110.496129999999496, -7.910970000001089 ], [ 110.495950000000406, -7.911550000000995 ], [ 110.495950000000406, -7.91224 ], [ 110.495950000000406, -7.912979999999435 ], [ 110.49605999999946, -7.913539999999837 ], [ 110.49605999999946, -7.913920000001145 ], [ 110.495909999999597, -7.914280000001139 ], [ 110.495709999999207, -7.91454 ], [ 110.495419999999257, -7.914890000000281 ], [ 110.495240000000152, -7.915230000000791 ], [ 110.495199999999343, -7.915569999999483 ], [ 110.495170000000115, -7.916059999999841 ], [ 110.495109999999812, -7.91640000000034 ], [ 110.494899999999646, -7.916750000000597 ], [ 110.494590000000201, -7.917149999999585 ], [ 110.494099999999847, -7.917670000000999 ], [ 110.493780000000655, -7.91808999999949 ], [ 110.493430000000401, -7.918680000000961 ], [ 110.49294, -7.919490000000492 ], [ 110.492689999999101, -7.91987 ], [ 110.492570000000299, -7.920080000000154 ], [ 110.492599999999555, -7.92023999999974 ], [ 110.492809999999693, -7.920550000001005 ], [ 110.492930000000314, -7.920800000000146 ], [ 110.492969999999303, -7.921130000000909 ], [ 110.492899999999253, -7.921329999999487 ], [ 110.492700000000667, -7.921800000000351 ], [ 110.492500000000248, -7.922370000000512 ], [ 110.49222, -7.922769999999502 ], [ 110.49203999999915, -7.922960000000153 ], [ 110.49186, -7.923140000001053 ], [ 110.491739999999453, -7.923290000000907 ], [ 110.49165, -7.923549999999806 ], [ 110.491519999999539, -7.924069999999398 ], [ 110.491369999999705, -7.92469999999985 ], [ 110.491340000000463, -7.92499999999955 ], [ 110.491260000000651, -7.925289999999507 ], [ 110.491149999999806, -7.92581000000092 ], [ 110.491149999999806, -7.926460000000858 ], [ 110.491120000000564, -7.926960000000964 ], [ 110.491289999999893, -7.927379999999457 ], [ 110.491560000000348, -7.92800000000015 ], [ 110.491850000000298, -7.928490000000514 ], [ 110.492179999999237, -7.929179999999453 ], [ 110.492350000000414, -7.929720000000358 ], [ 110.492630000000617, -7.93025999999945 ], [ 110.492949999999809, -7.930829999999601 ], [ 110.493070000000401, -7.93125 ], [ 110.493140000000452, -7.932140000001074 ], [ 110.493070000000401, -7.932559999999556 ], [ 110.49287, -7.933129999999708 ], [ 110.492679999999353, -7.933540000000274 ], [ 110.492550000000804, -7.93384 ], [ 110.492210000000298, -7.934470000000418 ], [ 110.4919699999991, -7.934950000001034 ], [ 110.491830000000803, -7.935520000001173 ], [ 110.491830000000803, -7.935869999999613 ], [ 110.491889999999287, -7.936280000000181 ], [ 110.492099999999439, -7.936680000000984 ], [ 110.49222, -7.937089999999722 ], [ 110.492249999999288, -7.937449999999719 ], [ 110.492120000000753, -7.93800000000037 ], [ 110.491869999999793, -7.93851000000023 ], [ 110.49167999999915, -7.938800000000186 ], [ 110.491319999999135, -7.939099999999872 ], [ 110.490959999999134, -7.939300000000284 ], [ 110.49071, -7.939370000000329 ], [ 110.490429999999805, -7.93938999999982 ], [ 110.489980000000244, -7.939179999999667 ], [ 110.489589999999197, -7.93902999999982 ], [ 110.48934, -7.938980000001095 ], [ 110.488900000000257, -7.939080000000377 ], [ 110.48872999999908, -7.939179999999683 ], [ 110.488680000000343, -7.939270000001041 ], [ 110.48633999999943, -7.93678000000027 ], [ 110.485430000000591, -7.935260000000476 ], [ 110.483770000000689, -7.9324 ], [ 110.481299999999422, -7.92909 ], [ 110.481739999999235, -7.92756000000035 ], [ 110.481820000000852, -7.925670000000814 ], [ 110.482, -7.924499999999447 ], [ 110.482990000000399, -7.922510000000598 ], [ 110.483889999999491, -7.921160000000153 ], [ 110.482149999999791, -7.918830000000794 ], [ 110.480040000000329, -7.916690000000283 ], [ 110.480299999999218, -7.914259999999842 ], [ 110.479559999999736, -7.911930000000488 ], [ 110.476619999999414, -7.907440000001138 ], [ 110.47614000000064, -7.906859999999422 ], [ 110.475909999999175, -7.906680000000324 ], [ 110.47462000000084, -7.905629999999571 ], [ 110.474410000000674, -7.905559999999522 ], [ 110.474140000000219, -7.905520000000532 ], [ 110.473980000000637, -7.905419999999409 ], [ 110.47386, -7.905339999999621 ], [ 110.473780000000218, -7.905199999999515 ], [ 110.473739999999424, -7.90494000000063 ], [ 110.473690000000687, -7.904630000001185 ], [ 110.473529999999258, -7.904399999999717 ], [ 110.473330000000686, -7.904130000001087 ], [ 110.473130000000282, -7.903940000000415 ], [ 110.472840000000332, -7.90381 ], [ 110.472659999999408, -7.903730000000277 ], [ 110.472309999999155, -7.90367 ], [ 110.47213, -7.90365000000048 ], [ 110.47199, -7.90345 ], [ 110.471939999999407, -7.903290000000473 ], [ 110.471830000000381, -7.903039999999511 ], [ 110.471639999999709, -7.902889999999656 ], [ 110.471320000000517, -7.902749999999569 ], [ 110.471120000000113, -7.902669999999764 ], [ 110.470750000000365, -7.90266 ], [ 110.470579999999217, -7.902529999999664 ], [ 110.470520000000718, -7.902249999999466 ], [ 110.470470000000162, -7.901990000000575 ], [ 110.470499999999404, -7.901830000000975 ], [ 110.470660000000834, -7.901410000000679 ], [ 110.470799999999102, -7.901200000000513 ], [ 110.470939999999217, -7.90100000000011 ], [ 110.471110000000365, -7.900820000001021 ], [ 110.471349999999759, -7.90057 ], [ 110.471499999999622, -7.900439999999704 ], [ 110.471729999999255, -7.900299999999601 ], [ 110.471939999999407, -7.900170000001081 ], [ 110.47208999999927, -7.90008999999946 ], [ 110.472309999999155, -7.899990000000169 ], [ 110.472519999999321, -7.899880000001128 ], [ 110.472770000000281, -7.899760000000512 ], [ 110.472900000000621, -7.899610000000662 ], [ 110.473340000000434, -7.899079999999509 ], [ 110.47357, -7.898840000000109 ], [ 110.473640000000131, -7.898540000000422 ], [ 110.473620000000622, -7.898370000001063 ], [ 110.4735, -7.898219999999404 ], [ 110.473299999999611, -7.89798999999976 ], [ 110.473200000000318, -7.897660000000821 ], [ 110.473239999999308, -7.897409999999859 ], [ 110.473270000000369, -7.89717000000047 ], [ 110.473389999999171, -7.896950000000561 ], [ 110.473540000000824, -7.89676999999965 ], [ 110.473770000000485, -7.896479999999705 ], [ 110.473990000000384, -7.89625 ], [ 110.474190000000775, -7.89604 ], [ 110.474210000000269, -7.89595000000036 ], [ 110.474420000000421, -7.895409999999443 ], [ 110.474529999999461, -7.895179999999797 ], [ 110.474589999999779, -7.894910000001161 ], [ 110.474710000000371, -7.894510000000351 ], [ 110.474809999999664, -7.894230000000162 ], [ 110.474879999999729, -7.894029999999754 ], [ 110.475080000000119, -7.893780000000612 ], [ 110.475179999999412, -7.893679999999498 ], [ 110.475409999999059, -7.893529999999657 ], [ 110.476440000000338, -7.892729999999849 ], [ 110.477520000000325, -7.890100000000808 ], [ 110.478890000000277, -7.891079999999688 ], [ 110.480429999999572, -7.890799999999491 ], [ 110.481330000000483, -7.890160000001107 ], [ 110.482700000000449, -7.890149999999539 ], [ 110.483969999999289, -7.890670000000966 ], [ 110.485430000000591, -7.89103000000096 ], [ 110.486699999999445, -7.891190000000552 ], [ 110.488240000000559, -7.890729999999447 ], [ 110.491229999999589, -7.889999999999701 ], [ 110.492029999999403, -7.889680000000502 ], [ 110.492270000000616, -7.889810000000859 ], [ 110.492620000000869, -7.88992999999964 ], [ 110.493029999999592, -7.890110000000549 ], [ 110.493539999999456, -7.890230000001156 ], [ 110.494150000000417, -7.890410000000252 ], [ 110.494619999999443, -7.890530000000857 ], [ 110.495230000000404, -7.89085 ], [ 110.49573000000052, -7.891310000001157 ], [ 110.496139999999244, -7.89193 ], [ 110.496339999999662, -7.892560000000509 ], [ 110.496339999999662, -7.893200000000709 ], [ 110.496269999999598, -7.8939599999997 ], [ 110.49602000000047, -7.894840000001115 ], [ 110.495779999999257, -7.895469999999746 ], [ 110.495689999999712, -7.895800000000509 ], [ 110.495639999999142, -7.89621000000107 ], [ 110.495660000000456, -7.896530000000265 ], [ 110.496100000000268, -7.8969 ], [ 110.496530000000305, -7.897180000000211 ], [ 110.496880000000559, -7.8974999999994 ], [ 110.497149999999195, -7.898010000001075 ], [ 110.497629999999816, -7.899139999999815 ], [ 110.497880000000777, -7.899929999999858 ], [ 110.497849999999701, -7.90046000000103 ], [ 110.497660000000877, -7.90136000000012 ], [ 110.497470000000206, -7.902110000001171 ], [ 110.497439999999145, -7.90288 ], [ 110.497380000000661, -7.903730000000274 ], [ 110.497380000000661, -7.904450000000274 ], [ 110.497520000000762, -7.904940000000624 ], [ 110.497690000000105, -7.905409999999671 ], [ 110.497149999999195, -7.906929999999466 ] ] ] } },
{ "type": "Feature", "properties": { "KECAMATAN": "Pandak", "DESA": "Gilangharjo", "Sektor": "Bantul" }, "geometry": { "type": "Polygon", "coordinates": [ [ [ 110.312359999999856, -7.896409999999653 ], [ 110.312149999999704, -7.896720000000912 ], [ 110.312050000000411, -7.896849999999458 ], [ 110.31196000000088, -7.897139999999395 ], [ 110.3117299999994, -7.897639999999511 ], [ 110.311669999999111, -7.897800000000926 ], [ 110.311700000000172, -7.897940000001018 ], [ 110.31189000000083, -7.89798999999976 ], [ 110.312009999999617, -7.898230000000969 ], [ 110.312099999999148, -7.898359999999506 ], [ 110.312200000000274, -7.898450000000864 ], [ 110.312369999999603, -7.89846000000062 ], [ 110.312509999999719, -7.89834 ], [ 110.313140000000175, -7.898240000000715 ], [ 110.31329, -7.898219999999402 ], [ 110.31351, -7.898250000000463 ], [ 110.313669999999505, -7.89834 ], [ 110.313679999999252, -7.89863 ], [ 110.31358, -7.900620000000627 ], [ 110.31358, -7.900840000000521 ], [ 110.313659999999757, -7.90103000000118 ], [ 110.313799999999873, -7.90122 ], [ 110.31394, -7.901379999999615 ], [ 110.31406000000058, -7.90157000000027 ], [ 110.314039999999252, -7.901850000000477 ], [ 110.31401, -7.902720000000321 ], [ 110.31401, -7.902840000000923 ], [ 110.314050000000819, -7.903080000000316 ], [ 110.31409999999957, -7.903280000000717 ], [ 110.314200000000668, -7.90345 ], [ 110.314329999999202, -7.903710000000777 ], [ 110.314459999999571, -7.903899999999616 ], [ 110.314599999999658, -7.904080000000525 ], [ 110.31473, -7.904230000000371 ], [ 110.314920000000669, -7.904399999999722 ], [ 110.31516, -7.904699999999413 ], [ 110.31516, -7.905049999999666 ], [ 110.315119999999268, -7.905530000000272 ], [ 110.315010000000228, -7.907110000000381 ], [ 110.315119999999268, -7.90816000000113 ], [ 110.315049999999218, -7.90864 ], [ 110.314990000000734, -7.908750000000794 ], [ 110.314870000000113, -7.90886999999958 ], [ 110.314700000000784, -7.909030000000983 ], [ 110.314560000000668, -7.909190000000575 ], [ 110.314510000000112, -7.909390000000982 ], [ 110.314319999999455, -7.910379999999627 ], [ 110.314249999999404, -7.91050000000024 ], [ 110.314150000000126, -7.910620000000834 ], [ 110.313949999999707, -7.910770000000684 ], [ 110.313850000000429, -7.910900000001045 ], [ 110.313799999999873, -7.911109999999371 ], [ 110.31380999999962, -7.911330000001093 ], [ 110.313920000000465, -7.91151000000018 ], [ 110.314210000000415, -7.911710000000597 ], [ 110.314539999999354, -7.911940000000228 ], [ 110.314669999999708, -7.91202999999978 ], [ 110.314770000000834, -7.912189999999368 ], [ 110.3148, -7.912410000001098 ], [ 110.314889999999608, -7.9126 ], [ 110.314990000000734, -7.91274 ], [ 110.315109999999521, -7.912950000000185 ], [ 110.31516, -7.913300000000435 ], [ 110.314969999999406, -7.913570000000892 ], [ 110.314700000000784, -7.914210000001102 ], [ 110.314790000000329, -7.914339999999624 ], [ 110.315070000000532, -7.91455999999954 ], [ 110.315130000000821, -7.914940000000843 ], [ 110.315189999999305, -7.91533 ], [ 110.315220000000366, -7.91552000000074 ], [ 110.315220000000366, -7.915849999999684 ], [ 110.315130000000821, -7.916170000000704 ], [ 110.314870000000113, -7.916649999999483 ], [ 110.314650000000213, -7.916730000001094 ], [ 110.314379999999773, -7.916670000000797 ], [ 110.31408, -7.916600000000747 ], [ 110.313930000000212, -7.916509999999386 ], [ 110.313899999999151, -7.91632000000055 ], [ 110.313889999999404, -7.916010000001099 ], [ 110.31394, -7.915789999999378 ], [ 110.313840000000681, -7.915429999999385 ], [ 110.31372, -7.915269999999786 ], [ 110.313539999999165, -7.915129999999684 ], [ 110.31322999999972, -7.915049999999884 ], [ 110.312959999999251, -7.914979999999836 ], [ 110.312749999999099, -7.914960000000343 ], [ 110.312379999999351, -7.915049999999896 ], [ 110.312299999999567, -7.915170000000492 ], [ 110.312200000000274, -7.915450000000695 ], [ 110.312110000000715, -7.915740000000642 ], [ 110.312089999999401, -7.916129999999892 ], [ 110.312089999999401, -7.916590000001003 ], [ 110.311990000000122, -7.917480000000346 ], [ 110.31437, -7.917649999999684 ], [ 110.315370000000229, -7.917649999999694 ], [ 110.316549999999523, -7.91754000000065 ], [ 110.31783, -7.918260000000646 ], [ 110.31747, -7.918980000000654 ], [ 110.316930000000838, -7.919970000001111 ], [ 110.31639, -7.920430000000393 ], [ 110.315210000000619, -7.920340000000849 ], [ 110.3143, -7.920620000001056 ], [ 110.313399999999049, -7.921070000000607 ], [ 110.31257999999977, -7.921889999999889 ], [ 110.311949999999314, -7.922350000001017 ], [ 110.31094999999911, -7.922629999999387 ], [ 110.310040000000271, -7.922810000000307 ], [ 110.30913999999936, -7.922629999999382 ], [ 110.30832, -7.922549999999589 ], [ 110.30823000000052, -7.923450000000501 ], [ 110.308240000000268, -7.924349999999595 ], [ 110.307969999999813, -7.924800000000963 ], [ 110.306870000000302, -7.924450000000708 ], [ 110.30587, -7.923919999999554 ], [ 110.304969999999187, -7.924100000000446 ], [ 110.30415, -7.925180000000454 ], [ 110.303519999999452, -7.926270000000211 ], [ 110.303260000000563, -7.927350000000205 ], [ 110.30327000000031, -7.928610000001129 ], [ 110.303359999999842, -7.929870000000219 ], [ 110.303459999999134, -7.93103 ], [ 110.305640000000452, -7.931740000000266 ], [ 110.306920000000872, -7.932269999999612 ], [ 110.306829999999493, -7.933349999999615 ], [ 110.306389999999709, -7.934160000000982 ], [ 110.306029999999708, -7.935149999999607 ], [ 110.305399999999253, -7.935880000001186 ], [ 110.30466999999949, -7.936509999999823 ], [ 110.303949999999489, -7.93679 ], [ 110.30386, -7.938140000000486 ], [ 110.304410000000601, -7.93902999999982 ], [ 110.304780000000363, -7.94002000000028 ], [ 110.30443000000011, -7.941010000000734 ], [ 110.303879999999452, -7.941740000000491 ], [ 110.303250000000816, -7.94219 ], [ 110.302789999999689, -7.941290000000933 ], [ 110.302700000000158, -7.940300000000484 ], [ 110.30206, -7.940210000000939 ], [ 110.301520000000849, -7.941030000000231 ], [ 110.30098, -7.941580000000881 ], [ 110.29970999999928, -7.941580000000886 ], [ 110.299069999999077, -7.942400000000176 ], [ 110.299259999999748, -7.943289999999519 ], [ 110.298969999999798, -7.944470000000634 ], [ 110.298360000000656, -7.944740000001098 ], [ 110.29781, -7.94356999999974 ], [ 110.296720000000249, -7.94357999999947 ], [ 110.296000000000234, -7.944219999999675 ], [ 110.294630000000296, -7.94422999999943 ], [ 110.29334999999989, -7.942789999999425 ], [ 110.29290000000033, -7.942080000000989 ], [ 110.291349999999468, -7.94110000000029 ], [ 110.290429999999063, -7.940570000000939 ], [ 110.289160000000223, -7.940039999999771 ], [ 110.288339999999124, -7.939329999999526 ], [ 110.287070000000284, -7.939160000000176 ], [ 110.28686999999988, -7.937449999999722 ], [ 110.287319999999411, -7.936460000001081 ], [ 110.28741000000079, -7.935200000000169 ], [ 110.287399999999224, -7.933849999999715 ], [ 110.28794000000012, -7.932590000000617 ], [ 110.289479999999415, -7.931940000000677 ], [ 110.290929999999165, -7.931300000000473 ], [ 110.29147, -7.930399999999556 ], [ 110.291639999999418, -7.928959999999556 ], [ 110.291810000000595, -7.92743 ], [ 110.291989999999672, -7.926090000001111 ], [ 110.292439999999232, -7.925450000000921 ], [ 110.292980000000142, -7.924370000000903 ], [ 110.293149999999471, -7.92311 ], [ 110.292960000000647, -7.921940000000451 ], [ 110.293139999999724, -7.920679999999541 ], [ 110.29313, -7.919599999999534 ], [ 110.292670000000697, -7.918620000000652 ], [ 110.291279999999418, -7.917180000000656 ], [ 110.291090000000594, -7.916740000000841 ], [ 110.290670000000276, -7.916230000001008 ], [ 110.29061, -7.916129999999893 ], [ 110.290559999999431, -7.916010000001095 ], [ 110.29054, -7.91591 ], [ 110.290499999999128, -7.915730000000906 ], [ 110.29048999999938, -7.915590000000796 ], [ 110.290549999999683, -7.915400000000143 ], [ 110.290759999999821, -7.914559999999538 ], [ 110.291020000000529, -7.914930000001102 ], [ 110.29126999999967, -7.915049999999888 ], [ 110.2914, -7.915139999999432 ], [ 110.291520000000645, -7.915220000001045 ], [ 110.291699999999736, -7.915279999999527 ], [ 110.29183, -7.915300000000847 ], [ 110.292040000000242, -7.915400000000139 ], [ 110.292250000000379, -7.91548999999968 ], [ 110.293369999999385, -7.915940000001043 ], [ 110.29356, -7.915970000000299 ], [ 110.293669999999082, -7.915940000001041 ], [ 110.293739999999119, -7.915880000000753 ], [ 110.293809999999169, -7.915800000000953 ], [ 110.2938900000008, -7.915699999999838 ], [ 110.293960000000851, -7.915569999999487 ], [ 110.294050000000382, -7.915409999999879 ], [ 110.29406000000013, -7.915290000001101 ], [ 110.294089999999372, -7.915069999999374 ], [ 110.29421, -7.914930000001098 ], [ 110.29428, -7.914860000001049 ], [ 110.294369999999574, -7.914769999999678 ], [ 110.29445999999912, -7.914619999999836 ], [ 110.294519999999437, -7.914510000000792 ], [ 110.294550000000498, -7.914419999999428 ], [ 110.294560000000246, -7.914269999999581 ], [ 110.294529999999185, -7.914129999999483 ], [ 110.294480000000434, -7.913960000000134 ], [ 110.294389999999069, -7.91388000000033 ], [ 110.294299999999538, -7.913759999999733 ], [ 110.294029999999069, -7.91353 ], [ 110.29384000000023, -7.91333999999942 ], [ 110.293750000000685, -7.913240000000142 ], [ 110.293680000000649, -7.913150000000588 ], [ 110.293669999999082, -7.913049999999472 ], [ 110.293719999999624, -7.91296 ], [ 110.293879999999234, -7.912889999999879 ], [ 110.294029999999069, -7.912909999999381 ], [ 110.295869999999894, -7.913560000001139 ], [ 110.296070000000299, -7.913619999999637 ], [ 110.296210000000386, -7.913660000000432 ], [ 110.2963, -7.913699999999431 ], [ 110.296549999999073, -7.913769999999476 ], [ 110.296679999999441, -7.913829999999786 ], [ 110.296710000000502, -7.91396999999988 ], [ 110.296689999999188, -7.914090000000497 ], [ 110.29663000000069, -7.914240000000339 ], [ 110.296500000000336, -7.91432000000013 ], [ 110.29637, -7.914339999999625 ], [ 110.296249999999375, -7.914320000000139 ], [ 110.29608, -7.914259999999826 ], [ 110.29594, -7.914230000000591 ], [ 110.295780000000349, -7.914240000000333 ], [ 110.295609999999172, -7.914280000001138 ], [ 110.295469999999085, -7.914310000000381 ], [ 110.295350000000283, -7.914380000000432 ], [ 110.295210000000196, -7.914489999999474 ], [ 110.295120000000651, -7.914629999999587 ], [ 110.295029999999272, -7.914740000000434 ], [ 110.294959999999222, -7.914870000000799 ], [ 110.294889999999185, -7.915020000000641 ], [ 110.294799999999626, -7.915100000000442 ], [ 110.294700000000333, -7.9152300000008 ], [ 110.294610000000802, -7.915360000001151 ], [ 110.294540000000751, -7.915440000000949 ], [ 110.294389999999069, -7.915559999999734 ], [ 110.294379999999322, -7.915670000000604 ], [ 110.294359999999827, -7.915779999999628 ], [ 110.294359999999827, -7.915900000000245 ], [ 110.294429999999878, -7.916040000000343 ], [ 110.294620000000549, -7.9162 ], [ 110.294760000000636, -7.91627 ], [ 110.294939999999741, -7.9163300000003 ], [ 110.295079999999828, -7.916359999999536 ], [ 110.29529, -7.916440000001151 ], [ 110.295400000000839, -7.916499999999644 ], [ 110.29544999999959, -7.916590000001003 ], [ 110.295480000000651, -7.916730000001099 ], [ 110.295480000000651, -7.916859999999636 ], [ 110.295490000000399, -7.917079999999538 ], [ 110.296389999999491, -7.917509999999579 ], [ 110.298870000000505, -7.91706 ], [ 110.298919999999242, -7.916849999999895 ], [ 110.298909999999495, -7.916649999999477 ], [ 110.29889, -7.9164500000009 ], [ 110.298740000000137, -7.916110000000389 ], [ 110.298619999999545, -7.915960000000545 ], [ 110.298570000000808, -7.915810000000697 ], [ 110.298559999999242, -7.915600000000544 ], [ 110.298609999999798, -7.915419999999627 ], [ 110.298899999999747, -7.914930000001094 ], [ 110.299049999999582, -7.914860000001045 ], [ 110.299189999999697, -7.91483 ], [ 110.299360000000846, -7.914800000000746 ], [ 110.299590000000507, -7.914839999999741 ], [ 110.299689999999785, -7.914890000000296 ], [ 110.3004, -7.915059999999627 ], [ 110.300639999999433, -7.915069999999384 ], [ 110.300890000000393, -7.915059999999622 ], [ 110.301059999999751, -7.915040000000143 ], [ 110.30122999999908, -7.914940000000842 ], [ 110.30134, -7.914800000000746 ], [ 110.301530000000596, -7.914629999999576 ], [ 110.302270000000107, -7.913969999999882 ], [ 110.302400000000446, -7.913909999999572 ], [ 110.302659999999349, -7.913810000000281 ], [ 110.30278, -7.913810000000296 ], [ 110.302939999999552, -7.913850000001093 ], [ 110.304459999999352, -7.914119999999737 ], [ 110.304560000000464, -7.91418 ], [ 110.304690000000804, -7.914170000000285 ], [ 110.304780000000363, -7.914170000000293 ], [ 110.304799999999858, -7.913960000000134 ], [ 110.304780000000363, -7.911420000000644 ], [ 110.304760000000869, -7.911200000000728 ], [ 110.304749999999302, -7.911060000000639 ], [ 110.304780000000363, -7.91087 ], [ 110.3048299999991, -7.910599999999527 ], [ 110.304840000000667, -7.910449999999675 ], [ 110.304860000000161, -7.910260000000845 ], [ 110.304879999999642, -7.91012000000073 ], [ 110.304910000000703, -7.909970000000894 ], [ 110.304899999999137, -7.909820000001043 ], [ 110.304889999999389, -7.909600000001147 ], [ 110.304840000000667, -7.909449999999477 ], [ 110.304760000000869, -7.90936 ], [ 110.304620000000753, -7.909270000000387 ], [ 110.304560000000464, -7.909200000000327 ], [ 110.304500000000161, -7.909089999999465 ], [ 110.304500000000161, -7.908949999999375 ], [ 110.30451, -7.908740000001028 ], [ 110.30466999999949, -7.907980000000223 ], [ 110.304700000000551, -7.907830000000382 ], [ 110.304749999999302, -7.907680000000535 ], [ 110.304690000000804, -7.907590000000985 ], [ 110.303550000000513, -7.90727 ], [ 110.3025300000008, -7.906859999999412 ], [ 110.302359999999652, -7.906740000000622 ], [ 110.302250000000598, -7.906660000000826 ], [ 110.302110000000496, -7.90655 ], [ 110.302009999999399, -7.906360000001136 ], [ 110.302030000000713, -7.906250000000274 ], [ 110.302110000000496, -7.906139999999412 ], [ 110.3022, -7.90607000000118 ], [ 110.302289999999601, -7.906000000001128 ], [ 110.302400000000446, -7.9059 ], [ 110.302589999999299, -7.90583 ], [ 110.3027500000007, -7.905790000000979 ], [ 110.302949999999299, -7.90576 ], [ 110.30314999999969, -7.905720000000929 ], [ 110.303330000000599, -7.905650000000886 ], [ 110.303529999999199, -7.905640000001134 ], [ 110.30371, -7.905650000000878 ], [ 110.303910000000513, -7.905629999999568 ], [ 110.305500000000364, -7.905779999999412 ], [ 110.305599999999643, -7.90576 ], [ 110.30577000000082, -7.90572000000094 ], [ 110.30589999999934, -7.905640000001126 ], [ 110.30602, -7.905460000000224 ], [ 110.306070000000517, -7.905280000001139 ], [ 110.306080000000264, -7.905170000000277 ], [ 110.30606000000077, -7.904990000001189 ], [ 110.306339999999153, -7.903950000000179 ], [ 110.306360000000467, -7.90381 ], [ 110.306339999999153, -7.903700000001038 ], [ 110.30631, -7.903560000000931 ], [ 110.306269999999088, -7.90345999999982 ], [ 110.306169999999796, -7.903420000000831 ], [ 110.30606000000077, -7.903340000001025 ], [ 110.305979999999153, -7.90331999999971 ], [ 110.305850000000603, -7.903319999999721 ], [ 110.305749999999506, -7.903280000000729 ], [ 110.305549999999087, -7.90323000000017 ], [ 110.304550000000717, -7.903029999999766 ], [ 110.304410000000601, -7.903000000000526 ], [ 110.30417999999915, -7.902990000000774 ], [ 110.304029999999287, -7.903050000001077 ], [ 110.3038899999992, -7.903200000000921 ], [ 110.303869999999705, -7.903370000000273 ], [ 110.303480000000448, -7.903880000000121 ], [ 110.303330000000599, -7.904119999999509 ], [ 110.30314, -7.904510000000567 ], [ 110.303079999999639, -7.904670000000181 ], [ 110.303019999999336, -7.904790000000782 ], [ 110.302890000000815, -7.904769999999459 ], [ 110.302890000000815, -7.904670000000174 ], [ 110.302939999999552, -7.90446999999977 ], [ 110.30291000000031, -7.904350000000974 ], [ 110.302809999999184, -7.904210000000869 ], [ 110.302719999999638, -7.904140000000823 ], [ 110.301830000000294, -7.903710000000777 ], [ 110.301719999999449, -7.90365000000048 ], [ 110.301600000000647, -7.903580000000428 ], [ 110.301509999999283, -7.903469999999563 ], [ 110.301509999999283, -7.90338 ], [ 110.301559999999839, -7.903249999999667 ], [ 110.301639999999651, -7.903190000001179 ], [ 110.301709999999701, -7.903120000001135 ], [ 110.301890000000597, -7.903000000000522 ], [ 110.302019999999146, -7.90288 ], [ 110.302100000000749, -7.902899999999405 ], [ 110.302340000000157, -7.90277000000087 ], [ 110.30246000000075, -7.902710000000571 ], [ 110.302589999999299, -7.902669999999762 ], [ 110.302760000000447, -7.902640000000523 ], [ 110.302990000000108, -7.90259 ], [ 110.303180000000751, -7.902580000000227 ], [ 110.303359999999842, -7.902529999999664 ], [ 110.303529999999199, -7.90252 ], [ 110.3036900000006, -7.90250000000042 ], [ 110.30393, -7.902440000000124 ], [ 110.304169999999402, -7.902280000000523 ], [ 110.304239999999453, -7.902190000000981 ], [ 110.304299999999742, -7.902060000000627 ], [ 110.30466999999949, -7.90151 ], [ 110.305089999999808, -7.900680000000929 ], [ 110.305150000000111, -7.900460000001014 ], [ 110.3052100000004, -7.900330000000669 ], [ 110.305290000000198, -7.900130000000274 ], [ 110.305360000000249, -7.899920000000121 ], [ 110.30548000000087, -7.899590000001175 ], [ 110.305560000000654, -7.899390000000764 ], [ 110.305570000000401, -7.899270000000166 ], [ 110.305570000000401, -7.899170000000868 ], [ 110.305560000000654, -7.89906 ], [ 110.305619999999138, -7.898840000000106 ], [ 110.305650000000199, -7.89863 ], [ 110.305669999999708, -7.89833000000027 ], [ 110.305749999999506, -7.898040000000312 ], [ 110.30587, -7.897800000000927 ], [ 110.305959999999644, -7.89762 ], [ 110.306039999999456, -7.897530000000472 ], [ 110.306210000000604, -7.897349999999558 ], [ 110.306389999999709, -7.897070000001167 ], [ 110.306430000000518, -7.896989999999555 ], [ 110.306510000000301, -7.896740000000414 ], [ 110.306549999999291, -7.896430000000967 ], [ 110.306570000000605, -7.896240000000307 ], [ 110.306510000000301, -7.895699999999397 ], [ 110.30671000000072, -7.895510000000563 ], [ 110.306899999999544, -7.895310000000162 ], [ 110.30700000000067, -7.895179999999803 ], [ 110.307109999999696, -7.895049999999454 ], [ 110.30724, -7.894860000000609 ], [ 110.307380000000151, -7.894689999999446 ], [ 110.307450000000202, -7.894539999999595 ], [ 110.307549999999509, -7.894270000000961 ], [ 110.307660000000368, -7.89409 ], [ 110.307919999999257, -7.893640000000515 ], [ 110.308259999999763, -7.893029999999548 ], [ 110.308390000000102, -7.892729999999847 ], [ 110.308530000000218, -7.892529999999438 ], [ 110.3086899999998, -7.89248000000071 ], [ 110.308820000000168, -7.89239000000117 ], [ 110.309020000000558, -7.892200000000506 ], [ 110.30933999999975, -7.892099999999392 ], [ 110.30955, -7.891949999999545 ], [ 110.309970000000206, -7.891719999999895 ], [ 110.310260000000156, -7.891560000000307 ], [ 110.310569999999601, -7.891219999999793 ], [ 110.310999999999666, -7.890670000000955 ], [ 110.311100000000764, -7.891270000000343 ], [ 110.311209999999804, -7.891390000000961 ], [ 110.311229999999298, -7.89158999999954 ], [ 110.311219999999551, -7.891719999999892 ], [ 110.311240000000865, -7.891900000000813 ], [ 110.311270000000121, -7.89208 ], [ 110.311320000000677, -7.892529999999448 ], [ 110.311369999999414, -7.893350000000559 ], [ 110.311369999999414, -7.893539999999394 ], [ 110.311379999999161, -7.893720000000311 ], [ 110.311330000000424, -7.89409 ], [ 110.311229999999298, -7.89424 ], [ 110.311139999999753, -7.894420000000809 ], [ 110.31106, -7.8946 ], [ 110.310900000000359, -7.894819999999796 ], [ 110.310719999999463, -7.895140000000807 ], [ 110.310610000000409, -7.895689999999647 ], [ 110.310719999999463, -7.895829999999753 ], [ 110.310910000000106, -7.895920000001119 ], [ 110.311240000000865, -7.895990000001164 ], [ 110.311499999999754, -7.896049999999654 ], [ 110.311760000000461, -7.89611 ], [ 110.312060000000159, -7.896170000000252 ], [ 110.312270000000325, -7.896310000000363 ], [ 110.312359999999856, -7.896409999999653 ] ] ] } },
{ "type": "Feature", "properties": { "KECAMATAN": "Pandak", "DESA": "Wijirejo", "Sektor": "Bantul" }, "geometry": { "type": "Polygon", "coordinates": [ [ [ 110.297490000000792, -7.893319999999495 ], [ 110.2977300000002, -7.893239999999699 ], [ 110.29815000000049, -7.893239999999697 ], [ 110.2983100000001, -7.893210000000459 ], [ 110.298489999999177, -7.893179999999396 ], [ 110.298609999999798, -7.893150000000149 ], [ 110.299049999999582, -7.892990000000558 ], [ 110.299269999999495, -7.89302999999954 ], [ 110.299429999999077, -7.893070000000362 ], [ 110.299600000000254, -7.893340000000809 ], [ 110.29968, -7.893500000000402 ], [ 110.29970999999928, -7.893640000000515 ], [ 110.299759999999836, -7.893800000000101 ], [ 110.29983, -7.893930000000453 ], [ 110.299909999999684, -7.89408000000031 ], [ 110.300090000000608, -7.89431 ], [ 110.300170000000406, -7.89438 ], [ 110.30026, -7.894440000000317 ], [ 110.300390000000291, -7.894539999999601 ], [ 110.300559999999635, -7.894580000000401 ], [ 110.300680000000241, -7.894630000000964 ], [ 110.300820000000357, -7.89467 ], [ 110.300960000000444, -7.894700000001007 ], [ 110.301149999999282, -7.894759999999502 ], [ 110.301299999999131, -7.89481 ], [ 110.301439999999246, -7.894759999999498 ], [ 110.301520000000849, -7.894780000000805 ], [ 110.3017, -7.8948199999998 ], [ 110.301820000000546, -7.89481 ], [ 110.301949999999096, -7.894800000000298 ], [ 110.30206, -7.89481 ], [ 110.302149999999486, -7.89481 ], [ 110.302610000000612, -7.894930000000665 ], [ 110.302770000000194, -7.89503 ], [ 110.302900000000562, -7.895010000000452 ], [ 110.303079999999639, -7.89503 ], [ 110.303169999999184, -7.895060000001011 ], [ 110.30356000000026, -7.895200000001122 ], [ 110.303739999999337, -7.895270000001168 ], [ 110.303869999999705, -7.895270000001168 ], [ 110.304, -7.895270000001166 ], [ 110.304079999999843, -7.895310000000151 ], [ 110.30408999999959, -7.895430000000764 ], [ 110.304099999999337, -7.895520000000314 ], [ 110.304109999999085, -7.895630000001171 ], [ 110.304099999999337, -7.895759999999703 ], [ 110.30415, -7.89589 ], [ 110.304200000000463, -7.895979999999594 ], [ 110.304229999999706, -7.896100000000202 ], [ 110.30436, -7.89611 ], [ 110.304550000000717, -7.896100000000208 ], [ 110.304710000000298, -7.8961000000002 ], [ 110.304879999999642, -7.89611 ], [ 110.305029999999491, -7.896129999999451 ], [ 110.305189999999087, -7.896140000001024 ], [ 110.305329999999188, -7.896150000000763 ], [ 110.30548000000087, -7.896150000000759 ], [ 110.30560999999939, -7.896160000000521 ], [ 110.305749999999506, -7.896129999999454 ], [ 110.305930000000401, -7.896070000000964 ], [ 110.306140000000553, -7.895969999999858 ], [ 110.306249999999594, -7.895850000001058 ], [ 110.306510000000301, -7.895699999999397 ], [ 110.306570000000605, -7.896240000000307 ], [ 110.306549999999291, -7.896430000000967 ], [ 110.306510000000301, -7.896740000000414 ], [ 110.306430000000518, -7.896989999999555 ], [ 110.306389999999709, -7.897070000001167 ], [ 110.306210000000604, -7.897349999999558 ], [ 110.306039999999456, -7.897530000000472 ], [ 110.305959999999644, -7.89762 ], [ 110.30587, -7.897800000000927 ], [ 110.305749999999506, -7.898040000000312 ], [ 110.305669999999708, -7.89833000000027 ], [ 110.305650000000199, -7.89863 ], [ 110.305619999999138, -7.898840000000106 ], [ 110.305560000000654, -7.89906 ], [ 110.305570000000401, -7.899170000000868 ], [ 110.305570000000401, -7.899270000000166 ], [ 110.305560000000654, -7.899390000000764 ], [ 110.30548000000087, -7.899590000001175 ], [ 110.305360000000249, -7.899920000000121 ], [ 110.305290000000198, -7.900130000000274 ], [ 110.3052100000004, -7.900330000000669 ], [ 110.305150000000111, -7.900460000001014 ], [ 110.305089999999808, -7.900680000000929 ], [ 110.30466999999949, -7.90151 ], [ 110.304299999999742, -7.902060000000627 ], [ 110.304239999999453, -7.902190000000981 ], [ 110.304169999999402, -7.902280000000523 ], [ 110.30393, -7.902440000000124 ], [ 110.3036900000006, -7.90250000000042 ], [ 110.303529999999199, -7.90252 ], [ 110.303359999999842, -7.902529999999664 ], [ 110.303180000000751, -7.902580000000227 ], [ 110.302990000000108, -7.90259 ], [ 110.302760000000447, -7.902640000000523 ], [ 110.302589999999299, -7.902669999999762 ], [ 110.30246000000075, -7.902710000000571 ], [ 110.302340000000157, -7.90277000000087 ], [ 110.302100000000749, -7.902899999999405 ], [ 110.302019999999146, -7.90288 ], [ 110.301890000000597, -7.903000000000522 ], [ 110.301709999999701, -7.903120000001135 ], [ 110.301639999999651, -7.903190000001179 ], [ 110.301559999999839, -7.903249999999667 ], [ 110.301509999999283, -7.90338 ], [ 110.301509999999283, -7.903469999999563 ], [ 110.301600000000647, -7.903580000000428 ], [ 110.301719999999449, -7.90365000000048 ], [ 110.301830000000294, -7.903710000000777 ], [ 110.302719999999638, -7.904140000000823 ], [ 110.302809999999184, -7.904210000000869 ], [ 110.30291000000031, -7.904350000000974 ], [ 110.302939999999552, -7.90446999999977 ], [ 110.302890000000815, -7.904670000000174 ], [ 110.302890000000815, -7.904769999999459 ], [ 110.303019999999336, -7.904790000000782 ], [ 110.303079999999639, -7.904670000000181 ], [ 110.30314, -7.904510000000567 ], [ 110.303330000000599, -7.904119999999509 ], [ 110.303480000000448, -7.903880000000121 ], [ 110.303869999999705, -7.903370000000273 ], [ 110.3038899999992, -7.903200000000921 ], [ 110.304029999999287, -7.903050000001077 ], [ 110.30417999999915, -7.902990000000774 ], [ 110.304410000000601, -7.903000000000526 ], [ 110.304550000000717, -7.903029999999766 ], [ 110.305549999999087, -7.90323000000017 ], [ 110.305749999999506, -7.903280000000729 ], [ 110.305850000000603, -7.903319999999721 ], [ 110.305979999999153, -7.90331999999971 ], [ 110.30606000000077, -7.903340000001025 ], [ 110.306169999999796, -7.903420000000831 ], [ 110.306269999999088, -7.90345999999982 ], [ 110.30631, -7.903560000000931 ], [ 110.306339999999153, -7.903700000001038 ], [ 110.306360000000467, -7.90381 ], [ 110.306339999999153, -7.903950000000179 ], [ 110.30606000000077, -7.904990000001189 ], [ 110.306080000000264, -7.905170000000277 ], [ 110.306070000000517, -7.905280000001139 ], [ 110.30602, -7.905460000000224 ], [ 110.30589999999934, -7.905640000001126 ], [ 110.30577000000082, -7.90572000000094 ], [ 110.305599999999643, -7.90576 ], [ 110.305500000000364, -7.905779999999412 ], [ 110.303910000000513, -7.905629999999568 ], [ 110.30371, -7.905650000000878 ], [ 110.303529999999199, -7.905640000001134 ], [ 110.303330000000599, -7.905650000000886 ], [ 110.30314999999969, -7.905720000000929 ], [ 110.302949999999299, -7.90576 ], [ 110.3027500000007, -7.905790000000979 ], [ 110.302589999999299, -7.90583 ], [ 110.302400000000446, -7.9059 ], [ 110.302289999999601, -7.906000000001128 ], [ 110.3022, -7.90607000000118 ], [ 110.302110000000496, -7.906139999999412 ], [ 110.302030000000713, -7.906250000000274 ], [ 110.302009999999399, -7.906360000001136 ], [ 110.302110000000496, -7.90655 ], [ 110.302250000000598, -7.906660000000826 ], [ 110.302359999999652, -7.906740000000622 ], [ 110.3025300000008, -7.906859999999412 ], [ 110.303550000000513, -7.90727 ], [ 110.304690000000804, -7.907590000000985 ], [ 110.304749999999302, -7.907680000000535 ], [ 110.304700000000551, -7.907830000000382 ], [ 110.30466999999949, -7.907980000000223 ], [ 110.30451, -7.908740000001028 ], [ 110.304500000000161, -7.908949999999375 ], [ 110.304500000000161, -7.909089999999465 ], [ 110.304560000000464, -7.909200000000327 ], [ 110.304620000000753, -7.909270000000387 ], [ 110.304760000000869, -7.90936 ], [ 110.304840000000667, -7.909449999999477 ], [ 110.304889999999389, -7.909600000001147 ], [ 110.304899999999137, -7.909820000001043 ], [ 110.304910000000703, -7.909970000000894 ], [ 110.304879999999642, -7.91012000000073 ], [ 110.304860000000161, -7.910260000000845 ], [ 110.304840000000667, -7.910449999999675 ], [ 110.3048299999991, -7.910599999999527 ], [ 110.304780000000363, -7.91087 ], [ 110.304749999999302, -7.911060000000639 ], [ 110.304760000000869, -7.911200000000728 ], [ 110.304780000000363, -7.911420000000644 ], [ 110.304799999999858, -7.913960000000134 ], [ 110.304780000000363, -7.914170000000293 ], [ 110.304690000000804, -7.914170000000285 ], [ 110.304560000000464, -7.91418 ], [ 110.304459999999352, -7.914119999999737 ], [ 110.302939999999552, -7.913850000001093 ], [ 110.30278, -7.913810000000296 ], [ 110.302659999999349, -7.913810000000281 ], [ 110.302400000000446, -7.913909999999572 ], [ 110.302270000000107, -7.913969999999882 ], [ 110.301530000000596, -7.914629999999576 ], [ 110.30134, -7.914800000000746 ], [ 110.30122999999908, -7.914940000000842 ], [ 110.301059999999751, -7.915040000000143 ], [ 110.300890000000393, -7.915059999999622 ], [ 110.300639999999433, -7.915069999999384 ], [ 110.3004, -7.915059999999627 ], [ 110.299689999999785, -7.914890000000296 ], [ 110.299590000000507, -7.914839999999741 ], [ 110.299360000000846, -7.914800000000746 ], [ 110.299189999999697, -7.91483 ], [ 110.299049999999582, -7.914860000001045 ], [ 110.298899999999747, -7.914930000001094 ], [ 110.298609999999798, -7.915419999999627 ], [ 110.298559999999242, -7.915600000000544 ], [ 110.298570000000808, -7.915810000000697 ], [ 110.298619999999545, -7.915960000000545 ], [ 110.298740000000137, -7.916110000000389 ], [ 110.29889, -7.9164500000009 ], [ 110.298909999999495, -7.916649999999477 ], [ 110.298919999999242, -7.916849999999895 ], [ 110.298870000000505, -7.91706 ], [ 110.296389999999491, -7.917509999999579 ], [ 110.295490000000399, -7.917079999999538 ], [ 110.295480000000651, -7.916859999999636 ], [ 110.295480000000651, -7.916730000001099 ], [ 110.29544999999959, -7.916590000001003 ], [ 110.295400000000839, -7.916499999999644 ], [ 110.29529, -7.916440000001151 ], [ 110.295079999999828, -7.916359999999536 ], [ 110.294939999999741, -7.9163300000003 ], [ 110.294760000000636, -7.91627 ], [ 110.294620000000549, -7.9162 ], [ 110.294429999999878, -7.916040000000343 ], [ 110.294359999999827, -7.915900000000245 ], [ 110.294359999999827, -7.915779999999628 ], [ 110.294379999999322, -7.915670000000604 ], [ 110.294389999999069, -7.915559999999734 ], [ 110.294540000000751, -7.915440000000949 ], [ 110.294610000000802, -7.915360000001151 ], [ 110.294700000000333, -7.9152300000008 ], [ 110.294799999999626, -7.915100000000442 ], [ 110.294889999999185, -7.915020000000641 ], [ 110.294959999999222, -7.914870000000799 ], [ 110.295029999999272, -7.914740000000434 ], [ 110.295120000000651, -7.914629999999587 ], [ 110.295210000000196, -7.914489999999474 ], [ 110.295350000000283, -7.914380000000432 ], [ 110.295469999999085, -7.914310000000381 ], [ 110.295609999999172, -7.914280000001138 ], [ 110.295780000000349, -7.914240000000333 ], [ 110.29594, -7.914230000000591 ], [ 110.29608, -7.914259999999826 ], [ 110.296249999999375, -7.914320000000139 ], [ 110.29637, -7.914339999999625 ], [ 110.296500000000336, -7.91432000000013 ], [ 110.29663000000069, -7.914240000000339 ], [ 110.296689999999188, -7.914090000000497 ], [ 110.296710000000502, -7.91396999999988 ], [ 110.296679999999441, -7.913829999999786 ], [ 110.296549999999073, -7.913769999999476 ], [ 110.2963, -7.913699999999431 ], [ 110.296210000000386, -7.913660000000432 ], [ 110.296070000000299, -7.913619999999637 ], [ 110.295869999999894, -7.913560000001139 ], [ 110.294029999999069, -7.912909999999381 ], [ 110.293879999999234, -7.912889999999879 ], [ 110.293719999999624, -7.91296 ], [ 110.293669999999082, -7.913049999999472 ], [ 110.293680000000649, -7.913150000000588 ], [ 110.293750000000685, -7.913240000000142 ], [ 110.29384000000023, -7.91333999999942 ], [ 110.294029999999069, -7.91353 ], [ 110.294299999999538, -7.913759999999733 ], [ 110.294389999999069, -7.91388000000033 ], [ 110.294480000000434, -7.913960000000134 ], [ 110.294529999999185, -7.914129999999483 ], [ 110.294560000000246, -7.914269999999581 ], [ 110.294550000000498, -7.914419999999428 ], [ 110.294519999999437, -7.914510000000792 ], [ 110.29445999999912, -7.914619999999836 ], [ 110.294369999999574, -7.914769999999678 ], [ 110.29428, -7.914860000001049 ], [ 110.29421, -7.914930000001098 ], [ 110.294089999999372, -7.915069999999374 ], [ 110.29406000000013, -7.915290000001101 ], [ 110.294050000000382, -7.915409999999879 ], [ 110.293960000000851, -7.915569999999487 ], [ 110.2938900000008, -7.915699999999838 ], [ 110.293809999999169, -7.915800000000953 ], [ 110.293739999999119, -7.915880000000753 ], [ 110.293669999999082, -7.915940000001041 ], [ 110.29356, -7.915970000000299 ], [ 110.293369999999385, -7.915940000001043 ], [ 110.292250000000379, -7.91548999999968 ], [ 110.292040000000242, -7.915400000000139 ], [ 110.29183, -7.915300000000847 ], [ 110.291699999999736, -7.915279999999527 ], [ 110.291520000000645, -7.915220000001045 ], [ 110.2914, -7.915139999999432 ], [ 110.29126999999967, -7.915049999999888 ], [ 110.291020000000529, -7.914930000001102 ], [ 110.290759999999821, -7.914559999999538 ], [ 110.290829999999886, -7.914440000000736 ], [ 110.290940000000731, -7.914380000000434 ], [ 110.29111, -7.914220000000851 ], [ 110.29126999999967, -7.91425999999984 ], [ 110.291429999999281, -7.91432999999988 ], [ 110.291610000000176, -7.914370000000692 ], [ 110.291769999999786, -7.914370000000695 ], [ 110.291880000000631, -7.914339999999622 ], [ 110.291999999999419, -7.914259999999834 ], [ 110.292079999999231, -7.91418 ], [ 110.292110000000292, -7.914070000001002 ], [ 110.29212, -7.913909999999578 ], [ 110.292090000000798, -7.913769999999472 ], [ 110.291999999999419, -7.913619999999629 ], [ 110.291929999999368, -7.913510000000595 ], [ 110.29183, -7.913399999999728 ], [ 110.291719999999231, -7.913300000000442 ], [ 110.291639999999418, -7.913150000000592 ], [ 110.291600000000429, -7.912990000000992 ], [ 110.291590000000681, -7.912889999999885 ], [ 110.291610000000176, -7.912759999999524 ], [ 110.29162, -7.91261999999943 ], [ 110.291639999999418, -7.91249000000089 ], [ 110.291629999999671, -7.912399999999529 ], [ 110.291429999999281, -7.912370000000291 ], [ 110.291310000000479, -7.912360000000529 ], [ 110.291209999999381, -7.912340000001041 ], [ 110.291030000000276, -7.912350000000794 ], [ 110.29090999999967, -7.912340000001044 ], [ 110.290800000000644, -7.912319999999727 ], [ 110.290600000000225, -7.912329999999479 ], [ 110.290440000000629, -7.912329999999473 ], [ 110.290240000000239, -7.912329999999471 ], [ 110.289979999999517, -7.912280000000741 ], [ 110.28961999999953, -7.912270000000989 ], [ 110.289730000000375, -7.912050000001097 ], [ 110.289919999999228, -7.91173 ], [ 110.289940000000541, -7.911420000000644 ], [ 110.289930000000794, -7.911280000000534 ], [ 110.289919999999228, -7.911140000000439 ], [ 110.289759999999617, -7.911060000000635 ], [ 110.289389999999869, -7.910970000001095 ], [ 110.289199999999212, -7.910920000000539 ], [ 110.2891, -7.910910000000791 ], [ 110.288870000000273, -7.91086000000024 ], [ 110.288769999999161, -7.910900000001035 ], [ 110.28859, -7.910990000000579 ], [ 110.288490000000778, -7.91106000000063 ], [ 110.28838, -7.911099999999621 ], [ 110.288259999999312, -7.911120000000934 ], [ 110.28809999999973, -7.911099999999627 ], [ 110.287959999999615, -7.911060000000636 ], [ 110.287790000000285, -7.910990000000583 ], [ 110.28770000000074, -7.910920000000533 ], [ 110.287599999999614, -7.91086000000024 ], [ 110.287490000000588, -7.910760000000934 ], [ 110.287350000000473, -7.910710000000384 ], [ 110.287200000000624, -7.910620000000844 ], [ 110.28701, -7.910500000000232 ], [ 110.28686999999988, -7.910250000001096 ], [ 110.286819999999324, -7.910050000000679 ], [ 110.286799999999829, -7.909890000001084 ], [ 110.286760000000839, -7.909620000000637 ], [ 110.286679999999208, -7.90941000000049 ], [ 110.28659999999941, -7.90936 ], [ 110.286500000000132, -7.90936 ], [ 110.286410000000572, -7.909379999999424 ], [ 110.286210000000182, -7.909410000000483 ], [ 110.286050000000571, -7.90941000000049 ], [ 110.285509999999675, -7.90928999999987 ], [ 110.285379999999307, -7.909289999999873 ], [ 110.285260000000534, -7.90936 ], [ 110.28507999999961, -7.909470000000785 ], [ 110.284799999999407, -7.909390000000984 ], [ 110.284680000000634, -7.909379999999426 ], [ 110.284530000000771, -7.909400000000732 ], [ 110.284359999999623, -7.909550000000585 ], [ 110.284219999999507, -7.90986999999977 ], [ 110.284079999999406, -7.91015 ], [ 110.283989999999875, -7.910260000000835 ], [ 110.283859999999507, -7.910400000000943 ], [ 110.283659999999117, -7.91051 ], [ 110.283530000000567, -7.910550000000794 ], [ 110.283380000000733, -7.91058 ], [ 110.28313999999952, -7.910550000000792 ], [ 110.282639999999404, -7.910350000000387 ], [ 110.28245000000058, -7.91023999999952 ], [ 110.282339999999706, -7.910180000001035 ], [ 110.282069999999251, -7.910019999999622 ], [ 110.28197, -7.910029999999374 ], [ 110.281670000000261, -7.910009999999882 ], [ 110.281310000000261, -7.910029999999374 ], [ 110.281000000000816, -7.90993 ], [ 110.280860000000729, -7.90987999999952 ], [ 110.280749999999856, -7.909760000000739 ], [ 110.28053, -7.908920000000133 ], [ 110.280570000000779, -7.908830000000583 ], [ 110.28089, -7.90878 ], [ 110.281080000000614, -7.908729999999467 ], [ 110.281300000000513, -7.908560000000121 ], [ 110.281499999999113, -7.908450000001091 ], [ 110.28161, -7.90835 ], [ 110.281730000000564, -7.90821999999963 ], [ 110.28187000000068, -7.908110000000574 ], [ 110.282010000000767, -7.907980000000236 ], [ 110.28216000000063, -7.907800000001135 ], [ 110.282320000000212, -7.907600000000737 ], [ 110.282440000000832, -7.90742999999957 ], [ 110.282499999999317, -7.907310000000781 ], [ 110.282600000000414, -7.90710000000063 ], [ 110.282649999999151, -7.90691 ], [ 110.28269, -7.90683000000018 ], [ 110.28274000000053, -7.906709999999578 ], [ 110.282880000000617, -7.906590000000773 ], [ 110.283009999999166, -7.906460000000426 ], [ 110.283110000000278, -7.906320000000334 ], [ 110.283170000000567, -7.906220000001039 ], [ 110.283250000000365, -7.906090000000671 ], [ 110.28326999999986, -7.906000000001139 ], [ 110.283330000000177, -7.905839999999714 ], [ 110.283400000000228, -7.905670000000373 ], [ 110.283470000000264, -7.905580000000826 ], [ 110.28355, -7.905460000000232 ], [ 110.283629999999874, -7.905390000000173 ], [ 110.283709999999672, -7.905269999999558 ], [ 110.283820000000517, -7.905100000000222 ], [ 110.283799999999204, -7.90500000000093 ], [ 110.283760000000228, -7.90489 ], [ 110.28368000000043, -7.904769999999472 ], [ 110.283569999999557, -7.904730000000476 ], [ 110.283470000000264, -7.904650000000677 ], [ 110.28332000000043, -7.904600000000119 ], [ 110.283180000000314, -7.904490000001083 ], [ 110.283059999999722, -7.904290000000672 ], [ 110.283009999999166, -7.904140000000823 ], [ 110.28298, -7.903920000000927 ], [ 110.282999999999404, -7.903790000000573 ], [ 110.28310000000053, -7.903660000000214 ], [ 110.283160000000819, -7.903580000000428 ], [ 110.283349999999672, -7.903440000000315 ], [ 110.283439999999217, -7.903370000000279 ], [ 110.283589999999052, -7.903280000000725 ], [ 110.28368000000043, -7.903179999999618 ], [ 110.283729999999167, -7.903050000001085 ], [ 110.283729999999167, -7.902930000000466 ], [ 110.28371999999942, -7.902770000000872 ], [ 110.283659999999117, -7.902679999999514 ], [ 110.28352000000082, -7.90255000000098 ], [ 110.283450000000784, -7.902470000001176 ], [ 110.28326999999986, -7.90237 ], [ 110.283149999999253, -7.90226000000102 ], [ 110.283110000000278, -7.902169999999663 ], [ 110.28313999999952, -7.902060000000621 ], [ 110.28326999999986, -7.901850000000466 ], [ 110.283369999999167, -7.901739999999606 ], [ 110.283450000000784, -7.901680000001128 ], [ 110.28352000000082, -7.901610000001075 ], [ 110.283629999999874, -7.901550000000774 ], [ 110.283740000000734, -7.901519999999717 ], [ 110.283900000000315, -7.901459999999405 ], [ 110.28406, -7.901420000000423 ], [ 110.28413, -7.901309999999564 ], [ 110.284180000000518, -7.901140000000212 ], [ 110.284219999999507, -7.901050000000669 ], [ 110.284240000000821, -7.90096000000113 ], [ 110.28427, -7.900820000001027 ], [ 110.284279999999825, -7.900670000001177 ], [ 110.28449, -7.90047000000077 ], [ 110.284649999999573, -7.900390000000966 ], [ 110.284799999999407, -7.900330000000669 ], [ 110.284910000000281, -7.900280000000113 ], [ 110.285089999999357, -7.900180000000819 ], [ 110.285250000000786, -7.900040000000713 ], [ 110.28535, -7.899920000000116 ], [ 110.285410000000368, -7.899789999999755 ], [ 110.28535, -7.899200000000108 ], [ 110.285309999999271, -7.899079999999508 ], [ 110.28521, -7.898830000000365 ], [ 110.285159999999408, -7.89873000000108 ], [ 110.28499, -7.898100000000615 ], [ 110.28494999999927, -7.897880000000728 ], [ 110.284939999999523, -7.897660000000814 ], [ 110.284890000000786, -7.89748 ], [ 110.284859999999711, -7.897349999999554 ], [ 110.284869999999472, -7.897230000000766 ], [ 110.28492, -7.897000000001117 ], [ 110.284999999999826, -7.8969 ], [ 110.285130000000166, -7.896839999999711 ], [ 110.285299999999523, -7.896820000000212 ], [ 110.285470000000672, -7.896810000000462 ], [ 110.285680000000823, -7.896800000000712 ], [ 110.285770000000369, -7.8969 ], [ 110.285799999999625, -7.897000000001118 ], [ 110.285840000000434, -7.89712 ], [ 110.285900000000737, -7.897230000000772 ], [ 110.285959999999207, -7.897290000001074 ], [ 110.286040000000824, -7.897470000000162 ], [ 110.28610999999907, -7.89755 ], [ 110.286280000000218, -7.897540000000209 ], [ 110.28636, -7.89748 ], [ 110.286439999999828, -7.89739000000036 ], [ 110.286560000000435, -7.89730000000081 ], [ 110.286749999999273, -7.89725000000027 ], [ 110.28694, -7.897279999999502 ], [ 110.287099999999526, -7.897320000000311 ], [ 110.287280000000422, -7.897440000000921 ], [ 110.287379999999729, -7.897520000000714 ], [ 110.287469999999274, -7.897639999999503 ], [ 110.287819999999513, -7.897699999999801 ], [ 110.287920000000625, -7.89769 ], [ 110.288070000000488, -7.897670000000571 ], [ 110.28816, -7.897639999999498 ], [ 110.288329999999377, -7.897600000000513 ], [ 110.288479999999211, -7.897590000000775 ], [ 110.288570000000576, -7.89755 ], [ 110.288650000000388, -7.897470000000171 ], [ 110.288720000000438, -7.897360000001116 ], [ 110.288749999999666, -7.897240000000516 ], [ 110.288769999999161, -7.897139999999397 ], [ 110.288780000000727, -7.897049999999851 ], [ 110.288819999999717, -7.896950000000557 ], [ 110.288850000000778, -7.896849999999453 ], [ 110.288889999999768, -7.896769999999647 ], [ 110.288909999999277, -7.896670000000364 ], [ 110.289010000000388, -7.896440000000705 ], [ 110.289080000000425, -7.896370000000664 ], [ 110.289210000000779, -7.896320000000105 ], [ 110.289300000000338, -7.896320000000109 ], [ 110.289520000000223, -7.896329999999851 ], [ 110.289650000000591, -7.896360000000915 ], [ 110.289769999999365, -7.896409999999661 ], [ 110.289919999999228, -7.896450000000457 ], [ 110.290020000000325, -7.896510000000764 ], [ 110.290109999999871, -7.896699999999599 ], [ 110.290100000000123, -7.896940000000817 ], [ 110.290090000000376, -7.897129999999649 ], [ 110.290059999999315, -7.897230000000771 ], [ 110.290090000000376, -7.89739000000037 ], [ 110.29003, -7.897460000000411 ], [ 110.28989, -7.897699999999805 ], [ 110.28983999999943, -7.89779000000117 ], [ 110.289759999999617, -7.897999999999502 ], [ 110.289709999999062, -7.898080000001129 ], [ 110.289660000000339, -7.898209999999654 ], [ 110.289609999999783, -7.898300000001023 ], [ 110.289559999999227, -7.898380000000819 ], [ 110.289500000000729, -7.898460000000617 ], [ 110.289419999999112, -7.898610000000458 ], [ 110.289370000000375, -7.898750000000571 ], [ 110.289230000000288, -7.899040000000511 ], [ 110.289210000000779, -7.899219999999605 ], [ 110.289280000000844, -7.899310000000968 ], [ 110.289360000000627, -7.899400000000515 ], [ 110.289469999999667, -7.899450000001067 ], [ 110.289570000000793, -7.899540000000625 ], [ 110.289720000000628, -7.899620000000423 ], [ 110.290549999999683, -7.900079999999704 ], [ 110.290699999999518, -7.900110000000773 ], [ 110.290839999999633, -7.900120000000515 ], [ 110.29104, -7.90017000000107 ], [ 110.291209999999381, -7.900170000001077 ], [ 110.291429999999281, -7.900130000000266 ], [ 110.29169, -7.900030000000981 ], [ 110.29184999999957, -7.899980000000411 ], [ 110.291999999999419, -7.899900000000621 ], [ 110.292129999999787, -7.899830000000573 ], [ 110.292240000000632, -7.899770000000266 ], [ 110.292349999999686, -7.899680000000715 ], [ 110.292540000000329, -7.899530000000873 ], [ 110.292880000000835, -7.89928 ], [ 110.293219999999522, -7.89913 ], [ 110.293680000000649, -7.898960000000719 ], [ 110.294079999999624, -7.898849999999863 ], [ 110.294480000000434, -7.898789999999552 ], [ 110.294620000000549, -7.898779999999801 ], [ 110.29471, -7.898779999999815 ], [ 110.294819999999135, -7.898740000000816 ], [ 110.294900000000752, -7.898649999999455 ], [ 110.295009999999778, -7.898460000000628 ], [ 110.295, -7.898330000000262 ], [ 110.294910000000499, -7.897720000001123 ], [ 110.294830000000701, -7.897610000000261 ], [ 110.294770000000383, -7.897520000000717 ], [ 110.294719999999828, -7.897390000000367 ], [ 110.29464, -7.8964 ], [ 110.294610000000802, -7.896240000000319 ], [ 110.294620000000549, -7.896090000000465 ], [ 110.29457999999974, -7.895979999999599 ], [ 110.29450999999969, -7.895920000001112 ], [ 110.294439999999625, -7.895740000000207 ], [ 110.294309999999285, -7.895650000000663 ], [ 110.294180000000736, -7.895600000000116 ], [ 110.293970000000598, -7.89551000000056 ], [ 110.2938900000008, -7.895430000000767 ], [ 110.293820000000736, -7.895300000000418 ], [ 110.293719999999624, -7.895000000000705 ], [ 110.293690000000396, -7.894840000001122 ], [ 110.293729999999371, -7.894700000001016 ], [ 110.293859999999725, -7.894599999999896 ], [ 110.294040000000635, -7.894529999999861 ], [ 110.294120000000433, -7.894469999999557 ], [ 110.294330000000585, -7.89393000000045 ], [ 110.294359999999827, -7.89373 ], [ 110.294340000000332, -7.893640000000512 ], [ 110.294340000000332, -7.893550000000965 ], [ 110.294260000000548, -7.8933 ], [ 110.29428, -7.89316 ], [ 110.294299999999538, -7.893019999999792 ], [ 110.294340000000332, -7.892809999999642 ], [ 110.294379999999322, -7.892620000000815 ], [ 110.29450999999969, -7.892390000001157 ], [ 110.294659999999524, -7.89221000000025 ], [ 110.294809999999387, -7.892130000000454 ], [ 110.295130000000398, -7.891960000001101 ], [ 110.295299999999727, -7.891920000000305 ], [ 110.295439999999843, -7.891900000000811 ], [ 110.295570000000183, -7.891890000001055 ], [ 110.29573999999954, -7.891949999999549 ], [ 110.295829999999086, -7.892050000000654 ], [ 110.295840000000652, -7.892200000000503 ], [ 110.295819999999338, -7.892410000000657 ], [ 110.295749999999288, -7.892529999999443 ], [ 110.295550000000702, -7.892760000000918 ], [ 110.295469999999085, -7.892949999999741 ], [ 110.295500000000146, -7.893179999999396 ], [ 110.295599999999425, -7.893280000000503 ], [ 110.295889999999375, -7.893309999999743 ], [ 110.296140000000349, -7.89340000000112 ], [ 110.296389999999491, -7.893480000000916 ], [ 110.296580000000134, -7.89348000000091 ], [ 110.296739999999744, -7.893470000001158 ], [ 110.296899999999326, -7.893490000000658 ], [ 110.297119999999225, -7.893389999999542 ], [ 110.297319999999644, -7.89337 ], [ 110.297490000000792, -7.893319999999495 ] ] ] } },
{ "type": "Feature", "properties": { "KECAMATAN": "Imogiri", "DESA": "Wukirsari", "Sektor": "Imogiri" }, "geometry": { "type": "Polygon", "coordinates": [ [ [ 110.42706, -7.896849999999453 ], [ 110.426980000000142, -7.897779999999611 ], [ 110.427050000000193, -7.89805 ], [ 110.42713, -7.898240000000722 ], [ 110.427260000000345, -7.8987 ], [ 110.427480000000259, -7.899190000000362 ], [ 110.42763, -7.89964 ], [ 110.427869999999487, -7.900089999999452 ], [ 110.428190000000498, -7.900550000000567 ], [ 110.428599999999236, -7.901000000000109 ], [ 110.428970000000817, -7.90128000000032 ], [ 110.429179999999135, -7.901470000000971 ], [ 110.429330000000817, -7.901659999999818 ], [ 110.429459999999338, -7.901879999999718 ], [ 110.429500000000147, -7.902140000000425 ], [ 110.4298500000004, -7.905689999999875 ], [ 110.429879999999656, -7.906020000000625 ], [ 110.429899999999151, -7.90625000000028 ], [ 110.4298500000004, -7.906610000000273 ], [ 110.429879999999656, -7.906800000000932 ], [ 110.429799999999844, -7.907080000001133 ], [ 110.429420000000349, -7.908120000000324 ], [ 110.429260000000767, -7.908429999999768 ], [ 110.429140000000146, -7.908589999999367 ], [ 110.429040000000867, -7.908960000000937 ], [ 110.42907, -7.909340000000438 ], [ 110.42987, -7.909669999999372 ], [ 110.429990000000515, -7.909830000000778 ], [ 110.430050000000804, -7.90993 ], [ 110.430099999999541, -7.91012000000073 ], [ 110.43014000000035, -7.910270000000582 ], [ 110.430179999999353, -7.911000000000339 ], [ 110.430189999999101, -7.911539999999425 ], [ 110.430130000000602, -7.911829999999368 ], [ 110.43014000000035, -7.912410000001094 ], [ 110.430210000000415, -7.91317 ], [ 110.430360000000249, -7.913810000000288 ], [ 110.430340000000754, -7.914090000000485 ], [ 110.430389999999491, -7.914339999999638 ], [ 110.430580000000162, -7.914689999999883 ], [ 110.430909999999102, -7.915080000000938 ], [ 110.4313700000002, -7.915639999999538 ], [ 110.428180000000751, -7.917450000001105 ], [ 110.42727999999984, -7.918170000001107 ], [ 110.426559999999853, -7.918799999999745 ], [ 110.425559999999649, -7.91944 ], [ 110.425020000000558, -7.920620000001065 ], [ 110.425119999999836, -7.921969999999689 ], [ 110.425219999999143, -7.923220000000867 ], [ 110.424950000000507, -7.924209999999489 ], [ 110.42432, -7.925110000000405 ], [ 110.42341999999914, -7.926020000001072 ], [ 110.42252, -7.926750000000808 ], [ 110.4217900000003, -7.927200000000361 ], [ 110.420700000000537, -7.927480000000559 ], [ 110.419069999999891, -7.927579999999855 ], [ 110.4177, -7.926880000001166 ], [ 110.417240000000646, -7.925980000000252 ], [ 110.41587000000068, -7.92491 ], [ 110.41415000000049, -7.925010000001121 ], [ 110.412700000000726, -7.925300000001059 ], [ 110.411519999999612, -7.925569999999692 ], [ 110.410889999999156, -7.926030000000814 ], [ 110.41043999999961, -7.926750000000813 ], [ 110.408620000000113, -7.92703000000102 ], [ 110.40726, -7.927309999999402 ], [ 110.405800000000411, -7.926960000000959 ], [ 110.404529999999767, -7.92697000000071 ], [ 110.403979999999095, -7.926170000000911 ], [ 110.40324999999936, -7.925180000000452 ], [ 110.401970000000773, -7.92321000000111 ], [ 110.401509999999647, -7.92196 ], [ 110.403039999999194, -7.920239999999736 ], [ 110.40530000000031, -7.917890000000901 ], [ 110.405740000000122, -7.916260000000252 ], [ 110.40600000000083, -7.91375 ], [ 110.40308999999975, -7.912860000000637 ], [ 110.401630000000267, -7.912609999999672 ], [ 110.399009999999137, -7.914150000000799 ], [ 110.399199999999809, -7.915590000000794 ], [ 110.399760000000214, -7.91856000000034 ], [ 110.397950000000463, -7.919830000001001 ], [ 110.394500000000306, -7.920749999999591 ], [ 110.390610000000336, -7.921950000000206 ], [ 110.387979999999487, -7.923409999999708 ], [ 110.387090000000143, -7.923769999999695 ], [ 110.387249999999725, -7.923049999999689 ], [ 110.387150000000446, -7.921889999999893 ], [ 110.386689999999319, -7.920809999999896 ], [ 110.386319999999571, -7.919640000000352 ], [ 110.38623, -7.91884000000055 ], [ 110.38681, -7.916330000000282 ], [ 110.386780000000698, -7.915450000000689 ], [ 110.386780000000698, -7.915269999999788 ], [ 110.386699999999067, -7.91497 ], [ 110.386609999999521, -7.914810000000485 ], [ 110.386529999999738, -7.91461999999984 ], [ 110.38645, -7.914460000000242 ], [ 110.386379999999875, -7.914280000001155 ], [ 110.386309999999824, -7.91411 ], [ 110.386280000000582, -7.913960000000146 ], [ 110.386270000000835, -7.913860000000851 ], [ 110.386249999999521, -7.913660000000437 ], [ 110.38623, -7.913539999999831 ], [ 110.386220000000293, -7.913399999999728 ], [ 110.386259999999268, -7.913259999999622 ], [ 110.386309999999824, -7.912979999999429 ], [ 110.386609999999521, -7.912120000001139 ], [ 110.386669999999825, -7.911990000000793 ], [ 110.386829999999435, -7.911819999999629 ], [ 110.38695, -7.911749999999569 ], [ 110.387290000000533, -7.91159 ], [ 110.38665000000033, -7.911040000001144 ], [ 110.386630000000835, -7.910949999999772 ], [ 110.386630000000835, -7.910840000000741 ], [ 110.38666, -7.910690000000899 ], [ 110.386689999999319, -7.91058 ], [ 110.386640000000583, -7.910420000000439 ], [ 110.386370000000127, -7.910299999999827 ], [ 110.386080000000177, -7.91015 ], [ 110.385969999999318, -7.910000000000128 ], [ 110.38587, -7.909640000000135 ], [ 110.385850000000545, -7.909490000000274 ], [ 110.385809999999736, -7.909350000000188 ], [ 110.385669999999621, -7.909270000000376 ], [ 110.385029999999418, -7.908740000001044 ], [ 110.38486, -7.908680000000728 ], [ 110.384749999999215, -7.908770000000287 ], [ 110.384570000000139, -7.909320000000942 ], [ 110.384990000000428, -7.909449999999484 ], [ 110.385089999999721, -7.909509999999776 ], [ 110.385120000000782, -7.909610000000887 ], [ 110.384959999999381, -7.910009999999876 ], [ 110.384869999999836, -7.910089999999676 ], [ 110.384739999999468, -7.91004000000093 ], [ 110.384159999999568, -7.909949999999573 ], [ 110.383910000000427, -7.909869999999773 ], [ 110.383869999999618, -7.910000000000122 ], [ 110.383739999999264, -7.910320000001136 ], [ 110.383760000000578, -7.91044 ], [ 110.383850000000123, -7.910640000000326 ], [ 110.384, -7.910700000000642 ], [ 110.384169999999315, -7.910739999999622 ], [ 110.384200000000376, -7.910970000001091 ], [ 110.38336999999953, -7.912940000000445 ], [ 110.383309999999227, -7.9131 ], [ 110.38321, -7.913119999999536 ], [ 110.383089999999328, -7.913049999999487 ], [ 110.382840000000172, -7.913210000000887 ], [ 110.382750000000641, -7.913870000000585 ], [ 110.382480000000186, -7.91396000000013 ], [ 110.381439999999174, -7.913590000000385 ], [ 110.38126, -7.91356000000114 ], [ 110.381020000000674, -7.91382 ], [ 110.380839999999779, -7.913850000001098 ], [ 110.380300000000688, -7.913689999999687 ], [ 110.380090000000521, -7.913430000000795 ], [ 110.380129999999511, -7.91324000000013 ], [ 110.380320000000182, -7.912410000001104 ], [ 110.380279999999374, -7.912230000000179 ], [ 110.380170000000319, -7.912120000001139 ], [ 110.379979999999676, -7.912050000001101 ], [ 110.379829999999814, -7.912210000000695 ], [ 110.379689999999727, -7.912440000000341 ], [ 110.379559999999358, -7.912580000000434 ], [ 110.379380000000282, -7.912590000000177 ], [ 110.37701999999986, -7.911480000000949 ], [ 110.37716, -7.911400000001138 ], [ 110.37727000000082, -7.91120000000073 ], [ 110.377399999999369, -7.911040000001147 ], [ 110.37759, -7.910659999999823 ], [ 110.377689999999305, -7.910369999999877 ], [ 110.377870000000215, -7.91012000000073 ], [ 110.37802, -7.909809999999467 ], [ 110.378179999999659, -7.909610000000889 ], [ 110.378280000000771, -7.909400000000738 ], [ 110.378459999999862, -7.909079999999729 ], [ 110.37869999999927, -7.90878 ], [ 110.378849999999105, -7.90867000000098 ], [ 110.378969999999725, -7.90864 ], [ 110.37918999999961, -7.908700000000222 ], [ 110.379370000000534, -7.90864 ], [ 110.379489999999308, -7.90852000000113 ], [ 110.380569999999324, -7.906750000000378 ], [ 110.38116000000079, -7.905600000000334 ], [ 110.381339999999867, -7.905210000001081 ], [ 110.381489999999729, -7.90481000000028 ], [ 110.38162, -7.904430000000767 ], [ 110.381950000000828, -7.90420000000114 ], [ 110.382279999999767, -7.904049999999457 ], [ 110.382729999999327, -7.903920000000931 ], [ 110.38306, -7.903829999999566 ], [ 110.38328, -7.90381 ], [ 110.383589999999415, -7.903730000000269 ], [ 110.384389999999215, -7.903679999999722 ], [ 110.384969999999129, -7.903700000001025 ], [ 110.385480000000797, -7.903730000000274 ], [ 110.386510000000243, -7.90381 ], [ 110.386889999999724, -7.903660000000212 ], [ 110.38724, -7.903459999999809 ], [ 110.38759000000023, -7.90324 ], [ 110.387860000000686, -7.902990000000774 ], [ 110.388039999999791, -7.902780000000619 ], [ 110.388220000000686, -7.902640000000527 ], [ 110.388360000000802, -7.902500000000412 ], [ 110.388450000000333, -7.902319999999503 ], [ 110.388559999999373, -7.902120000000927 ], [ 110.388629999999438, -7.901949999999764 ], [ 110.38861999999969, -7.901770000000672 ], [ 110.388539999999878, -7.901500000000217 ], [ 110.388430000000838, -7.901260000000819 ], [ 110.38832, -7.901060000000411 ], [ 110.388160000000383, -7.900830000000775 ], [ 110.388000000000801, -7.90063000000037 ], [ 110.387849999999119, -7.900460000001026 ], [ 110.387689999999537, -7.900320000000915 ], [ 110.38753, -7.900219999999809 ], [ 110.387419999999082, -7.900110000000779 ], [ 110.38730000000028, -7.899990000000169 ], [ 110.38709999999989, -7.899760000000516 ], [ 110.386990000000836, -7.899560000000108 ], [ 110.386780000000698, -7.899260000000414 ], [ 110.386689999999319, -7.899079999999501 ], [ 110.386609999999521, -7.898880000000917 ], [ 110.386510000000243, -7.8987 ], [ 110.38645, -7.898579999999409 ], [ 110.386379999999875, -7.898419999999807 ], [ 110.386270000000835, -7.898219999999399 ], [ 110.386249999999521, -7.898030000000558 ], [ 110.388709999999222, -7.898569999999662 ], [ 110.389189999999843, -7.8987 ], [ 110.389419999999475, -7.898750000000566 ], [ 110.389660000000688, -7.898789999999552 ], [ 110.389820000000299, -7.898820000000621 ], [ 110.39009000000074, -7.898840000000117 ], [ 110.390310000000639, -7.898830000000361 ], [ 110.390460000000502, -7.898800000001127 ], [ 110.390639999999578, -7.898760000000319 ], [ 110.39074000000069, -7.898730000001069 ], [ 110.39084, -7.898670000000776 ], [ 110.390950000000842, -7.89862000000021 ], [ 110.39113, -7.898590000000969 ], [ 110.39127, -7.898620000000216 ], [ 110.391390000000655, -7.898660000001025 ], [ 110.39149, -7.898660000001021 ], [ 110.391680000000605, -7.89869000000027 ], [ 110.39177000000015, -7.8987 ], [ 110.39192, -7.898730000001065 ], [ 110.392089999999342, -7.898730000001079 ], [ 110.392299999999494, -7.898750000000561 ], [ 110.392490000000137, -7.898810000000867 ], [ 110.392750000000845, -7.898870000001183 ], [ 110.39343, -7.89863 ], [ 110.393570000000153, -7.898569999999654 ], [ 110.393780000000291, -7.898600000000722 ], [ 110.39400000000019, -7.898730000001071 ], [ 110.39415, -7.898999999999715 ], [ 110.394490000000559, -7.899310000000964 ], [ 110.394739999999686, -7.899499999999811 ], [ 110.39497999999908, -7.899560000000108 ], [ 110.39715000000065, -7.9 ], [ 110.397590000000463, -7.90007 ], [ 110.398170000000349, -7.900200000000321 ], [ 110.400089999999153, -7.90021 ], [ 110.400240000000807, -7.900229999999559 ], [ 110.400400000000417, -7.900180000000815 ], [ 110.400449999999154, -7.89995000000117 ], [ 110.400509999999443, -7.899840000000312 ], [ 110.40056, -7.899700000000212 ], [ 110.400610000000555, -7.899590000001171 ], [ 110.400670000000858, -7.89942999999976 ], [ 110.400700000000114, -7.899340000000213 ], [ 110.400799999999407, -7.899170000000872 ], [ 110.400890000000757, -7.898970000000469 ], [ 110.401030000000873, -7.89870999999976 ], [ 110.401050000000367, -7.898579999999406 ], [ 110.401120000000418, -7.898460000000618 ], [ 110.401139999999899, -7.898320000000517 ], [ 110.401169999999141, -7.898150000001167 ], [ 110.401200000000202, -7.898030000000572 ], [ 110.401219999999697, -7.89791 ], [ 110.401229999999444, -7.897760000000115 ], [ 110.401239999999191, -7.897670000000558 ], [ 110.401270000000252, -7.89755 ], [ 110.401270000000252, -7.897440000000924 ], [ 110.401289999999747, -7.897300000000822 ], [ 110.401270000000252, -7.89712 ], [ 110.40214999999985, -7.896839999999711 ], [ 110.40250999999985, -7.89666000000062 ], [ 110.403580000000119, -7.895950000000362 ], [ 110.403850000000574, -7.895689999999653 ], [ 110.404010000000156, -7.895600000000111 ], [ 110.404300000000106, -7.895630000001171 ], [ 110.405329999999552, -7.895560000001119 ], [ 110.407080000000818, -7.895920000001122 ], [ 110.407279999999417, -7.895950000000364 ], [ 110.40755999999962, -7.895940000000618 ], [ 110.411410000000572, -7.89668999999985 ], [ 110.411739999999511, -7.896699999999593 ], [ 110.411980000000739, -7.896710000001169 ], [ 110.412280000000436, -7.896689999999854 ], [ 110.412529999999578, -7.896619999999801 ], [ 110.412790000000285, -7.896510000000769 ], [ 110.413109999999477, -7.896350000001159 ], [ 110.413430000000488, -7.896160000000506 ], [ 110.413790000000489, -7.895839999999509 ], [ 110.414090000000186, -7.89568 ], [ 110.414290000000577, -7.895640000000907 ], [ 110.414510000000476, -7.895570000000869 ], [ 110.414790000000679, -7.895539999999798 ], [ 110.415080000000643, -7.895510000000568 ], [ 110.415440000000629, -7.895500000000808 ], [ 110.42209, -7.893379999999803 ], [ 110.422420000000756, -7.893360000000313 ], [ 110.423010000000389, -7.894389999999754 ], [ 110.423049999999392, -7.894480000001121 ], [ 110.42324, -7.894580000000415 ], [ 110.423500000000743, -7.894640000000711 ], [ 110.42472000000086, -7.895000000000716 ], [ 110.42559000000071, -7.895200000001112 ], [ 110.425900000000155, -7.895370000000454 ], [ 110.426100000000545, -7.89553 ], [ 110.426260000000156, -7.895640000000911 ], [ 110.42649999999955, -7.895759999999696 ], [ 110.426659999999131, -7.895909999999551 ], [ 110.426999999999637, -7.896150000000761 ], [ 110.427019999999132, -7.896339999999604 ], [ 110.427050000000193, -7.896570000001073 ], [ 110.42706, -7.896849999999453 ] ] ] } },
{ "type": "Feature", "properties": { "KECAMATAN": "Bantul", "DESA": "Palbapang", "Sektor": "Bantul" }, "geometry": { "type": "Polygon", "coordinates": [ [ [ 110.327289999999223, -7.89725000000027 ], [ 110.327320000000284, -7.897510000000963 ], [ 110.3287, -7.897760000000117 ], [ 110.328600000000691, -7.898670000000764 ], [ 110.328610000000438, -7.898939999999406 ], [ 110.328779999999796, -7.899069999999753 ], [ 110.32899, -7.899200000000119 ], [ 110.329120000000287, -7.899299999999414 ], [ 110.329239999999075, -7.899600000000917 ], [ 110.32927000000015, -7.901369999999861 ], [ 110.329260000000389, -7.901589999999754 ], [ 110.329390000000757, -7.901739999999614 ], [ 110.32959999999909, -7.901920000000525 ], [ 110.329830000000541, -7.901959999999514 ], [ 110.330060000000188, -7.901990000000574 ], [ 110.330270000000354, -7.902150000000163 ], [ 110.330480000000492, -7.90227000000077 ], [ 110.330640000000102, -7.902420000000616 ], [ 110.330799999999684, -7.902510000000166 ], [ 110.331019999999583, -7.902560000000721 ], [ 110.33126000000081, -7.902599999999724 ], [ 110.331410000000645, -7.902490000000676 ], [ 110.331519999999699, -7.9023 ], [ 110.331630000000544, -7.902019999999815 ], [ 110.331679999999281, -7.901739999999606 ], [ 110.331809999999649, -7.901589999999753 ], [ 110.332070000000357, -7.901620000000825 ], [ 110.33295, -7.90187 ], [ 110.333179999999587, -7.901980000000819 ], [ 110.333319999999702, -7.902050000000873 ], [ 110.333319999999702, -7.902360000000313 ], [ 110.333319999999702, -7.902529999999664 ], [ 110.333469999999537, -7.902679999999508 ], [ 110.333769999999234, -7.902800000000111 ], [ 110.335010000000651, -7.903140000000619 ], [ 110.335199999999503, -7.903190000001176 ], [ 110.335329999999843, -7.903420000000829 ], [ 110.335370000000651, -7.90361999999942 ], [ 110.335419999999388, -7.904909999999556 ], [ 110.335310000000348, -7.905269999999558 ], [ 110.335290000000867, -7.905680000000117 ], [ 110.335259999999806, -7.906129999999667 ], [ 110.335090000000449, -7.906470000000173 ], [ 110.335039999999893, -7.906660000000826 ], [ 110.334699999999387, -7.908520000001138 ], [ 110.334699999999387, -7.90878 ], [ 110.33475, -7.908990000000182 ], [ 110.334909999999553, -7.909120000000535 ], [ 110.335709999999338, -7.909240000001137 ], [ 110.336030000000349, -7.909120000000532 ], [ 110.33626, -7.909170000001096 ], [ 110.336499999999404, -7.909340000000424 ], [ 110.337299999999189, -7.910389999999367 ], [ 110.33748, -7.91058 ], [ 110.337519999999088, -7.9108 ], [ 110.337299999999189, -7.911360000000339 ], [ 110.337199999999896, -7.911609999999475 ], [ 110.337059999999809, -7.911809999999887 ], [ 110.336540000000213, -7.912710000000796 ], [ 110.336380000000602, -7.912889999999881 ], [ 110.336240000000501, -7.913000000000744 ], [ 110.334979999999604, -7.912930000000696 ], [ 110.334479999999488, -7.915390000000383 ], [ 110.334940000000614, -7.915380000000638 ], [ 110.335279999999301, -7.915380000000637 ], [ 110.335489999999453, -7.915390000000389 ], [ 110.335619999999793, -7.915489999999685 ], [ 110.335619999999793, -7.915800000000949 ], [ 110.335479999999706, -7.916090000000893 ], [ 110.33533999999959, -7.916149999999379 ], [ 110.335129999999438, -7.916190000000196 ], [ 110.3349199999993, -7.916160000000952 ], [ 110.33453, -7.91627 ], [ 110.334510000000549, -7.916520000000952 ], [ 110.334450000000245, -7.916750000000594 ], [ 110.334409999999437, -7.917069999999788 ], [ 110.334409999999437, -7.917310000000999 ], [ 110.334380000000195, -7.91749 ], [ 110.33727, -7.918560000000341 ], [ 110.33673000000087, -7.919099999999444 ], [ 110.336279999999491, -7.919920000000555 ], [ 110.335740000000399, -7.920550000001009 ], [ 110.334650000000664, -7.920480000000957 ], [ 110.333189999999334, -7.91994 ], [ 110.331640000000291, -7.9194100000007 ], [ 110.330459999999178, -7.919599999999534 ], [ 110.329830000000541, -7.920239999999747 ], [ 110.328649999999442, -7.919889999999485 ], [ 110.327830000000148, -7.919260000000847 ], [ 110.326909999999742, -7.918550000000597 ], [ 110.326279999999286, -7.919099999999446 ], [ 110.325370000000447, -7.918920000000353 ], [ 110.32454999999932, -7.918120000000542 ], [ 110.323549999999116, -7.918120000000555 ], [ 110.32273999999957, -7.918669999999382 ], [ 110.32192000000029, -7.919490000000498 ], [ 110.321019999999379, -7.919490000000494 ], [ 110.320110000000525, -7.919320000001152 ], [ 110.319740000000792, -7.918240000001155 ], [ 110.318830000000133, -7.917890000000903 ], [ 110.31783, -7.918260000000646 ], [ 110.316549999999523, -7.91754000000065 ], [ 110.315370000000229, -7.917649999999694 ], [ 110.31437, -7.917649999999684 ], [ 110.311990000000122, -7.917480000000346 ], [ 110.312089999999401, -7.916590000001003 ], [ 110.312089999999401, -7.916129999999892 ], [ 110.312110000000715, -7.915740000000642 ], [ 110.312200000000274, -7.915450000000695 ], [ 110.312299999999567, -7.915170000000492 ], [ 110.312379999999351, -7.915049999999896 ], [ 110.312749999999099, -7.914960000000343 ], [ 110.312959999999251, -7.914979999999836 ], [ 110.31322999999972, -7.915049999999884 ], [ 110.313539999999165, -7.915129999999684 ], [ 110.31372, -7.915269999999786 ], [ 110.313840000000681, -7.915429999999385 ], [ 110.31394, -7.915789999999378 ], [ 110.313889999999404, -7.916010000001099 ], [ 110.313899999999151, -7.91632000000055 ], [ 110.313930000000212, -7.916509999999386 ], [ 110.31408, -7.916600000000747 ], [ 110.314379999999773, -7.916670000000797 ], [ 110.314650000000213, -7.916730000001094 ], [ 110.314870000000113, -7.916649999999483 ], [ 110.315130000000821, -7.916170000000704 ], [ 110.315220000000366, -7.915849999999684 ], [ 110.315220000000366, -7.91552000000074 ], [ 110.315189999999305, -7.91533 ], [ 110.315130000000821, -7.914940000000843 ], [ 110.315070000000532, -7.91455999999954 ], [ 110.314790000000329, -7.914339999999624 ], [ 110.314700000000784, -7.914210000001102 ], [ 110.314969999999406, -7.913570000000892 ], [ 110.31516, -7.913300000000435 ], [ 110.315109999999521, -7.912950000000185 ], [ 110.314990000000734, -7.91274 ], [ 110.314889999999608, -7.9126 ], [ 110.3148, -7.912410000001098 ], [ 110.314770000000834, -7.912189999999368 ], [ 110.314669999999708, -7.91202999999978 ], [ 110.314539999999354, -7.911940000000228 ], [ 110.314210000000415, -7.911710000000597 ], [ 110.313920000000465, -7.91151000000018 ], [ 110.31380999999962, -7.911330000001093 ], [ 110.313799999999873, -7.911109999999371 ], [ 110.313850000000429, -7.910900000001045 ], [ 110.313949999999707, -7.910770000000684 ], [ 110.314150000000126, -7.910620000000834 ], [ 110.314249999999404, -7.91050000000024 ], [ 110.314319999999455, -7.910379999999627 ], [ 110.314510000000112, -7.909390000000982 ], [ 110.314560000000668, -7.909190000000575 ], [ 110.314700000000784, -7.909030000000983 ], [ 110.314870000000113, -7.90886999999958 ], [ 110.314990000000734, -7.908750000000794 ], [ 110.315049999999218, -7.90864 ], [ 110.315119999999268, -7.90816000000113 ], [ 110.315010000000228, -7.907110000000381 ], [ 110.315119999999268, -7.905530000000272 ], [ 110.31516, -7.905049999999666 ], [ 110.31516, -7.904699999999413 ], [ 110.314920000000669, -7.904399999999722 ], [ 110.31473, -7.904230000000371 ], [ 110.314599999999658, -7.904080000000525 ], [ 110.314459999999571, -7.903899999999616 ], [ 110.314329999999202, -7.903710000000777 ], [ 110.314200000000668, -7.90345 ], [ 110.31409999999957, -7.903280000000717 ], [ 110.314050000000819, -7.903080000000316 ], [ 110.31401, -7.902840000000923 ], [ 110.31401, -7.902720000000321 ], [ 110.314039999999252, -7.901850000000477 ], [ 110.31406000000058, -7.90157000000027 ], [ 110.31394, -7.901379999999615 ], [ 110.313799999999873, -7.90122 ], [ 110.313659999999757, -7.90103000000118 ], [ 110.31358, -7.900840000000521 ], [ 110.31358, -7.900620000000627 ], [ 110.313679999999252, -7.89863 ], [ 110.313669999999505, -7.89834 ], [ 110.31351, -7.898250000000463 ], [ 110.31329, -7.898219999999402 ], [ 110.313140000000175, -7.898240000000715 ], [ 110.312509999999719, -7.89834 ], [ 110.312369999999603, -7.89846000000062 ], [ 110.312200000000274, -7.898450000000864 ], [ 110.312099999999148, -7.898359999999506 ], [ 110.312009999999617, -7.898230000000969 ], [ 110.31189000000083, -7.89798999999976 ], [ 110.311700000000172, -7.897940000001018 ], [ 110.311669999999111, -7.897800000000926 ], [ 110.3117299999994, -7.897639999999511 ], [ 110.31196000000088, -7.897139999999395 ], [ 110.312050000000411, -7.896849999999458 ], [ 110.312149999999704, -7.896720000000912 ], [ 110.312359999999856, -7.896409999999653 ], [ 110.312970000000817, -7.89643000000096 ], [ 110.313350000000312, -7.896380000000421 ], [ 110.313959999999454, -7.896360000000923 ], [ 110.31467999999947, -7.89531000000016 ], [ 110.314720000000278, -7.895189999999539 ], [ 110.314860000000365, -7.894720000000506 ], [ 110.31502, -7.894469999999559 ], [ 110.315290000000417, -7.89412000000112 ], [ 110.315629999999118, -7.89409 ], [ 110.316119999999458, -7.894060000000808 ], [ 110.316849999999221, -7.893889999999649 ], [ 110.31711, -7.89395 ], [ 110.317209999999221, -7.89409 ], [ 110.316979999999575, -7.895290000000664 ], [ 110.317020000000369, -7.89539 ], [ 110.317240000000282, -7.89549000000106 ], [ 110.317479999999676, -7.895580000000617 ], [ 110.318370000000826, -7.89622000000081 ], [ 110.318530000000436, -7.896339999999609 ], [ 110.31855, -7.89651000000076 ], [ 110.318090000000623, -7.898779999999815 ], [ 110.318079999999057, -7.898980000000207 ], [ 110.318129999999627, -7.899120000000316 ], [ 110.318359999999259, -7.899230000001171 ], [ 110.31890000000017, -7.899330000000472 ], [ 110.318680000000271, -7.89985 ], [ 110.318639999999462, -7.900019999999408 ], [ 110.318680000000271, -7.900159999999497 ], [ 110.319910000000121, -7.900340000000412 ], [ 110.320110000000525, -7.900340000000425 ], [ 110.320190000000323, -7.900110000000777 ], [ 110.319949999999125, -7.899920000000108 ], [ 110.319890000000626, -7.899659999999403 ], [ 110.320030000000742, -7.899429999999755 ], [ 110.320639999999884, -7.898190000000167 ], [ 110.319709999999731, -7.897730000000875 ], [ 110.319540000000373, -7.897540000000211 ], [ 110.31948, -7.897360000001112 ], [ 110.31948, -7.897209999999458 ], [ 110.319530000000626, -7.897000000001126 ], [ 110.31984, -7.89589 ], [ 110.320390000000742, -7.89604 ], [ 110.320809999999213, -7.89609000000046 ], [ 110.32121, -7.89602000000041 ], [ 110.32236, -7.896269999999548 ], [ 110.32221000000024, -7.89666000000062 ], [ 110.322130000000442, -7.896940000000815 ], [ 110.322169999999431, -7.897150000000974 ], [ 110.322369999999822, -7.897269999999762 ], [ 110.323430000000343, -7.89769 ], [ 110.324060000000799, -7.896339999999605 ], [ 110.324699999999183, -7.896650000000863 ], [ 110.32483999999927, -7.896670000000366 ], [ 110.324989999999133, -7.896860000001021 ], [ 110.327289999999223, -7.89725000000027 ] ] ] } },
{ "type": "Feature", "properties": { "KECAMATAN": "Jetis", "DESA": "Patalan", "Sektor": "Pundong" }, "geometry": { "type": "Polygon", "coordinates": [ [ [ 110.35556, -7.901809999999686 ], [ 110.35576000000033, -7.903150000000378 ], [ 110.35574000000085, -7.903280000000732 ], [ 110.355779999999839, -7.903399999999523 ], [ 110.35592999999966, -7.903430000000576 ], [ 110.3560300000008, -7.903420000000824 ], [ 110.356209999999862, -7.903560000000934 ], [ 110.356159999999321, -7.903880000000119 ], [ 110.356100000000851, -7.904160000000317 ], [ 110.355809999999067, -7.9041 ], [ 110.355649999999471, -7.904090000000282 ], [ 110.355550000000164, -7.904179999999817 ], [ 110.354830000000192, -7.906110000000176 ], [ 110.354820000000458, -7.906250000000274 ], [ 110.354869999999167, -7.906390000000378 ], [ 110.354919999999737, -7.906510000000991 ], [ 110.354960000000546, -7.906789999999368 ], [ 110.354209999999483, -7.909289999999888 ], [ 110.35397, -7.90943 ], [ 110.352559999999329, -7.909180000000839 ], [ 110.352419999999213, -7.909289999999881 ], [ 110.352399999999733, -7.909460000001062 ], [ 110.352510000000578, -7.909610000000879 ], [ 110.35311999999972, -7.909739999999439 ], [ 110.353269999999569, -7.909850000000284 ], [ 110.353230000000593, -7.90998000000063 ], [ 110.353220000000846, -7.910229999999754 ], [ 110.353259999999835, -7.910389999999367 ], [ 110.353359999999114, -7.910389999999366 ], [ 110.355470000000395, -7.910720000000138 ], [ 110.355600000000734, -7.910729999999874 ], [ 110.355750000000597, -7.9108 ], [ 110.355709999999789, -7.91137 ], [ 110.355709999999789, -7.911570000000485 ], [ 110.3557, -7.911690000001106 ], [ 110.355719999999536, -7.911899999999418 ], [ 110.355910000000179, -7.911990000000796 ], [ 110.357289999999892, -7.91245 ], [ 110.357470000000788, -7.912480000001144 ], [ 110.358179999999251, -7.91260999999968 ], [ 110.358019999999627, -7.913810000000278 ], [ 110.357980000000637, -7.913979999999628 ], [ 110.357969999999071, -7.914119999999725 ], [ 110.358120000000739, -7.914240000000349 ], [ 110.358270000000601, -7.914320000000128 ], [ 110.358519999999743, -7.914479999999724 ], [ 110.358609999999274, -7.914570000001101 ], [ 110.358560000000551, -7.914699999999648 ], [ 110.358469999999187, -7.914870000000787 ], [ 110.358389999999375, -7.915100000000444 ], [ 110.358309999999577, -7.91529000000109 ], [ 110.358280000000349, -7.915559999999737 ], [ 110.358399999999122, -7.916190000000209 ], [ 110.35844, -7.916330000000296 ], [ 110.358389999999375, -7.916509999999382 ], [ 110.35823999999954, -7.9167300000011 ], [ 110.358260000000854, -7.919850000000497 ], [ 110.35772, -7.92138 ], [ 110.358099999999411, -7.923709999999391 ], [ 110.357649999999879, -7.924530000000495 ], [ 110.357110000000787, -7.926149999999595 ], [ 110.356219999999624, -7.92822 ], [ 110.355859999999609, -7.928860000000265 ], [ 110.355129999999875, -7.929490000000722 ], [ 110.354600000000531, -7.930660000000275 ], [ 110.35433, -7.931930000000915 ], [ 110.354250000000278, -7.932919999999584 ], [ 110.353709999999367, -7.93391 ], [ 110.35308000000073, -7.93499 ], [ 110.352269999999379, -7.935900000000672 ], [ 110.352360000000743, -7.937250000001132 ], [ 110.352370000000491, -7.93867999999956 ], [ 110.352469999999769, -7.940119999999589 ], [ 110.352119999999516, -7.941380000000479 ], [ 110.35167, -7.94219 ], [ 110.350860000000438, -7.94355000000025 ], [ 110.350409999999073, -7.94427000000024 ], [ 110.349589999999765, -7.94428 ], [ 110.349050000000673, -7.945 ], [ 110.34814, -7.945369999999739 ], [ 110.34660000000072, -7.945110000000859 ], [ 110.345509999999166, -7.94511000000086 ], [ 110.344419999999403, -7.945040000000803 ], [ 110.343419999999199, -7.945050000000556 ], [ 110.343769999999452, -7.943960000000788 ], [ 110.34404, -7.943330000000329 ], [ 110.343310000000173, -7.942699999999858 ], [ 110.342500000000612, -7.943160000000991 ], [ 110.34159, -7.943890000000733 ], [ 110.340140000000218, -7.944069999999841 ], [ 110.339589999999561, -7.94327 ], [ 110.3395, -7.942370000000956 ], [ 110.339309999999358, -7.941479999999775 ], [ 110.339480000000506, -7.940399999999777 ], [ 110.3402999999998, -7.939940000000498 ], [ 110.340389999999346, -7.939220000000478 ], [ 110.340019999999598, -7.938500000000476 ], [ 110.33864999999966, -7.93816 ], [ 110.336750000000364, -7.938350000000631 ], [ 110.33620999999944, -7.938980000001103 ], [ 110.335390000000146, -7.93953 ], [ 110.334709999999134, -7.939790000000627 ], [ 110.33511, -7.938630000000837 ], [ 110.335559999999504, -7.93673999999946 ], [ 110.336540000000213, -7.934390000000615 ], [ 110.337349999999759, -7.93312 ], [ 110.337980000000215, -7.931329999999733 ], [ 110.338519999999278, -7.929969999999501 ], [ 110.339229999999574, -7.928529999999502 ], [ 110.339679999999106, -7.927089999999517 ], [ 110.340309999999562, -7.925999999999759 ], [ 110.341119999999123, -7.924650000001105 ], [ 110.34219999999911, -7.923740000000455 ], [ 110.34310999999974, -7.923189999999799 ], [ 110.34411, -7.922920000001161 ], [ 110.344380000000427, -7.923640000001162 ], [ 110.344119999999705, -7.924540000000278 ], [ 110.344750000000161, -7.924989999999801 ], [ 110.346020000000806, -7.924530000000503 ], [ 110.346929999999688, -7.923619999999857 ], [ 110.347920000000144, -7.922440000000561 ], [ 110.348550000000557, -7.92145000000012 ], [ 110.349000000000117, -7.920280000000543 ], [ 110.34899000000037, -7.919200000000547 ], [ 110.348260000000636, -7.919110000001009 ], [ 110.348, -7.919459999999435 ], [ 110.346069999999571, -7.917450000001086 ], [ 110.346100000000646, -7.917120000000338 ], [ 110.34611000000038, -7.916840000000145 ], [ 110.346250000000467, -7.916590000001003 ], [ 110.346260000000214, -7.91634999999979 ], [ 110.346229999999167, -7.916090000000904 ], [ 110.346209999999658, -7.91584 ], [ 110.346180000000416, -7.915750000000396 ], [ 110.345600000000502, -7.91555 ], [ 110.346320000000517, -7.915049999999893 ], [ 110.346670000000785, -7.914769999999679 ], [ 110.346840000000114, -7.914580000000869 ], [ 110.34713, -7.914280000001142 ], [ 110.347270000000165, -7.91403000000019 ], [ 110.347509999999559, -7.913590000000389 ], [ 110.34763000000018, -7.91332 ], [ 110.347700000000231, -7.913130000001114 ], [ 110.34785, -7.912580000000444 ], [ 110.347920000000144, -7.91237000000028 ], [ 110.348, -7.912200000000941 ], [ 110.348099999999206, -7.91202 ], [ 110.348239999999322, -7.911840000000964 ], [ 110.348350000000167, -7.911609999999452 ], [ 110.348480000000521, -7.911400000001133 ], [ 110.348620000000651, -7.911130000000694 ], [ 110.348879999999525, -7.910299999999827 ], [ 110.348710000000167, -7.910340000000643 ], [ 110.348560000000333, -7.910470000000992 ], [ 110.34815999999951, -7.910790000000198 ], [ 110.34802999999917, -7.910680000001142 ], [ 110.347900000000635, -7.91047000000098 ], [ 110.347910000000383, -7.910260000000847 ], [ 110.347879999999307, -7.910099999999422 ], [ 110.34776000000052, -7.909890000001108 ], [ 110.34776000000052, -7.909680000000946 ], [ 110.34776000000052, -7.909509999999789 ], [ 110.347649999999675, -7.909309999999391 ], [ 110.347560000000101, -7.909200000000336 ], [ 110.34742, -7.90914 ], [ 110.347309999999169, -7.909079999999733 ], [ 110.347100000000836, -7.909040000000743 ], [ 110.346530000000669, -7.908840000000324 ], [ 110.346789999999558, -7.908160000001137 ], [ 110.346390000000582, -7.90805000000028 ], [ 110.346009999999254, -7.908659999999429 ], [ 110.345079999999101, -7.908270000000182 ], [ 110.344960000000313, -7.908120000000326 ], [ 110.344989999999555, -7.907970000000474 ], [ 110.345049999999858, -7.907800000001133 ], [ 110.345129999999671, -7.907660000001039 ], [ 110.345250000000263, -7.90763 ], [ 110.345499999999433, -7.907690000000272 ], [ 110.345779999999635, -7.907670000000797 ], [ 110.345880000000719, -7.907550000000197 ], [ 110.345869999999152, -7.90741 ], [ 110.345760000000126, -7.90727 ], [ 110.345559999999708, -7.906890000000478 ], [ 110.345489999999671, -7.906650000001086 ], [ 110.345559999999708, -7.906419999999624 ], [ 110.345649999999253, -7.906310000000576 ], [ 110.345760000000126, -7.906180000000232 ], [ 110.345900000000213, -7.9059 ], [ 110.345880000000719, -7.905710000001188 ], [ 110.345919999999708, -7.905570000001094 ], [ 110.34605, -7.905520000000502 ], [ 110.34627, -7.905489999999475 ], [ 110.346519999999103, -7.90552000000053 ], [ 110.346729999999269, -7.905590000000599 ], [ 110.347019999999219, -7.905730000000676 ], [ 110.347219999999609, -7.905820000000214 ], [ 110.34747000000057, -7.905730000000677 ], [ 110.347649999999675, -7.905559999999512 ], [ 110.347799999999509, -7.905510000000776 ], [ 110.348, -7.905570000001083 ], [ 110.348200000000318, -7.90561999999981 ], [ 110.348550000000557, -7.905640000001126 ], [ 110.34879, -7.905619999999812 ], [ 110.348939999999828, -7.905559999999525 ], [ 110.349089999999663, -7.905570000001094 ], [ 110.349710000000371, -7.905810000000483 ], [ 110.350080000000133, -7.90597 ], [ 110.350290000000271, -7.906100000000444 ], [ 110.35049000000069, -7.906209999999462 ], [ 110.350650000000272, -7.906269999999767 ], [ 110.351039999999529, -7.90626 ], [ 110.35196, -7.905689999999878 ], [ 110.352150000000563, -7.905240000000335 ], [ 110.352070000000793, -7.904850000001074 ], [ 110.351969999999682, -7.904360000000724 ], [ 110.351930000000678, -7.904189999999572 ], [ 110.351829999999552, -7.903910000001177 ], [ 110.351969999999682, -7.903500000000619 ], [ 110.352179999999819, -7.903280000000721 ], [ 110.35233999999943, -7.903109999999544 ], [ 110.352469999999769, -7.902990000000776 ], [ 110.352619999999632, -7.902760000001136 ], [ 110.352730000000477, -7.902470000001188 ], [ 110.352849999999265, -7.902430000000362 ], [ 110.353020000000427, -7.902340000000848 ], [ 110.353170000000276, -7.902330000001084 ], [ 110.353380000000442, -7.90234000000084 ], [ 110.353510000000796, -7.902319999999503 ], [ 110.35359000000058, -7.90222000000024 ], [ 110.353689999999858, -7.901949999999756 ], [ 110.353689999999858, -7.901690000000889 ], [ 110.353789999999151, -7.901400000000929 ], [ 110.353890000000291, -7.901270000000569 ], [ 110.354020000000631, -7.901089999999665 ], [ 110.354170000000494, -7.900820000001021 ], [ 110.354219999999231, -7.90051999999951 ], [ 110.353680000000125, -7.900460000001026 ], [ 110.353709999999367, -7.90033000000068 ], [ 110.35397, -7.899590000001181 ], [ 110.35405999999962, -7.899569999999875 ], [ 110.35419, -7.899579999999615 ], [ 110.354380000000631, -7.899569999999867 ], [ 110.354869999999167, -7.89960000000092 ], [ 110.354999999999521, -7.899590000001186 ], [ 110.355110000000394, -7.899649999999657 ], [ 110.354960000000546, -7.899950000001168 ], [ 110.35491, -7.900170000001093 ], [ 110.355079999999333, -7.900250000000871 ], [ 110.355250000000481, -7.90036 ], [ 110.355299999999232, -7.90050999999977 ], [ 110.355190000000178, -7.900830000000774 ], [ 110.355149999999384, -7.900949999999557 ], [ 110.355190000000178, -7.901060000000411 ], [ 110.355380000000821, -7.901050000000677 ], [ 110.355470000000395, -7.901070000000176 ], [ 110.355659999999233, -7.901130000000482 ], [ 110.355600000000734, -7.90122999999977 ], [ 110.355480000000128, -7.901390000001173 ], [ 110.355439999999319, -7.901490000000473 ], [ 110.35541, -7.90158 ], [ 110.355419999999839, -7.901680000001134 ], [ 110.355429999999586, -7.901790000000158 ], [ 110.35556, -7.901809999999686 ] ] ] } },
{ "type": "Feature", "properties": { "KECAMATAN": "Dlingo", "DESA": "Temuwuh", "Sektor": "Imogiri" }, "geometry": { "type": "Polygon", "coordinates": [ [ [ 110.481739999999235, -7.92756000000035 ], [ 110.47811, -7.927589999999601 ], [ 110.471760000000316, -7.92808 ], [ 110.46758000000041, -7.92793999999986 ], [ 110.463760000000519, -7.927700000000464 ], [ 110.460409999999655, -7.928889999999501 ], [ 110.457500000000408, -7.928110000001022 ], [ 110.45413, -7.92786 ], [ 110.451590000000536, -7.92725000000091 ], [ 110.451849999999425, -7.925180000000456 ], [ 110.452199999999678, -7.924000000001156 ], [ 110.459199999999285, -7.915429999999377 ], [ 110.45996, -7.91411 ], [ 110.459950000000347, -7.91389 ], [ 110.459950000000347, -7.913640000000951 ], [ 110.459899999999791, -7.913420000001045 ], [ 110.459810000000246, -7.913280000000952 ], [ 110.459779999999199, -7.913130000001098 ], [ 110.45982, -7.912969999999677 ], [ 110.459860000000802, -7.912829999999575 ], [ 110.459979999999604, -7.912619999999428 ], [ 110.460709999999352, -7.9113 ], [ 110.460740000000399, -7.911169999999675 ], [ 110.460759999999894, -7.910980000000845 ], [ 110.460750000000147, -7.910850000000479 ], [ 110.460709999999352, -7.910710000000383 ], [ 110.460699999999605, -7.91062000000084 ], [ 110.460789999999136, -7.910309999999577 ], [ 110.4611000000004, -7.909600000001133 ], [ 110.461629999999758, -7.908390000000789 ], [ 110.461699999999794, -7.90827000000018 ], [ 110.461869999999152, -7.908100000000828 ], [ 110.461999999999492, -7.90806 ], [ 110.4622, -7.90799 ], [ 110.462450000000857, -7.907939999999425 ], [ 110.462719999999493, -7.907800000001145 ], [ 110.463089999999255, -7.907460000000622 ], [ 110.463219999999595, -7.907279999999718 ], [ 110.46330999999914, -7.907100000000635 ], [ 110.463330000000454, -7.90697000000028 ], [ 110.46359999999909, -7.906730000000884 ], [ 110.463869999999545, -7.906419999999616 ], [ 110.464019999999408, -7.906230000000789 ], [ 110.46414, -7.906049999999875 ], [ 110.464159999999495, -7.905769999999665 ], [ 110.464350000000167, -7.90529000000089 ], [ 110.464649999999864, -7.90482 ], [ 110.46486, -7.904549999999555 ], [ 110.465039999999107, -7.904259999999613 ], [ 110.46522999999975, -7.904070000000775 ], [ 110.46535000000037, -7.903969999999658 ], [ 110.4655199999997, -7.903870000000371 ], [ 110.465790000000155, -7.903840000001123 ], [ 110.466119999999094, -7.903850000000872 ], [ 110.466410000000863, -7.903819999999825 ], [ 110.467070000000561, -7.903580000000425 ], [ 110.467339999999197, -7.903420000000821 ], [ 110.467710000000764, -7.903270000000985 ], [ 110.468039999999704, -7.903169999999866 ], [ 110.469639999999316, -7.903050000001082 ], [ 110.469989999999569, -7.903000000000524 ], [ 110.470129999999656, -7.90288 ], [ 110.470579999999217, -7.902529999999664 ], [ 110.470750000000365, -7.90266 ], [ 110.471120000000113, -7.902669999999764 ], [ 110.471320000000517, -7.902749999999569 ], [ 110.471639999999709, -7.902889999999656 ], [ 110.471830000000381, -7.903039999999511 ], [ 110.471939999999407, -7.903290000000473 ], [ 110.47199, -7.90345 ], [ 110.47213, -7.90365000000048 ], [ 110.472309999999155, -7.90367 ], [ 110.472659999999408, -7.903730000000277 ], [ 110.472840000000332, -7.90381 ], [ 110.473130000000282, -7.903940000000415 ], [ 110.473330000000686, -7.904130000001087 ], [ 110.473529999999258, -7.904399999999717 ], [ 110.473690000000687, -7.904630000001185 ], [ 110.473739999999424, -7.90494000000063 ], [ 110.473780000000218, -7.905199999999515 ], [ 110.47386, -7.905339999999621 ], [ 110.473980000000637, -7.905419999999409 ], [ 110.474140000000219, -7.905520000000532 ], [ 110.474410000000674, -7.905559999999522 ], [ 110.47462000000084, -7.905629999999571 ], [ 110.475909999999175, -7.906680000000324 ], [ 110.47614000000064, -7.906859999999422 ], [ 110.476619999999414, -7.907440000001138 ], [ 110.479559999999736, -7.911930000000488 ], [ 110.480299999999218, -7.914259999999842 ], [ 110.480040000000329, -7.916690000000283 ], [ 110.482149999999791, -7.918830000000794 ], [ 110.483889999999491, -7.921160000000153 ], [ 110.482990000000399, -7.922510000000598 ], [ 110.482, -7.924499999999447 ], [ 110.481820000000852, -7.925670000000814 ], [ 110.481739999999235, -7.92756000000035 ] ] ] } },
{ "type": "Feature", "properties": { "KECAMATAN": "Imogiri", "DESA": "Imogiri", "Sektor": "Imogiri" }, "geometry": { "type": "Polygon", "coordinates": [ [ [ 110.387090000000143, -7.923769999999695 ], [ 110.385619999999065, -7.923510000000815 ], [ 110.383340000000288, -7.92174 ], [ 110.382149999999427, -7.920760000001164 ], [ 110.380970000000119, -7.919860000000249 ], [ 110.379779999999258, -7.919060000000442 ], [ 110.378779999999054, -7.918170000001094 ], [ 110.377860000000467, -7.917100000000857 ], [ 110.376019999999656, -7.917149999999585 ], [ 110.375819999999251, -7.916709999999795 ], [ 110.375560000000377, -7.916149999999385 ], [ 110.375459999999251, -7.915650000001088 ], [ 110.375459999999251, -7.915220000001047 ], [ 110.375630000000427, -7.914660000000641 ], [ 110.375830000000818, -7.914230000000585 ], [ 110.375830000000818, -7.91389 ], [ 110.375830000000818, -7.913570000000898 ], [ 110.375959999999367, -7.9131 ], [ 110.376099999999454, -7.913000000000737 ], [ 110.376329999999101, -7.91272000000054 ], [ 110.376589999999823, -7.91224 ], [ 110.37658, -7.911860000000444 ], [ 110.376720000000162, -7.911720000000326 ], [ 110.37701999999986, -7.911480000000949 ], [ 110.379380000000282, -7.912590000000177 ], [ 110.379559999999358, -7.912580000000434 ], [ 110.379689999999727, -7.912440000000341 ], [ 110.379829999999814, -7.912210000000695 ], [ 110.379979999999676, -7.912050000001101 ], [ 110.380170000000319, -7.912120000001139 ], [ 110.380279999999374, -7.912230000000179 ], [ 110.380320000000182, -7.912410000001104 ], [ 110.380129999999511, -7.91324000000013 ], [ 110.380090000000521, -7.913430000000795 ], [ 110.380300000000688, -7.913689999999687 ], [ 110.380839999999779, -7.913850000001098 ], [ 110.381020000000674, -7.91382 ], [ 110.38126, -7.91356000000114 ], [ 110.381439999999174, -7.913590000000385 ], [ 110.382480000000186, -7.91396000000013 ], [ 110.382750000000641, -7.913870000000585 ], [ 110.382840000000172, -7.913210000000887 ], [ 110.383089999999328, -7.913049999999487 ], [ 110.38321, -7.913119999999536 ], [ 110.383309999999227, -7.9131 ], [ 110.38336999999953, -7.912940000000445 ], [ 110.384200000000376, -7.910970000001091 ], [ 110.384169999999315, -7.910739999999622 ], [ 110.384, -7.910700000000642 ], [ 110.383850000000123, -7.910640000000326 ], [ 110.383760000000578, -7.91044 ], [ 110.383739999999264, -7.910320000001136 ], [ 110.383869999999618, -7.910000000000122 ], [ 110.383910000000427, -7.909869999999773 ], [ 110.384159999999568, -7.909949999999573 ], [ 110.384739999999468, -7.91004000000093 ], [ 110.384869999999836, -7.910089999999676 ], [ 110.384959999999381, -7.910009999999876 ], [ 110.385120000000782, -7.909610000000887 ], [ 110.385089999999721, -7.909509999999776 ], [ 110.384990000000428, -7.909449999999484 ], [ 110.384570000000139, -7.909320000000942 ], [ 110.384749999999215, -7.908770000000287 ], [ 110.38486, -7.908680000000728 ], [ 110.385029999999418, -7.908740000001044 ], [ 110.385669999999621, -7.909270000000376 ], [ 110.385809999999736, -7.909350000000188 ], [ 110.385850000000545, -7.909490000000274 ], [ 110.38587, -7.909640000000135 ], [ 110.385969999999318, -7.910000000000128 ], [ 110.386080000000177, -7.91015 ], [ 110.386370000000127, -7.910299999999827 ], [ 110.386640000000583, -7.910420000000439 ], [ 110.386689999999319, -7.91058 ], [ 110.38666, -7.910690000000899 ], [ 110.386630000000835, -7.910840000000741 ], [ 110.386630000000835, -7.910949999999772 ], [ 110.38665000000033, -7.911040000001144 ], [ 110.387290000000533, -7.91159 ], [ 110.38695, -7.911749999999569 ], [ 110.386829999999435, -7.911819999999629 ], [ 110.386669999999825, -7.911990000000793 ], [ 110.386609999999521, -7.912120000001139 ], [ 110.386309999999824, -7.912979999999429 ], [ 110.386259999999268, -7.913259999999622 ], [ 110.386220000000293, -7.913399999999728 ], [ 110.38623, -7.913539999999831 ], [ 110.386249999999521, -7.913660000000437 ], [ 110.386270000000835, -7.913860000000851 ], [ 110.386280000000582, -7.913960000000146 ], [ 110.386309999999824, -7.91411 ], [ 110.386379999999875, -7.914280000001155 ], [ 110.38645, -7.914460000000242 ], [ 110.386529999999738, -7.91461999999984 ], [ 110.386609999999521, -7.914810000000485 ], [ 110.386699999999067, -7.91497 ], [ 110.386780000000698, -7.915269999999788 ], [ 110.386780000000698, -7.915450000000689 ], [ 110.38681, -7.916330000000282 ], [ 110.38623, -7.91884000000055 ], [ 110.386319999999571, -7.919640000000352 ], [ 110.386689999999319, -7.920809999999896 ], [ 110.387150000000446, -7.921889999999893 ], [ 110.387249999999725, -7.923049999999689 ], [ 110.387090000000143, -7.923769999999695 ] ] ] } },
{ "type": "Feature", "properties": { "KECAMATAN": "Pandak", "DESA": "Triharjo", "Sektor": "Bantul" }, "geometry": { "type": "Polygon", "coordinates": [ [ [ 110.290759999999821, -7.914559999999538 ], [ 110.290549999999683, -7.915400000000143 ], [ 110.29048999999938, -7.915590000000796 ], [ 110.290499999999128, -7.915730000000906 ], [ 110.29054, -7.91591 ], [ 110.290559999999431, -7.916010000001095 ], [ 110.29061, -7.916129999999893 ], [ 110.290670000000276, -7.916230000001008 ], [ 110.291090000000594, -7.916740000000841 ], [ 110.291279999999418, -7.917180000000656 ], [ 110.292670000000697, -7.918620000000652 ], [ 110.29313, -7.919599999999534 ], [ 110.293139999999724, -7.920679999999541 ], [ 110.292960000000647, -7.921940000000451 ], [ 110.293149999999471, -7.92311 ], [ 110.292980000000142, -7.924370000000903 ], [ 110.292439999999232, -7.925450000000921 ], [ 110.291989999999672, -7.926090000001111 ], [ 110.291810000000595, -7.92743 ], [ 110.291639999999418, -7.928959999999556 ], [ 110.29147, -7.930399999999556 ], [ 110.290929999999165, -7.931300000000473 ], [ 110.289479999999415, -7.931940000000677 ], [ 110.28794000000012, -7.932590000000617 ], [ 110.287399999999224, -7.933849999999715 ], [ 110.28741000000079, -7.935200000000169 ], [ 110.287319999999411, -7.936460000001081 ], [ 110.28686999999988, -7.937449999999722 ], [ 110.287070000000284, -7.939160000000176 ], [ 110.286159999999626, -7.939619999999469 ], [ 110.28543999999961, -7.940520000000379 ], [ 110.284809999999155, -7.941240000000378 ], [ 110.284180000000518, -7.941960000000389 ], [ 110.283729999999167, -7.942870000001048 ], [ 110.284639999999825, -7.943400000000393 ], [ 110.28581999999912, -7.943569999999729 ], [ 110.287360000000234, -7.94374000000089 ], [ 110.288179999999514, -7.943550000000227 ], [ 110.288730000000186, -7.944450000001143 ], [ 110.28874, -7.945710000000241 ], [ 110.286920000000421, -7.945089999999532 ], [ 110.285099999999105, -7.944470000000639 ], [ 110.283369999999167, -7.943680000000592 ], [ 110.282090000000579, -7.942690000000122 ], [ 110.28154, -7.941619999999877 ], [ 110.281709999999251, -7.940269999999423 ], [ 110.281520000000427, -7.938389999999617 ], [ 110.281329999999755, -7.9365 ], [ 110.281049999999553, -7.934890000000718 ], [ 110.280860000000729, -7.93309000000072 ], [ 110.280940000000527, -7.932010000000716 ], [ 110.280660000000324, -7.930749999999815 ], [ 110.280109999999652, -7.929580000000268 ], [ 110.279469999999449, -7.928519999999756 ], [ 110.27892000000061, -7.927620000000667 ], [ 110.277729999999764, -7.927170000001125 ], [ 110.27628, -7.927009999999701 ], [ 110.275009999999355, -7.92729 ], [ 110.27419, -7.927200000000353 ], [ 110.27261, -7.92664 ], [ 110.270510000000243, -7.92376 ], [ 110.271199999999183, -7.92150000000065 ], [ 110.27138999999984, -7.919519999999734 ], [ 110.27121000000075, -7.91740000000054 ], [ 110.271399999999588, -7.915919999999738 ], [ 110.271769999999336, -7.91455999999954 ], [ 110.272000000000801, -7.913720000000738 ], [ 110.272059999999286, -7.913520000000346 ], [ 110.272430000000853, -7.912950000000177 ], [ 110.272740000000297, -7.912420000000847 ], [ 110.272999999999186, -7.91193000000048 ], [ 110.273479999999807, -7.911169999999673 ], [ 110.273660000000703, -7.910739999999616 ], [ 110.273859999999289, -7.91049000000048 ], [ 110.27419, -7.910050000000679 ], [ 110.27448, -7.90977000000048 ], [ 110.274729999999153, -7.90965999999962 ], [ 110.27515999999919, -7.909480000000537 ], [ 110.275770000000151, -7.90941000000048 ], [ 110.27621, -7.909190000000589 ], [ 110.27686, -7.909009999999679 ], [ 110.27722, -7.909050000000486 ], [ 110.277470000000875, -7.909190000000589 ], [ 110.277830000000876, -7.909589999999582 ], [ 110.278329999999144, -7.909920000000327 ], [ 110.2788, -7.910089999999678 ], [ 110.279630000000878, -7.910200000000536 ], [ 110.280029999999869, -7.910130000000483 ], [ 110.280319999999818, -7.910060000000436 ], [ 110.280419999999097, -7.909850000000273 ], [ 110.28053, -7.909410000000476 ], [ 110.28053, -7.908920000000133 ], [ 110.280749999999856, -7.909760000000739 ], [ 110.280860000000729, -7.90987999999952 ], [ 110.281000000000816, -7.90993 ], [ 110.281310000000261, -7.910029999999374 ], [ 110.281670000000261, -7.910009999999882 ], [ 110.28197, -7.910029999999374 ], [ 110.282069999999251, -7.910019999999622 ], [ 110.282339999999706, -7.910180000001035 ], [ 110.28245000000058, -7.91023999999952 ], [ 110.282639999999404, -7.910350000000387 ], [ 110.28313999999952, -7.910550000000792 ], [ 110.283380000000733, -7.91058 ], [ 110.283530000000567, -7.910550000000794 ], [ 110.283659999999117, -7.91051 ], [ 110.283859999999507, -7.910400000000943 ], [ 110.283989999999875, -7.910260000000835 ], [ 110.284079999999406, -7.91015 ], [ 110.284219999999507, -7.90986999999977 ], [ 110.284359999999623, -7.909550000000585 ], [ 110.284530000000771, -7.909400000000732 ], [ 110.284680000000634, -7.909379999999426 ], [ 110.284799999999407, -7.909390000000984 ], [ 110.28507999999961, -7.909470000000785 ], [ 110.285260000000534, -7.90936 ], [ 110.285379999999307, -7.909289999999873 ], [ 110.285509999999675, -7.90928999999987 ], [ 110.286050000000571, -7.90941000000049 ], [ 110.286210000000182, -7.909410000000483 ], [ 110.286410000000572, -7.909379999999424 ], [ 110.286500000000132, -7.90936 ], [ 110.28659999999941, -7.90936 ], [ 110.286679999999208, -7.90941000000049 ], [ 110.286760000000839, -7.909620000000637 ], [ 110.286799999999829, -7.909890000001084 ], [ 110.286819999999324, -7.910050000000679 ], [ 110.28686999999988, -7.910250000001096 ], [ 110.28701, -7.910500000000232 ], [ 110.287200000000624, -7.910620000000844 ], [ 110.287350000000473, -7.910710000000384 ], [ 110.287490000000588, -7.910760000000934 ], [ 110.287599999999614, -7.91086000000024 ], [ 110.28770000000074, -7.910920000000533 ], [ 110.287790000000285, -7.910990000000583 ], [ 110.287959999999615, -7.911060000000636 ], [ 110.28809999999973, -7.911099999999627 ], [ 110.288259999999312, -7.911120000000934 ], [ 110.28838, -7.911099999999621 ], [ 110.288490000000778, -7.91106000000063 ], [ 110.28859, -7.910990000000579 ], [ 110.288769999999161, -7.910900000001035 ], [ 110.288870000000273, -7.91086000000024 ], [ 110.2891, -7.910910000000791 ], [ 110.289199999999212, -7.910920000000539 ], [ 110.289389999999869, -7.910970000001095 ], [ 110.289759999999617, -7.911060000000635 ], [ 110.289919999999228, -7.911140000000439 ], [ 110.289930000000794, -7.911280000000534 ], [ 110.289940000000541, -7.911420000000644 ], [ 110.289919999999228, -7.91173 ], [ 110.289730000000375, -7.912050000001097 ], [ 110.28961999999953, -7.912270000000989 ], [ 110.289979999999517, -7.912280000000741 ], [ 110.290240000000239, -7.912329999999471 ], [ 110.290440000000629, -7.912329999999473 ], [ 110.290600000000225, -7.912329999999479 ], [ 110.290800000000644, -7.912319999999727 ], [ 110.29090999999967, -7.912340000001044 ], [ 110.291030000000276, -7.912350000000794 ], [ 110.291209999999381, -7.912340000001041 ], [ 110.291310000000479, -7.912360000000529 ], [ 110.291429999999281, -7.912370000000291 ], [ 110.291629999999671, -7.912399999999529 ], [ 110.291639999999418, -7.91249000000089 ], [ 110.29162, -7.91261999999943 ], [ 110.291610000000176, -7.912759999999524 ], [ 110.291590000000681, -7.912889999999885 ], [ 110.291600000000429, -7.912990000000992 ], [ 110.291639999999418, -7.913150000000592 ], [ 110.291719999999231, -7.913300000000442 ], [ 110.29183, -7.913399999999728 ], [ 110.291929999999368, -7.913510000000595 ], [ 110.291999999999419, -7.913619999999629 ], [ 110.292090000000798, -7.913769999999472 ], [ 110.29212, -7.913909999999578 ], [ 110.292110000000292, -7.914070000001002 ], [ 110.292079999999231, -7.91418 ], [ 110.291999999999419, -7.914259999999834 ], [ 110.291880000000631, -7.914339999999622 ], [ 110.291769999999786, -7.914370000000695 ], [ 110.291610000000176, -7.914370000000692 ], [ 110.291429999999281, -7.91432999999988 ], [ 110.29126999999967, -7.91425999999984 ], [ 110.29111, -7.914220000000851 ], [ 110.290940000000731, -7.914380000000434 ], [ 110.290829999999886, -7.914440000000736 ], [ 110.290759999999821, -7.914559999999538 ] ] ] } },
{ "type": "Feature", "properties": { "KECAMATAN": "Jetis", "DESA": "Canden", "Sektor": "Pundong" }, "geometry": { "type": "Polygon", "coordinates": [ [ [ 110.372289999999282, -7.9195299999995 ], [ 110.371660000000659, -7.919659999999863 ], [ 110.37046, -7.920150000000207 ], [ 110.368730000000113, -7.919949999999789 ], [ 110.36787, -7.919920000000553 ], [ 110.367270000000616, -7.920280000000551 ], [ 110.36693000000011, -7.920739999999836 ], [ 110.36686, -7.921539999999638 ], [ 110.36693000000011, -7.922430000000815 ], [ 110.367159999999757, -7.92343000000099 ], [ 110.367089999999692, -7.924419999999651 ], [ 110.366760000000738, -7.925779999999856 ], [ 110.366620000000665, -7.92657 ], [ 110.366550000000615, -7.92743 ], [ 110.366579999999857, -7.928140000000257 ], [ 110.366939999999857, -7.929040000001164 ], [ 110.367229999999807, -7.929609999999509 ], [ 110.367260000000869, -7.930430000000628 ], [ 110.366830000000789, -7.93161 ], [ 110.3665, -7.932650000000933 ], [ 110.365959999999149, -7.933300000000881 ], [ 110.36499, -7.933859999999471 ], [ 110.36463, -7.934330000000316 ], [ 110.36434, -7.93493999999947 ], [ 110.364050000000105, -7.935550000000442 ], [ 110.363810000000711, -7.935990000000229 ], [ 110.363639999999549, -7.936110000000839 ], [ 110.363460000000458, -7.936340000000477 ], [ 110.363230000000812, -7.937089999999729 ], [ 110.362820000000255, -7.93773 ], [ 110.362639999999331, -7.938490000000728 ], [ 110.36276, -7.939770000001148 ], [ 110.362929999999295, -7.940530000000128 ], [ 110.363279999999534, -7.9414 ], [ 110.364100000000647, -7.942040000000189 ], [ 110.364859999999638, -7.942279999999577 ], [ 110.365620000000462, -7.942100000000479 ], [ 110.365910000000412, -7.942040000000177 ], [ 110.366260000000665, -7.941979999999897 ], [ 110.366959999999352, -7.942620000000101 ], [ 110.366959999999352, -7.9432 ], [ 110.36672, -7.943960000000788 ], [ 110.3661900000006, -7.945180000000891 ], [ 110.36578, -7.945680000000992 ], [ 110.36513, -7.945420000000301 ], [ 110.364129999999889, -7.944890000000949 ], [ 110.363030000000393, -7.944270000000232 ], [ 110.361399999999747, -7.944100000000912 ], [ 110.360039999999543, -7.944390000000853 ], [ 110.359039999999325, -7.944480000000389 ], [ 110.358490000000501, -7.944030000000847 ], [ 110.357579999999828, -7.943050000000134 ], [ 110.356569999999877, -7.942789999999436 ], [ 110.355670000000799, -7.943690000000328 ], [ 110.355129999999875, -7.94441000000036 ], [ 110.354409999999874, -7.945050000000535 ], [ 110.353409999999684, -7.945420000000297 ], [ 110.35214000000083, -7.945519999999585 ], [ 110.351590000000201, -7.944990000000232 ], [ 110.350409999999073, -7.94427000000024 ], [ 110.350860000000438, -7.94355000000025 ], [ 110.35167, -7.94219 ], [ 110.352119999999516, -7.941380000000479 ], [ 110.352469999999769, -7.940119999999589 ], [ 110.352370000000491, -7.93867999999956 ], [ 110.352360000000743, -7.937250000001132 ], [ 110.352269999999379, -7.935900000000672 ], [ 110.35308000000073, -7.93499 ], [ 110.353709999999367, -7.93391 ], [ 110.354250000000278, -7.932919999999584 ], [ 110.35433, -7.931930000000915 ], [ 110.354600000000531, -7.930660000000275 ], [ 110.355129999999875, -7.929490000000722 ], [ 110.355859999999609, -7.928860000000265 ], [ 110.356219999999624, -7.92822 ], [ 110.357110000000787, -7.926149999999595 ], [ 110.357649999999879, -7.924530000000495 ], [ 110.358099999999411, -7.923709999999391 ], [ 110.35772, -7.92138 ], [ 110.358260000000854, -7.919850000000497 ], [ 110.35823999999954, -7.9167300000011 ], [ 110.358389999999375, -7.916509999999382 ], [ 110.35844, -7.916330000000296 ], [ 110.358399999999122, -7.916190000000209 ], [ 110.358280000000349, -7.915559999999737 ], [ 110.358309999999577, -7.91529000000109 ], [ 110.358389999999375, -7.915100000000444 ], [ 110.358469999999187, -7.914870000000787 ], [ 110.358560000000551, -7.914699999999648 ], [ 110.358609999999274, -7.914570000001101 ], [ 110.358519999999743, -7.914479999999724 ], [ 110.358270000000601, -7.914320000000128 ], [ 110.358120000000739, -7.914240000000349 ], [ 110.357969999999071, -7.914119999999725 ], [ 110.357980000000637, -7.913979999999628 ], [ 110.358019999999627, -7.913810000000278 ], [ 110.358179999999251, -7.91260999999968 ], [ 110.35829, -7.912459999999838 ], [ 110.358410000000688, -7.912440000000347 ], [ 110.359689999999276, -7.91267 ], [ 110.359930000000503, -7.9127499999998 ], [ 110.359979999999226, -7.912899999999623 ], [ 110.360000000000539, -7.913039999999725 ], [ 110.360049999999291, -7.913119999999523 ], [ 110.361779999999243, -7.912770000001093 ], [ 110.361829999999784, -7.912660000000228 ], [ 110.361890000000102, -7.912500000000636 ], [ 110.362080000000745, -7.911809999999881 ], [ 110.362090000000492, -7.911650000000288 ], [ 110.36211, -7.911550000000995 ], [ 110.36314999999918, -7.911669999999775 ], [ 110.363279999999534, -7.911669999999781 ], [ 110.363269999999787, -7.91152 ], [ 110.363520000000761, -7.909960000001138 ], [ 110.363579999999232, -7.90979 ], [ 110.36396000000056, -7.909799999999731 ], [ 110.364139999999651, -7.90979 ], [ 110.364229999999168, -7.909890000001066 ], [ 110.364170000000698, -7.910050000000682 ], [ 110.364059999999853, -7.910299999999827 ], [ 110.3642, -7.910410000000695 ], [ 110.366110000000802, -7.910830000001017 ], [ 110.366219999999856, -7.91087 ], [ 110.366219999999856, -7.911029999999593 ], [ 110.366149999999791, -7.911169999999681 ], [ 110.36614, -7.911319999999522 ], [ 110.36758, -7.91153999999942 ], [ 110.367739999999642, -7.91145999999964 ], [ 110.367860000000263, -7.911330000001096 ], [ 110.367910000000805, -7.911109999999377 ], [ 110.36794, -7.910990000000591 ], [ 110.367949999999809, -7.91087 ], [ 110.36801, -7.910700000000641 ], [ 110.368529999999694, -7.910710000000388 ], [ 110.36852, -7.911400000001136 ], [ 110.368529999999694, -7.911560000000737 ], [ 110.368570000000503, -7.911730000000105 ], [ 110.368700000000857, -7.911860000000441 ], [ 110.369450000000114, -7.912060000000836 ], [ 110.36955999999914, -7.912179999999634 ], [ 110.369660000000266, -7.91253999999965 ], [ 110.369780000000873, -7.912780000000844 ], [ 110.369889999999899, -7.912899999999623 ], [ 110.369870000000404, -7.913049999999469 ], [ 110.369769999999306, -7.913670000000206 ], [ 110.369660000000266, -7.913960000000134 ], [ 110.369469999999595, -7.914210000001096 ], [ 110.369440000000367, -7.914360000000952 ], [ 110.36938, -7.91454 ], [ 110.36938, -7.914979999999831 ], [ 110.369319999999774, -7.915110000000202 ], [ 110.36919999999914, -7.915470000000202 ], [ 110.369150000000403, -7.915600000000552 ], [ 110.369150000000403, -7.91591 ], [ 110.369169999999897, -7.916530000000689 ], [ 110.372289999999282, -7.9195299999995 ] ] ] } },
{ "type": "Feature", "properties": { "KECAMATAN": "Imogiri", "DESA": "Girirejo", "Sektor": "Imogiri" }, "geometry": { "type": "Polygon", "coordinates": [ [ [ 110.404529999999767, -7.92697000000071 ], [ 110.403619999999094, -7.926970000000719 ], [ 110.4024399999998, -7.926980000000456 ], [ 110.402179999999092, -7.927890000001117 ], [ 110.402910000000674, -7.929140000000459 ], [ 110.404189999999261, -7.930029999999811 ], [ 110.40518999999945, -7.930650000000513 ], [ 110.404920000000814, -7.931640000000974 ], [ 110.404560000000814, -7.932370000000721 ], [ 110.404570000000561, -7.933530000000528 ], [ 110.40530000000031, -7.934429999999609 ], [ 110.403949999999853, -7.935330000000522 ], [ 110.402040000000824, -7.935799999999563 ], [ 110.400050000000149, -7.936270000000435 ], [ 110.397689999999756, -7.936729999999722 ], [ 110.395780000000713, -7.93737 ], [ 110.393879999999598, -7.937480000000781 ], [ 110.3920600000001, -7.937410000000728 ], [ 110.390149999999238, -7.93706000000047 ], [ 110.388870000000637, -7.936260000000675 ], [ 110.387319999999775, -7.93528 ], [ 110.385949999999823, -7.934120000000166 ], [ 110.384949999999634, -7.93287000000082 ], [ 110.383850000000123, -7.931710000001019 ], [ 110.382739999999075, -7.928840000000771 ], [ 110.381380000000675, -7.928050000000709 ], [ 110.379919999999373, -7.927780000000256 ], [ 110.379010000000534, -7.927610000000922 ], [ 110.379919999999373, -7.926610000000719 ], [ 110.381369999999109, -7.926429999999804 ], [ 110.382369999999327, -7.926240000000961 ], [ 110.383819999999062, -7.925960000000768 ], [ 110.385270000000645, -7.925579999999453 ], [ 110.38636000000038, -7.925219999999448 ], [ 110.386990000000836, -7.924230000000799 ], [ 110.387090000000143, -7.923769999999695 ], [ 110.387979999999487, -7.923409999999708 ], [ 110.390610000000336, -7.921950000000206 ], [ 110.394500000000306, -7.920749999999591 ], [ 110.397950000000463, -7.919830000001001 ], [ 110.399760000000214, -7.91856000000034 ], [ 110.399199999999809, -7.915590000000794 ], [ 110.399009999999137, -7.914150000000799 ], [ 110.401630000000267, -7.912609999999672 ], [ 110.40308999999975, -7.912860000000637 ], [ 110.40600000000083, -7.91375 ], [ 110.405740000000122, -7.916260000000252 ], [ 110.40530000000031, -7.917890000000901 ], [ 110.403039999999194, -7.920239999999736 ], [ 110.401509999999647, -7.92196 ], [ 110.401970000000773, -7.92321000000111 ], [ 110.40324999999936, -7.925180000000452 ], [ 110.403979999999095, -7.926170000000911 ], [ 110.404529999999767, -7.92697000000071 ] ] ] } },
{ "type": "Feature", "properties": { "KECAMATAN": "Bambanglipuro", "DESA": "Sumbermulyo", "Sektor": "Bantul" }, "geometry": { "type": "Polygon", "coordinates": [ [ [ 110.348, -7.919459999999435 ], [ 110.348260000000636, -7.919110000001009 ], [ 110.34899000000037, -7.919200000000547 ], [ 110.349000000000117, -7.920280000000543 ], [ 110.348550000000586, -7.921450000000102 ], [ 110.34792000000013, -7.922440000000543 ], [ 110.346929999999659, -7.923619999999857 ], [ 110.34602000000082, -7.924530000000503 ], [ 110.344750000000161, -7.924989999999801 ], [ 110.344119999999705, -7.924540000000263 ], [ 110.344380000000413, -7.923640000001162 ], [ 110.34411, -7.922920000001161 ], [ 110.343109999999754, -7.923189999999799 ], [ 110.342199999999096, -7.923740000000455 ], [ 110.341119999999108, -7.924650000001105 ], [ 110.340309999999548, -7.925999999999759 ], [ 110.339679999999092, -7.927089999999501 ], [ 110.33922999999956, -7.928529999999502 ], [ 110.338519999999292, -7.929969999999501 ], [ 110.337980000000215, -7.931329999999717 ], [ 110.337349999999759, -7.93312 ], [ 110.336540000000213, -7.934390000000615 ], [ 110.335559999999504, -7.93673999999946 ], [ 110.33511, -7.938630000000837 ], [ 110.334709999999134, -7.939790000000627 ], [ 110.333899999999588, -7.940769999999513 ], [ 110.331850000000458, -7.939650000000539 ], [ 110.330579999999799, -7.93974 ], [ 110.330040000000693, -7.94029000000074 ], [ 110.329499999999783, -7.941370000000733 ], [ 110.328680000000503, -7.94199999999938 ], [ 110.32769, -7.942370000000946 ], [ 110.326689999999829, -7.943090000000948 ], [ 110.325230000000332, -7.942390000000445 ], [ 110.324409999999233, -7.941320000000179 ], [ 110.323410000000848, -7.940510000000629 ], [ 110.32286000000019, -7.939700000001088 ], [ 110.322399999999064, -7.938899999999466 ], [ 110.322299999999771, -7.93755000000083 ], [ 110.32257000000024, -7.93629 ], [ 110.322829999999129, -7.934770000000124 ], [ 110.32318999999913, -7.933680000000365 ], [ 110.323179999999383, -7.932510000000819 ], [ 110.32299000000053, -7.931350000001017 ], [ 110.322260000000796, -7.930270000001018 ], [ 110.321350000000123, -7.929819999999654 ], [ 110.320530000000829, -7.929469999999402 ], [ 110.320170000000829, -7.930280000000764 ], [ 110.320270000000136, -7.931899999999865 ], [ 110.320369999999429, -7.933250000000321 ], [ 110.320369999999429, -7.934069999999612 ], [ 110.319559999999868, -7.934610000000517 ], [ 110.318559999999664, -7.934980000000265 ], [ 110.317390000000117, -7.935789999999817 ], [ 110.317300000000571, -7.936600000001188 ], [ 110.317390000000117, -7.937500000000273 ], [ 110.316940000000585, -7.938039999999366 ], [ 110.316129999999205, -7.938319999999577 ], [ 110.31531, -7.938599999999772 ], [ 110.313860000000176, -7.938239999999773 ], [ 110.313309999999504, -7.938690000001141 ], [ 110.312770000000413, -7.93924 ], [ 110.311949999999314, -7.939070000000636 ], [ 110.31085999999955, -7.938080000000184 ], [ 110.30976, -7.936920000000383 ], [ 110.30884999999941, -7.936210000000124 ], [ 110.307759999999647, -7.935589999999418 ], [ 110.306759999999443, -7.935600000000987 ], [ 110.306029999999708, -7.935149999999607 ], [ 110.306389999999709, -7.934160000000982 ], [ 110.306829999999493, -7.933349999999615 ], [ 110.306920000000872, -7.932269999999612 ], [ 110.305640000000452, -7.931740000000266 ], [ 110.303459999999134, -7.93103 ], [ 110.303359999999842, -7.929870000000219 ], [ 110.30327000000031, -7.928610000001129 ], [ 110.303260000000563, -7.927350000000205 ], [ 110.303519999999452, -7.926270000000211 ], [ 110.30415, -7.925180000000454 ], [ 110.304969999999187, -7.924100000000446 ], [ 110.30587, -7.923919999999554 ], [ 110.306870000000302, -7.924450000000708 ], [ 110.307969999999813, -7.924800000000963 ], [ 110.308240000000268, -7.924349999999595 ], [ 110.30823000000052, -7.923450000000501 ], [ 110.30832, -7.922549999999589 ], [ 110.30913999999936, -7.922629999999382 ], [ 110.310040000000271, -7.922810000000307 ], [ 110.31094999999911, -7.922629999999387 ], [ 110.311949999999314, -7.922350000001017 ], [ 110.31257999999977, -7.921889999999889 ], [ 110.313399999999049, -7.921070000000607 ], [ 110.3143, -7.920620000001056 ], [ 110.315210000000619, -7.920340000000849 ], [ 110.31639, -7.920430000000393 ], [ 110.316930000000838, -7.919970000001111 ], [ 110.31747, -7.918980000000654 ], [ 110.31783, -7.918260000000646 ], [ 110.318830000000133, -7.917890000000903 ], [ 110.319740000000792, -7.918240000001155 ], [ 110.320110000000525, -7.919320000001152 ], [ 110.321019999999379, -7.919490000000494 ], [ 110.32192000000029, -7.919490000000498 ], [ 110.32273999999957, -7.918669999999382 ], [ 110.323549999999116, -7.918120000000555 ], [ 110.32454999999932, -7.918120000000542 ], [ 110.325370000000447, -7.918920000000353 ], [ 110.326279999999286, -7.919099999999446 ], [ 110.326909999999742, -7.918550000000597 ], [ 110.327830000000148, -7.919260000000847 ], [ 110.328649999999442, -7.919889999999485 ], [ 110.329830000000541, -7.920239999999747 ], [ 110.330459999999178, -7.919599999999534 ], [ 110.331640000000291, -7.9194100000007 ], [ 110.333189999999334, -7.91994 ], [ 110.334650000000664, -7.920480000000957 ], [ 110.335740000000399, -7.920550000001009 ], [ 110.336279999999491, -7.919920000000555 ], [ 110.33673000000087, -7.919099999999444 ], [ 110.33727, -7.918560000000341 ], [ 110.338589999999357, -7.917450000001105 ], [ 110.338599999999104, -7.917240000000947 ], [ 110.33857999999961, -7.917040000000537 ], [ 110.338700000000216, -7.916779999999841 ], [ 110.338820000000808, -7.91656 ], [ 110.338859999999798, -7.916110000000391 ], [ 110.338820000000808, -7.915890000000493 ], [ 110.338809999999242, -7.915699999999844 ], [ 110.338859999999798, -7.915540000000248 ], [ 110.338929999999863, -7.915429999999373 ], [ 110.339, -7.915349999999576 ], [ 110.339309999999358, -7.915470000000195 ], [ 110.339449999999445, -7.91562999999978 ], [ 110.339589999999561, -7.915800000000955 ], [ 110.339739999999395, -7.915970000000293 ], [ 110.339840000000521, -7.916120000000139 ], [ 110.339850000000268, -7.916289999999475 ], [ 110.339710000000153, -7.916680000000545 ], [ 110.339599999999308, -7.916849999999883 ], [ 110.33957, -7.917020000001052 ], [ 110.339599999999308, -7.917170000000892 ], [ 110.339739999999395, -7.91742 ], [ 110.340539999999208, -7.918809999999485 ], [ 110.341899999999399, -7.918900000000854 ], [ 110.342730000000273, -7.919780000000443 ], [ 110.34382, -7.920140000000442 ], [ 110.345359999999303, -7.9203 ], [ 110.346999999999724, -7.9203 ], [ 110.347719999999725, -7.919840000000749 ], [ 110.348, -7.919459999999435 ] ] ] } },
{ "type": "Feature", "properties": { "KECAMATAN": "Dlingo", "DESA": "Mangunan", "Sektor": "Imogiri" }, "geometry": { "type": "Polygon", "coordinates": [ [ [ 110.443359999999259, -7.934050000000122 ], [ 110.443820000000372, -7.935219999999661 ], [ 110.44511000000054, -7.937540000001079 ], [ 110.445019999999161, -7.93881 ], [ 110.444849999999832, -7.94061 ], [ 110.44477, -7.94205 ], [ 110.444960000000677, -7.94349 ], [ 110.44607, -7.946260000000888 ], [ 110.447260000000796, -7.947599999999782 ], [ 110.447799999999873, -7.94821000000074 ], [ 110.446589999999517, -7.948689999999544 ], [ 110.44571, -7.948990000001055 ], [ 110.445170000000843, -7.94932 ], [ 110.44453000000064, -7.949919999999381 ], [ 110.444090000000827, -7.950440000000797 ], [ 110.443789999999311, -7.950909999999847 ], [ 110.443569999999426, -7.951450000000746 ], [ 110.443509999999108, -7.952110000000459 ], [ 110.443779999999563, -7.952770000000145 ], [ 110.444209999999629, -7.953820000000914 ], [ 110.444550000000135, -7.955420000000509 ], [ 110.44458999999911, -7.95706000000092 ], [ 110.444509999999326, -7.958409999999546 ], [ 110.444610000000424, -7.960390000000468 ], [ 110.444470000000337, -7.961719999999615 ], [ 110.444170000000639, -7.96336 ], [ 110.444079999999261, -7.96545 ], [ 110.443960000000487, -7.966039999999608 ], [ 110.443639999999476, -7.966679999999813 ], [ 110.443199999999663, -7.967020000000318 ], [ 110.44277999999936, -7.967230000000471 ], [ 110.44211, -7.967230000000477 ], [ 110.441020000000165, -7.967329999999766 ], [ 110.43875999999905, -7.967010000000572 ], [ 110.437910000000514, -7.966909999999457 ], [ 110.437400000000679, -7.966850000000987 ], [ 110.436739999999162, -7.96685000000098 ], [ 110.435530000000625, -7.966749999999866 ], [ 110.43481000000061, -7.966410000001184 ], [ 110.434110000000103, -7.96587000000028 ], [ 110.433569999999193, -7.965370000000164 ], [ 110.432969999999813, -7.964610000001172 ], [ 110.432500000000758, -7.96378000000032 ], [ 110.432090000000215, -7.963120000000619 ], [ 110.43174, -7.96293 ], [ 110.431300000000149, -7.962840000000421 ], [ 110.431109999999506, -7.962820000000931 ], [ 110.430580000000162, -7.962219999999702 ], [ 110.430399999999239, -7.961660000001127 ], [ 110.430360000000249, -7.961149999999455 ], [ 110.430399999999239, -7.960450000000761 ], [ 110.430619999999138, -7.959650000000968 ], [ 110.430480000000856, -7.959170000000369 ], [ 110.430290000000213, -7.958909999999654 ], [ 110.430000000000248, -7.958619999999701 ], [ 110.429589999999706, -7.958469999999847 ], [ 110.429079999999843, -7.95854 ], [ 110.4286699999993, -7.958650000000762 ], [ 110.428260000000549, -7.958500000000925 ], [ 110.42785999999974, -7.958170000000157 ], [ 110.42763999999984, -7.957770000001161 ], [ 110.4275300000008, -7.957399999999605 ], [ 110.427229999999284, -7.956850000000764 ], [ 110.426719999999435, -7.956109999999454 ], [ 110.426390000000495, -7.955630000000666 ], [ 110.42547, -7.954900000000912 ], [ 110.424989999999497, -7.954490000000362 ], [ 110.424769999999583, -7.953939999999688 ], [ 110.424689999999799, -7.953139999999896 ], [ 110.424810000000392, -7.952550000000246 ], [ 110.424919999999446, -7.951960000000606 ], [ 110.425289999999194, -7.951370000000958 ], [ 110.426690000000193, -7.951279999999594 ], [ 110.42792999999979, -7.951069999999445 ], [ 110.42929, -7.951240000000598 ], [ 110.430469999999289, -7.95069 ], [ 110.430650000000199, -7.94997 ], [ 110.430819999999557, -7.948619999999491 ], [ 110.430809999999809, -7.946910000000846 ], [ 110.430990000000705, -7.945560000000384 ], [ 110.430159999999844, -7.944760000000597 ], [ 110.428159999999437, -7.944240000000988 ], [ 110.42634, -7.943620000000291 ], [ 110.423969999999798, -7.942650000001139 ], [ 110.421239999999642, -7.941500000001085 ], [ 110.418690000000396, -7.940800000000579 ], [ 110.41596000000024, -7.939839999999363 ], [ 110.413959999999818, -7.93903999999957 ], [ 110.411679999999208, -7.938070000000418 ], [ 110.409949999999256, -7.937360000000178 ], [ 110.407590000000681, -7.936210000000123 ], [ 110.40530000000031, -7.934429999999609 ], [ 110.404570000000561, -7.933530000000528 ], [ 110.404560000000814, -7.932370000000721 ], [ 110.404920000000814, -7.931640000000974 ], [ 110.40518999999945, -7.930650000000513 ], [ 110.404189999999261, -7.930029999999811 ], [ 110.402910000000674, -7.929140000000459 ], [ 110.402179999999092, -7.927890000001117 ], [ 110.4024399999998, -7.926980000000456 ], [ 110.403619999999094, -7.926970000000719 ], [ 110.404529999999767, -7.92697000000071 ], [ 110.405800000000411, -7.926960000000959 ], [ 110.40726, -7.927309999999402 ], [ 110.408620000000113, -7.92703000000102 ], [ 110.41043999999961, -7.926750000000813 ], [ 110.410889999999156, -7.926030000000814 ], [ 110.411519999999612, -7.925569999999692 ], [ 110.412700000000726, -7.925300000001059 ], [ 110.41415000000049, -7.925010000001121 ], [ 110.41587000000068, -7.92491 ], [ 110.417240000000646, -7.925980000000252 ], [ 110.4177, -7.926880000001166 ], [ 110.419069999999891, -7.927579999999855 ], [ 110.420700000000537, -7.927480000000559 ], [ 110.4217900000003, -7.927200000000361 ], [ 110.42252, -7.926750000000808 ], [ 110.42341999999914, -7.926020000001072 ], [ 110.42432, -7.925110000000405 ], [ 110.424950000000507, -7.924209999999489 ], [ 110.425219999999143, -7.923220000000867 ], [ 110.425119999999836, -7.921969999999689 ], [ 110.425020000000558, -7.920620000001065 ], [ 110.425559999999649, -7.91944 ], [ 110.426559999999853, -7.918799999999745 ], [ 110.42727999999984, -7.918170000001107 ], [ 110.428180000000751, -7.917450000001105 ], [ 110.4313700000002, -7.915639999999538 ], [ 110.429910000000717, -7.918060000000241 ], [ 110.430829999999304, -7.919669999999588 ], [ 110.431109999999506, -7.921200000000951 ], [ 110.431029999999694, -7.922269999999385 ], [ 110.431039999999442, -7.923720000000966 ], [ 110.431319999999644, -7.925240000000754 ], [ 110.431959999999847, -7.926139999999848 ], [ 110.433329999999813, -7.92721 ], [ 110.434779999999549, -7.927729999999712 ], [ 110.436149999999515, -7.928350000000412 ], [ 110.439519999999874, -7.930580000000471 ], [ 110.441259999999559, -7.931549999999607 ], [ 110.442530000000218, -7.932530000000327 ], [ 110.443359999999259, -7.934050000000122 ] ] ] } },
{ "type": "Feature", "properties": { "KECAMATAN": "Imogiri", "DESA": "Karangtalun", "Sektor": "Imogiri" }, "geometry": { "type": "Polygon", "coordinates": [ [ [ 110.387090000000143, -7.923769999999695 ], [ 110.386990000000836, -7.924230000000799 ], [ 110.38636000000038, -7.925219999999448 ], [ 110.385270000000645, -7.925579999999453 ], [ 110.383819999999062, -7.925960000000768 ], [ 110.382369999999327, -7.926240000000961 ], [ 110.381369999999109, -7.926429999999804 ], [ 110.379919999999373, -7.926610000000719 ], [ 110.379010000000534, -7.927610000000922 ], [ 110.377189999999217, -7.926900000000657 ], [ 110.375830000000818, -7.9265500000004 ], [ 110.374920000000174, -7.926200000000153 ], [ 110.374820000000867, -7.925120000000147 ], [ 110.374630000000224, -7.924230000000809 ], [ 110.374169999999097, -7.923240000000353 ], [ 110.372989999999803, -7.922979999999638 ], [ 110.372090000000711, -7.923440000000751 ], [ 110.370909999999611, -7.924789999999402 ], [ 110.370189999999596, -7.924890000000507 ], [ 110.367089999999692, -7.924419999999651 ], [ 110.367159999999757, -7.923430000001006 ], [ 110.36693000000011, -7.922430000000797 ], [ 110.36686, -7.921539999999638 ], [ 110.36693000000011, -7.920739999999836 ], [ 110.367270000000616, -7.920280000000551 ], [ 110.36787, -7.919920000000553 ], [ 110.368730000000113, -7.919949999999789 ], [ 110.37046, -7.920150000000207 ], [ 110.371660000000659, -7.919659999999847 ], [ 110.372289999999296, -7.919529999999482 ], [ 110.373429999999615, -7.919830000001003 ], [ 110.374719999999769, -7.919330000000904 ], [ 110.375690000000716, -7.918470000000808 ], [ 110.375990000000414, -7.9177700000003 ], [ 110.376019999999656, -7.917149999999585 ], [ 110.377860000000467, -7.917100000000857 ], [ 110.378779999999054, -7.918170000001094 ], [ 110.379779999999258, -7.919060000000442 ], [ 110.380970000000119, -7.919860000000249 ], [ 110.382149999999427, -7.920760000001164 ], [ 110.383340000000288, -7.92174 ], [ 110.385619999999065, -7.923510000000815 ], [ 110.387090000000143, -7.923769999999695 ] ] ] } },
{ "type": "Feature", "properties": { "KECAMATAN": "Imogiri", "DESA": "Kebonagung", "Sektor": "Imogiri" }, "geometry": { "type": "Polygon", "coordinates": [ [ [ 110.379010000000534, -7.927610000000922 ], [ 110.37766, -7.92887999999976 ], [ 110.377210000000531, -7.930500000000676 ], [ 110.377130000000733, -7.931940000000675 ], [ 110.377319999999557, -7.933380000000668 ], [ 110.377689999999305, -7.934719999999568 ], [ 110.37879000000062, -7.935789999999815 ], [ 110.37961, -7.93686 ], [ 110.379530000000116, -7.937860000000284 ], [ 110.378810000000115, -7.938850000000737 ], [ 110.378179999999659, -7.940469999999833 ], [ 110.376630000000617, -7.939230000000221 ], [ 110.3748099999993, -7.938609999999509 ], [ 110.373260000000258, -7.938080000000179 ], [ 110.371810000000522, -7.937910000000826 ], [ 110.370259999999661, -7.938200000000785 ], [ 110.36926999999919, -7.938829999999411 ], [ 110.368270000000805, -7.939560000000981 ], [ 110.365910000000412, -7.942040000000177 ], [ 110.365620000000462, -7.942100000000479 ], [ 110.364859999999638, -7.942279999999577 ], [ 110.364100000000661, -7.942040000000189 ], [ 110.363279999999534, -7.9414 ], [ 110.362929999999295, -7.940530000000128 ], [ 110.36276, -7.93977000000113 ], [ 110.362639999999331, -7.938490000000728 ], [ 110.362820000000255, -7.93773 ], [ 110.363230000000812, -7.937089999999713 ], [ 110.363460000000458, -7.936340000000477 ], [ 110.363639999999535, -7.936110000000839 ], [ 110.363810000000711, -7.935990000000229 ], [ 110.364050000000105, -7.935550000000425 ], [ 110.36434, -7.93493999999947 ], [ 110.36463, -7.934330000000316 ], [ 110.36499, -7.933859999999453 ], [ 110.365959999999149, -7.933300000000881 ], [ 110.3665, -7.932650000000933 ], [ 110.366830000000803, -7.93161 ], [ 110.367260000000869, -7.930430000000612 ], [ 110.367229999999807, -7.929609999999509 ], [ 110.366939999999857, -7.929040000001164 ], [ 110.366579999999857, -7.928140000000257 ], [ 110.366550000000615, -7.92743 ], [ 110.366620000000665, -7.92657 ], [ 110.366760000000752, -7.925779999999856 ], [ 110.367089999999692, -7.924419999999651 ], [ 110.370189999999596, -7.924890000000507 ], [ 110.370909999999611, -7.924789999999402 ], [ 110.372090000000711, -7.923440000000751 ], [ 110.372989999999803, -7.922979999999638 ], [ 110.374169999999097, -7.923240000000353 ], [ 110.374630000000224, -7.924230000000809 ], [ 110.374820000000867, -7.925120000000147 ], [ 110.374920000000174, -7.926200000000153 ], [ 110.375830000000818, -7.9265500000004 ], [ 110.377189999999217, -7.926900000000657 ], [ 110.379010000000534, -7.927610000000922 ] ] ] } },
{ "type": "Feature", "properties": { "KECAMATAN": "Srandakan", "DESA": "Trimurti", "Sektor": "Bantul" }, "geometry": { "type": "Polygon", "coordinates": [ [ [ 110.270510000000243, -7.92376 ], [ 110.27261, -7.92664 ], [ 110.273929999999339, -7.928459999999448 ], [ 110.273929999999339, -7.929720000000362 ], [ 110.27376, -7.93053 ], [ 110.2734, -7.93125 ], [ 110.272769999999554, -7.932339999999662 ], [ 110.272139999999098, -7.933059999999656 ], [ 110.271409999999335, -7.933600000000574 ], [ 110.2703199999996, -7.934059999999867 ], [ 110.269599999999585, -7.934419999999863 ], [ 110.269239999999584, -7.93578 ], [ 110.2691599999998, -7.937130000000524 ], [ 110.269529999999534, -7.938200000000789 ], [ 110.269539999999282, -7.939370000000334 ], [ 110.269539999999282, -7.940450000000338 ], [ 110.268729999999749, -7.940909999999619 ], [ 110.267729999999531, -7.94046 ], [ 110.267359999999783, -7.939200000000978 ], [ 110.266349999999846, -7.937949999999821 ], [ 110.26606999999963, -7.936970000000938 ], [ 110.265520000000791, -7.935540000000683 ], [ 110.265419999999693, -7.934450000000933 ], [ 110.26487000000084, -7.933650000001127 ], [ 110.264600000000385, -7.933199999999767 ], [ 110.26351000000065, -7.933209999999502 ], [ 110.262689999999523, -7.933929999999505 ], [ 110.262430000000634, -7.935289999999715 ], [ 110.261800000000179, -7.935920000000166 ], [ 110.26097999999908, -7.936460000001086 ], [ 110.260169999999519, -7.936920000000369 ], [ 110.25916999999933, -7.937470000001032 ], [ 110.258359999999769, -7.937739999999673 ], [ 110.257809999999111, -7.938099999999668 ], [ 110.257359999999579, -7.938910000001037 ], [ 110.257190000000222, -7.940090000000329 ], [ 110.256919999999766, -7.941440000000783 ], [ 110.257470000000424, -7.941880000000586 ], [ 110.259019999999467, -7.943040000000394 ], [ 110.260210000000328, -7.943750000000649 ], [ 110.261210000000531, -7.944560000000193 ], [ 110.261029999999636, -7.945540000000894 ], [ 110.26058, -7.946540000001098 ], [ 110.260130000000544, -7.947440000000192 ], [ 110.260140000000291, -7.94824 ], [ 110.26104999999913, -7.949230000000445 ], [ 110.26188, -7.950119999999796 ], [ 110.262329999999537, -7.950660000000698 ], [ 110.262779999999069, -7.949490000001155 ], [ 110.26296, -7.948759999999577 ], [ 110.263960000000182, -7.948399999999578 ], [ 110.265139999999477, -7.948300000000299 ], [ 110.266050000000149, -7.94874 ], [ 110.266410000000135, -7.949370000000542 ], [ 110.266600000000807, -7.950000000001004 ], [ 110.266240000000792, -7.950999999999389 ], [ 110.265880000000791, -7.951980000000102 ], [ 110.265339999999895, -7.952789999999639 ], [ 110.264890000000335, -7.953610000000753 ], [ 110.264530000000335, -7.954060000000305 ], [ 110.263170000000144, -7.953980000000502 ], [ 110.26199000000085, -7.953810000001154 ], [ 110.260990000000646, -7.953460000000901 ], [ 110.259710000000226, -7.953190000000454 ], [ 110.258620000000477, -7.95285 ], [ 110.257349999999832, -7.953120000000396 ], [ 110.255989999999613, -7.952770000000143 ], [ 110.254979999999662, -7.952240000000811 ], [ 110.25389, -7.951709999999645 ], [ 110.252619999999268, -7.95135999999938 ], [ 110.251070000000226, -7.950999999999387 ], [ 110.249069999999804, -7.950670000000456 ], [ 110.246440000000774, -7.950409999999747 ], [ 110.24424999999971, -7.950070000001053 ], [ 110.242529999999491, -7.949989999999436 ], [ 110.240889999999098, -7.949640000001003 ], [ 110.239620000000258, -7.94946999999984 ], [ 110.23848, -7.949549999999646 ], [ 110.23718, -7.949240000000187 ], [ 110.238489999999686, -7.947000000000386 ], [ 110.240840000000361, -7.942830000000233 ], [ 110.24229, -7.939000000000577 ], [ 110.243119999999138, -7.937290000000116 ], [ 110.243979999999254, -7.934670000000826 ], [ 110.24416000000015, -7.934359999999573 ], [ 110.244880000000165, -7.933139999999466 ], [ 110.24589999999985, -7.931490000001122 ], [ 110.246320000000154, -7.930810000000109 ], [ 110.246800000000775, -7.93002 ], [ 110.24827, -7.928120000000765 ], [ 110.250060000000261, -7.926400000000553 ], [ 110.251979999999065, -7.924950000000806 ], [ 110.253199999999168, -7.924250000000298 ], [ 110.254600000000167, -7.923800000000756 ], [ 110.255699999999678, -7.923530000000307 ], [ 110.256129999999729, -7.923430000001007 ], [ 110.256960000000589, -7.923489999999494 ], [ 110.25792, -7.923940000000869 ], [ 110.259830000000846, -7.925600000000767 ], [ 110.261490000000734, -7.927060000000259 ], [ 110.263080000000585, -7.928519999999752 ], [ 110.264170000000348, -7.928910000000825 ], [ 110.26526999999983, -7.92907000000042 ], [ 110.266449999999125, -7.928879999999752 ], [ 110.267069999999833, -7.928640000000363 ], [ 110.267449999999329, -7.928449999999706 ], [ 110.269070000000255, -7.926719999999758 ], [ 110.27038, -7.924180000000259 ], [ 110.270510000000243, -7.92376 ] ] ] } },
{ "type": "Feature", "properties": { "KECAMATAN": "Pandak", "DESA": "Caturharjo", "Sektor": "Bantul" }, "geometry": { "type": "Polygon", "coordinates": [ [ [ 110.28874, -7.945710000000241 ], [ 110.288920000000843, -7.94651 ], [ 110.289479999999415, -7.94759 ], [ 110.290479999999633, -7.948029999999841 ], [ 110.291479999999837, -7.948290000000553 ], [ 110.292569999999571, -7.948549999999432 ], [ 110.293299999999334, -7.949179999999893 ], [ 110.292760000000243, -7.950080000000806 ], [ 110.291579999999115, -7.950450000000553 ], [ 110.290129999999365, -7.950199999999587 ], [ 110.289029999999883, -7.949210000000946 ], [ 110.287850000000574, -7.948500000000705 ], [ 110.286930000000169, -7.947969999999527 ], [ 110.28601999999951, -7.947700000000901 ], [ 110.284929999999775, -7.947529999999734 ], [ 110.284669999999068, -7.948430000000653 ], [ 110.284760000000418, -7.949689999999737 ], [ 110.284859999999711, -7.950950000000643 ], [ 110.285050000000368, -7.952289999999549 ], [ 110.28523999999922, -7.953460000000911 ], [ 110.285610000000787, -7.95472 ], [ 110.285610000000787, -7.955620000000907 ], [ 110.285799999999625, -7.956609999999545 ], [ 110.28535, -7.95688 ], [ 110.28463, -7.95751000000046 ], [ 110.28371999999942, -7.957880000000213 ], [ 110.282080000000832, -7.957350000000855 ], [ 110.281080000000614, -7.957000000000616 ], [ 110.279720000000424, -7.956650000000357 ], [ 110.27844, -7.956570000000565 ], [ 110.27599, -7.956580000000312 ], [ 110.274900000000301, -7.956410000000957 ], [ 110.274079999999202, -7.955970000001155 ], [ 110.273080000000817, -7.955620000000908 ], [ 110.271629999999249, -7.9557200000002 ], [ 110.27045, -7.955910000000855 ], [ 110.26836, -7.955739999999698 ], [ 110.267910000000455, -7.955640000000417 ], [ 110.26716999999914, -7.955480000000815 ], [ 110.265989999999846, -7.955309999999656 ], [ 110.265170000000538, -7.954959999999389 ], [ 110.264530000000335, -7.954060000000305 ], [ 110.264890000000335, -7.953610000000753 ], [ 110.265339999999895, -7.952789999999639 ], [ 110.265880000000791, -7.951980000000102 ], [ 110.266240000000792, -7.950999999999389 ], [ 110.266600000000807, -7.950000000001004 ], [ 110.266410000000135, -7.949370000000542 ], [ 110.266050000000149, -7.94874 ], [ 110.265139999999477, -7.948300000000299 ], [ 110.263960000000182, -7.948399999999578 ], [ 110.26296, -7.948759999999577 ], [ 110.262779999999069, -7.949490000001155 ], [ 110.262329999999537, -7.950660000000698 ], [ 110.26188, -7.950119999999796 ], [ 110.26104999999913, -7.949230000000445 ], [ 110.260140000000291, -7.94824 ], [ 110.260130000000544, -7.947440000000192 ], [ 110.26058, -7.946540000001098 ], [ 110.261029999999636, -7.945540000000894 ], [ 110.261210000000531, -7.944560000000193 ], [ 110.260210000000328, -7.943750000000649 ], [ 110.259019999999467, -7.943040000000394 ], [ 110.257470000000424, -7.941880000000586 ], [ 110.256919999999766, -7.941440000000783 ], [ 110.257190000000222, -7.940090000000329 ], [ 110.257359999999579, -7.938910000001037 ], [ 110.257809999999111, -7.938099999999668 ], [ 110.258359999999769, -7.937739999999673 ], [ 110.25916999999933, -7.937470000001032 ], [ 110.260169999999519, -7.936920000000369 ], [ 110.26097999999908, -7.936460000001086 ], [ 110.261800000000179, -7.935920000000166 ], [ 110.262430000000634, -7.935289999999715 ], [ 110.262689999999523, -7.933929999999505 ], [ 110.26351000000065, -7.933209999999502 ], [ 110.264600000000385, -7.933199999999767 ], [ 110.26487000000084, -7.933650000001127 ], [ 110.265419999999693, -7.934450000000933 ], [ 110.265520000000791, -7.935540000000683 ], [ 110.26606999999963, -7.936970000000938 ], [ 110.266349999999846, -7.937949999999821 ], [ 110.267359999999783, -7.939200000000978 ], [ 110.267729999999531, -7.94046 ], [ 110.268729999999749, -7.940909999999619 ], [ 110.269539999999282, -7.940450000000338 ], [ 110.269539999999282, -7.939370000000334 ], [ 110.269529999999534, -7.938200000000789 ], [ 110.2691599999998, -7.937130000000524 ], [ 110.269239999999584, -7.93578 ], [ 110.269599999999585, -7.934419999999863 ], [ 110.2703199999996, -7.934059999999867 ], [ 110.271409999999335, -7.933600000000574 ], [ 110.272139999999098, -7.933059999999656 ], [ 110.272769999999554, -7.932339999999662 ], [ 110.2734, -7.93125 ], [ 110.27376, -7.93053 ], [ 110.273929999999339, -7.929720000000362 ], [ 110.273929999999339, -7.928459999999448 ], [ 110.27261, -7.92664 ], [ 110.27419, -7.927200000000353 ], [ 110.275009999999355, -7.92729 ], [ 110.27628, -7.927009999999701 ], [ 110.277729999999764, -7.927170000001125 ], [ 110.27892000000061, -7.927620000000667 ], [ 110.279469999999449, -7.928519999999756 ], [ 110.280109999999652, -7.929580000000268 ], [ 110.280660000000324, -7.930749999999815 ], [ 110.280940000000527, -7.932010000000716 ], [ 110.280860000000729, -7.93309000000072 ], [ 110.281049999999553, -7.934890000000718 ], [ 110.281329999999755, -7.9365 ], [ 110.281520000000427, -7.938389999999617 ], [ 110.281709999999251, -7.940269999999423 ], [ 110.28154, -7.941619999999877 ], [ 110.282090000000579, -7.942690000000122 ], [ 110.283369999999167, -7.943680000000592 ], [ 110.285099999999105, -7.944470000000639 ], [ 110.286920000000421, -7.945089999999532 ], [ 110.28874, -7.945710000000241 ] ] ] } },
{ "type": "Feature", "properties": { "KECAMATAN": "Dlingo", "DESA": "Dlingo", "Sektor": "Imogiri" }, "geometry": { "type": "Polygon", "coordinates": [ [ [ 110.481739999999235, -7.92756000000035 ], [ 110.481299999999422, -7.92909 ], [ 110.483770000000689, -7.9324 ], [ 110.485430000000591, -7.935260000000476 ], [ 110.48633999999943, -7.93678000000027 ], [ 110.488680000000343, -7.939270000001041 ], [ 110.488610000000307, -7.939399999999566 ], [ 110.488639999999549, -7.939679999999779 ], [ 110.488709999999585, -7.939979999999472 ], [ 110.488890000000509, -7.940290000000739 ], [ 110.489009999999283, -7.94046 ], [ 110.489240000000763, -7.940839999999567 ], [ 110.489449999999081, -7.941150000000844 ], [ 110.489550000000207, -7.941660000000692 ], [ 110.489569999999702, -7.942030000000435 ], [ 110.48954000000046, -7.942489999999728 ], [ 110.489369999999283, -7.942830000000224 ], [ 110.489149999999384, -7.943300000001097 ], [ 110.48891, -7.943730000001135 ], [ 110.48872999999908, -7.944200000000188 ], [ 110.488279999999548, -7.944990000000234 ], [ 110.488160000000747, -7.94504000000079 ], [ 110.48783, -7.945100000001091 ], [ 110.487680000000154, -7.945040000000787 ], [ 110.487230000000594, -7.944530000000951 ], [ 110.486329999999683, -7.943660000001095 ], [ 110.485730000000288, -7.943209999999734 ], [ 110.485129999999089, -7.94298 ], [ 110.484469999999376, -7.94291 ], [ 110.483959999999541, -7.942820000000479 ], [ 110.483389999999389, -7.942559999999786 ], [ 110.482700000000449, -7.942220000001099 ], [ 110.482219999999828, -7.942080000000981 ], [ 110.481649999999675, -7.942170000000542 ], [ 110.481289999999674, -7.942400000000174 ], [ 110.48099, -7.94255 ], [ 110.480509999999384, -7.942740000000691 ], [ 110.480030000000582, -7.942849999999726 ], [ 110.479429999999368, -7.942849999999726 ], [ 110.47876999999967, -7.942760000000189 ], [ 110.477979999999619, -7.942279999999577 ], [ 110.477619999999618, -7.942220000001099 ], [ 110.477230000000375, -7.942279999999571 ], [ 110.476660000000223, -7.94241999999967 ], [ 110.476389999999768, -7.942600000000587 ], [ 110.47624, -7.943120000000174 ], [ 110.476269999999161, -7.94377000000014 ], [ 110.476420000000829, -7.94451999999937 ], [ 110.476689999999465, -7.945690000000749 ], [ 110.476870000000389, -7.94644 ], [ 110.477230000000375, -7.947720000000399 ], [ 110.477559999999315, -7.94831999999978 ], [ 110.47804, -7.949399999999786 ], [ 110.478100000000239, -7.949909999999641 ], [ 110.477940000000629, -7.950450000000549 ], [ 110.477759999999734, -7.95069 ], [ 110.477349999999163, -7.950870000000859 ], [ 110.476969999999667, -7.951020000000699 ], [ 110.476070000000576, -7.951269999999847 ], [ 110.47494, -7.951639999999585 ], [ 110.474000000000132, -7.951929999999532 ], [ 110.473659999999626, -7.952240000000812 ], [ 110.473260000000622, -7.95266000000111 ], [ 110.472879999999307, -7.953100000000912 ], [ 110.472589999999357, -7.953600000001 ], [ 110.47249, -7.954060000000299 ], [ 110.472550000000368, -7.954410000000556 ], [ 110.472690000000469, -7.95479 ], [ 110.472859999999812, -7.955159999999792 ], [ 110.472970000000672, -7.955640000000409 ], [ 110.473239999999308, -7.956249999999556 ], [ 110.473589999999561, -7.957039999999602 ], [ 110.47386, -7.95770000000111 ], [ 110.474050000000688, -7.958300000000502 ], [ 110.474179999999208, -7.958880000000406 ], [ 110.474430000000169, -7.95965000000096 ], [ 110.474710000000371, -7.96034999999966 ], [ 110.474899999999224, -7.96083000000027 ], [ 110.475220000000235, -7.961690000000369 ], [ 110.475539999999427, -7.962649999999761 ], [ 110.475609999999477, -7.96299000000027 ], [ 110.475759999999312, -7.963540000000926 ], [ 110.475930000000488, -7.964229999999857 ], [ 110.475930000000488, -7.964889999999569 ], [ 110.47580000000012, -7.96534000000093 ], [ 110.475539999999427, -7.96587000000027 ], [ 110.4753, -7.966479999999409 ], [ 110.475070000000372, -7.966679999999815 ], [ 110.474790000000169, -7.966850000000985 ], [ 110.47451, -7.96689 ], [ 110.47409999999941, -7.966829999999661 ], [ 110.4735, -7.966700000001129 ], [ 110.473190000000571, -7.966679999999813 ], [ 110.47285, -7.966770000001187 ], [ 110.472610000000671, -7.96696 ], [ 110.472610000000671, -7.967269999999458 ], [ 110.472719999999725, -7.967549999999673 ], [ 110.473040000000736, -7.967820000000126 ], [ 110.473599999999308, -7.968100000000327 ], [ 110.474169999999461, -7.968279999999419 ], [ 110.475280000000538, -7.968860000001142 ], [ 110.47602, -7.96934 ], [ 110.476880000000136, -7.969870000001094 ], [ 110.477220000000628, -7.97017000000079 ], [ 110.477349999999163, -7.970390000000687 ], [ 110.477520000000325, -7.970799999999413 ], [ 110.477399999999733, -7.971149999999683 ], [ 110.477349999999163, -7.971400000000632 ], [ 110.476430000000576, -7.97177000000039 ], [ 110.47580000000012, -7.971850000000186 ], [ 110.475459999999615, -7.971890000000987 ], [ 110.475029999999563, -7.97193 ], [ 110.474669999999577, -7.971850000000187 ], [ 110.474319999999324, -7.971610000000782 ], [ 110.47415, -7.971449999999373 ], [ 110.473869999999764, -7.97099999999983 ], [ 110.473630000000369, -7.97048000000023 ], [ 110.473389999999171, -7.9702 ], [ 110.473009999999661, -7.970110000000477 ], [ 110.472509999999573, -7.970030000000687 ], [ 110.47199, -7.970030000000693 ], [ 110.471190000000178, -7.970079999999425 ], [ 110.47019, -7.96989000000058 ], [ 110.46961, -7.969859999999517 ], [ 110.469199999999503, -7.969870000001085 ], [ 110.468860000000817, -7.969999999999622 ], [ 110.468600000000109, -7.970230000001096 ], [ 110.468360000000715, -7.970620000000335 ], [ 110.468109999999768, -7.970939999999525 ], [ 110.467800000000324, -7.971130000000173 ], [ 110.467529999999869, -7.971190000000483 ], [ 110.467300000000208, -7.971130000000175 ], [ 110.467210000000676, -7.970960000000832 ], [ 110.467080000000308, -7.970649999999575 ], [ 110.4670399999995, -7.970310000000892 ], [ 110.466899999999413, -7.970009999999363 ], [ 110.466770000000864, -7.96984 ], [ 110.46652, -7.969779999999714 ], [ 110.46625999999921, -7.969779999999714 ], [ 110.46587, -7.969789999999461 ], [ 110.465490000000457, -7.969719999999426 ], [ 110.465070000000168, -7.969559999999817 ], [ 110.46470000000042, -7.969419999999715 ], [ 110.464389999999156, -7.969230000000884 ], [ 110.464040000000722, -7.96898 ], [ 110.463809999999256, -7.96883 ], [ 110.463560000000101, -7.968570000001189 ], [ 110.463340000000201, -7.968390000000268 ], [ 110.463299999999393, -7.968160000000631 ], [ 110.46335, -7.967870000000683 ], [ 110.463509999999559, -7.96739 ], [ 110.464159999999495, -7.966829999999661 ], [ 110.464760000000723, -7.966490000000968 ], [ 110.465260000000825, -7.966360000000631 ], [ 110.465630000000573, -7.96636000000063 ], [ 110.466080000000105, -7.966560000001026 ], [ 110.466580000000221, -7.966800000000418 ], [ 110.467049999999247, -7.966880000000215 ], [ 110.467360000000511, -7.966829999999665 ], [ 110.4676199999994, -7.966580000000524 ], [ 110.467880000000108, -7.966130000000986 ], [ 110.46814000000083, -7.965500000000518 ], [ 110.468349999999148, -7.964879999999809 ], [ 110.46853, -7.964599999999607 ], [ 110.468919999999301, -7.964379999999705 ], [ 110.469390000000175, -7.964169999999558 ], [ 110.469800000000717, -7.963980000000716 ], [ 110.470149999999151, -7.963739999999515 ], [ 110.470540000000227, -7.963089999999554 ], [ 110.470670000000581, -7.962690000000568 ], [ 110.470540000000227, -7.962299999999501 ], [ 110.470170000000465, -7.961859999999701 ], [ 110.469779999999403, -7.96156 ], [ 110.469349999999366, -7.961349999999857 ], [ 110.468880000000311, -7.961219999999503 ], [ 110.468469999999769, -7.961090000000975 ], [ 110.467989999999148, -7.960890000000567 ], [ 110.467490000000879, -7.960590000000865 ], [ 110.466930000000474, -7.960330000000153 ], [ 110.466440000000105, -7.960090000000766 ], [ 110.465829999999144, -7.959820000000313 ], [ 110.465330000000876, -7.959629999999652 ], [ 110.465099999999396, -7.959460000000306 ], [ 110.464920000000305, -7.959150000000873 ], [ 110.464659999999611, -7.958629999999455 ], [ 110.464509999999748, -7.958140000000918 ], [ 110.464449999999459, -7.957810000000161 ], [ 110.464490000000254, -7.95731 ], [ 110.464690000000672, -7.956990000000863 ], [ 110.46519000000076, -7.95677000000097 ], [ 110.46564000000032, -7.95652 ], [ 110.466119999999094, -7.956340000000906 ], [ 110.46666, -7.956099999999695 ], [ 110.467029999999752, -7.955780000000502 ], [ 110.467230000000171, -7.955500000000297 ], [ 110.467269999999147, -7.955200000000617 ], [ 110.467140000000626, -7.954780000000301 ], [ 110.46695, -7.954490000000346 ], [ 110.46673, -7.95429 ], [ 110.466340000000812, -7.95414 ], [ 110.465879999999714, -7.95414 ], [ 110.465430000000154, -7.954270000000456 ], [ 110.46499000000037, -7.954589999999648 ], [ 110.464690000000672, -7.954980000000711 ], [ 110.464379999999409, -7.95515 ], [ 110.46412000000052, -7.955239999999602 ], [ 110.463560000000101, -7.955239999999594 ], [ 110.462820000000619, -7.955210000000354 ], [ 110.462299999999189, -7.955280000000412 ], [ 110.46176, -7.95537 ], [ 110.461129999999642, -7.95569000000096 ], [ 110.460650000000868, -7.955970000001165 ], [ 110.460259999999792, -7.956270000000862 ], [ 110.459800000000513, -7.956529999999749 ], [ 110.459090000000259, -7.956679999999605 ], [ 110.458500000000612, -7.956870000000249 ], [ 110.457959999999687, -7.9570200000001 ], [ 110.457500000000408, -7.95724 ], [ 110.457089999999837, -7.95757000000076 ], [ 110.456759999999079, -7.957950000000265 ], [ 110.45653999999918, -7.958409999999542 ], [ 110.456410000000645, -7.9589 ], [ 110.456410000000645, -7.959279999999411 ], [ 110.45650000000019, -7.959639999999403 ], [ 110.456620000000811, -7.959849999999548 ], [ 110.456850000000443, -7.960129999999753 ], [ 110.45723, -7.960349999999647 ], [ 110.457549999999145, -7.960520000000819 ], [ 110.45773, -7.96069000000017 ], [ 110.457899999999398, -7.96092999999956 ], [ 110.457940000000207, -7.961279999999803 ], [ 110.457469999999333, -7.963009999999765 ], [ 110.45737, -7.963930000000175 ], [ 110.45737, -7.96445999999951 ], [ 110.457259999999195, -7.965679999999613 ], [ 110.456969999999245, -7.966189999999457 ], [ 110.45679000000014, -7.966360000000617 ], [ 110.456620000000811, -7.966469999999668 ], [ 110.456239999999482, -7.966829999999662 ], [ 110.455770000000442, -7.96718 ], [ 110.455350000000152, -7.967370000000569 ], [ 110.45498000000039, -7.967420000001129 ], [ 110.454739999999191, -7.967409999999567 ], [ 110.454540000000591, -7.967039999999821 ], [ 110.454429999999746, -7.966549999999463 ], [ 110.454260000000389, -7.96588 ], [ 110.453980000000186, -7.965260000001126 ], [ 110.453789999999543, -7.964920000000619 ], [ 110.453470000000351, -7.964309999999669 ], [ 110.45312, -7.96393000000016 ], [ 110.452719999999275, -7.963610000000979 ], [ 110.45211999999988, -7.963089999999567 ], [ 110.451800000000688, -7.96287999999941 ], [ 110.451370000000651, -7.962579999999702 ], [ 110.450989999999337, -7.962250000000776 ], [ 110.450779999999185, -7.961830000000459 ], [ 110.450769999999437, -7.96148000000021 ], [ 110.450639999999069, -7.961190000000257 ], [ 110.450619999999574, -7.96084 ], [ 110.450699999999387, -7.960450000000763 ], [ 110.451090000000448, -7.958890000000166 ], [ 110.451230000000535, -7.958119999999595 ], [ 110.451119999999676, -7.95691000000107 ], [ 110.451119999999676, -7.955920000000601 ], [ 110.451310000000348, -7.955210000000347 ], [ 110.451650000000853, -7.954850000000361 ], [ 110.452030000000349, -7.95473999999949 ], [ 110.452639999999491, -7.954490000000358 ], [ 110.453879999999089, -7.953780000000101 ], [ 110.454569999999833, -7.953069999999848 ], [ 110.454879999999278, -7.952429999999641 ], [ 110.454910000000339, -7.951940000001116 ], [ 110.454739999999191, -7.951440000001013 ], [ 110.453820000000604, -7.949890000000147 ], [ 110.453299999999174, -7.949000000000789 ], [ 110.452030000000349, -7.947560000000794 ], [ 110.451390000000146, -7.947249999999537 ], [ 110.450639999999069, -7.947070000000439 ], [ 110.449759999999486, -7.9469200000006 ], [ 110.44916, -7.94701000000014 ], [ 110.44854999999913, -7.947420000000702 ], [ 110.447949999999736, -7.948150000000446 ], [ 110.447799999999873, -7.94821000000074 ], [ 110.447260000000796, -7.947599999999782 ], [ 110.44607, -7.946260000000888 ], [ 110.444960000000677, -7.94349 ], [ 110.44477, -7.94205 ], [ 110.444849999999832, -7.94061 ], [ 110.445019999999161, -7.93881 ], [ 110.44511000000054, -7.937540000001079 ], [ 110.443820000000372, -7.935219999999661 ], [ 110.443359999999259, -7.934050000000122 ], [ 110.444450000000828, -7.933240000000571 ], [ 110.44579999999948, -7.931160000000361 ], [ 110.447959999999483, -7.92898000000086 ], [ 110.450230000000332, -7.927710000000212 ], [ 110.451590000000536, -7.92725000000091 ], [ 110.45413, -7.92786 ], [ 110.457500000000408, -7.928110000001022 ], [ 110.460409999999655, -7.928889999999501 ], [ 110.463760000000519, -7.927700000000464 ], [ 110.46758000000041, -7.92793999999986 ], [ 110.471760000000316, -7.92808 ], [ 110.47811, -7.927589999999601 ], [ 110.481739999999235, -7.92756000000035 ] ] ] } },
{ "type": "Feature", "properties": { "KECAMATAN": "Imogiri", "DESA": "Karangtengah", "Sektor": "Imogiri" }, "geometry": { "type": "Polygon", "coordinates": [ [ [ 110.40530000000031, -7.934429999999609 ], [ 110.404769999999161, -7.935690000000523 ], [ 110.4039599999996, -7.93686 ], [ 110.402869999999865, -7.938039999999368 ], [ 110.401700000000318, -7.93922000000048 ], [ 110.400610000000555, -7.940210000000937 ], [ 110.398900000000111, -7.941300000000687 ], [ 110.39689999999969, -7.942499999999472 ], [ 110.395360000000395, -7.943320000000595 ], [ 110.393830000000847, -7.944400000000597 ], [ 110.392560000000188, -7.945130000000344 ], [ 110.391379999999089, -7.945680000000999 ], [ 110.389300000000702, -7.94623999999958 ], [ 110.38730000000028, -7.946159999999776 ], [ 110.384749999999215, -7.94563000000044 ], [ 110.382569999999717, -7.945390000001045 ], [ 110.380569999999324, -7.944949999999434 ], [ 110.379109999999812, -7.944869999999634 ], [ 110.377930000000518, -7.943890000000747 ], [ 110.37838, -7.942900000000283 ], [ 110.379370000000534, -7.942709999999624 ], [ 110.379269999999423, -7.941189999999828 ], [ 110.378179999999659, -7.940469999999833 ], [ 110.378810000000115, -7.938850000000737 ], [ 110.379530000000116, -7.937860000000284 ], [ 110.37961, -7.93686 ], [ 110.37879000000062, -7.935789999999815 ], [ 110.377689999999305, -7.934719999999568 ], [ 110.377319999999557, -7.933380000000668 ], [ 110.377130000000733, -7.931940000000675 ], [ 110.377210000000531, -7.930500000000676 ], [ 110.37766, -7.92887999999976 ], [ 110.379010000000534, -7.927610000000922 ], [ 110.379919999999373, -7.927780000000256 ], [ 110.381380000000675, -7.928050000000709 ], [ 110.382739999999075, -7.928840000000771 ], [ 110.383850000000123, -7.931710000001019 ], [ 110.384949999999634, -7.93287000000082 ], [ 110.385949999999823, -7.934120000000166 ], [ 110.387319999999775, -7.93528 ], [ 110.388870000000637, -7.936260000000675 ], [ 110.390149999999238, -7.93706000000047 ], [ 110.3920600000001, -7.937410000000728 ], [ 110.393879999999598, -7.937480000000781 ], [ 110.395780000000713, -7.93737 ], [ 110.397689999999756, -7.936729999999722 ], [ 110.400050000000149, -7.936270000000435 ], [ 110.402040000000824, -7.935799999999563 ], [ 110.403949999999853, -7.935330000000522 ], [ 110.40530000000031, -7.934429999999609 ] ] ] } },
{ "type": "Feature", "properties": { "KECAMATAN": "Bambanglipuro", "DESA": "Mulyodadi", "Sektor": "Pundong" }, "geometry": { "type": "Polygon", "coordinates": [ [ [ 110.333899999999616, -7.940769999999529 ], [ 110.333580000000396, -7.941160000000586 ], [ 110.332679999999513, -7.942059999999668 ], [ 110.331599999999483, -7.94297000000033 ], [ 110.330970000000846, -7.944680000000791 ], [ 110.33043, -7.945949999999637 ], [ 110.329809999999227, -7.947749999999639 ], [ 110.32908999999924, -7.949280000001004 ], [ 110.328639999999666, -7.950629999999635 ], [ 110.327929999999427, -7.952439999999402 ], [ 110.327479999999895, -7.954060000000311 ], [ 110.327129999999642, -7.955860000000329 ], [ 110.327230000000753, -7.957109999999648 ], [ 110.327230000000753, -7.958199999999406 ], [ 110.326329999999828, -7.958740000000302 ], [ 110.32524, -7.958839999999621 ], [ 110.324699999999183, -7.959650000000988 ], [ 110.32416, -7.960919999999824 ], [ 110.32344, -7.962530000000969 ], [ 110.323179999999368, -7.963620000000719 ], [ 110.323089999999837, -7.964070000000276 ], [ 110.321550000000542, -7.964260000000929 ], [ 110.320180000000576, -7.964540000001126 ], [ 110.318820000000386, -7.964280000000413 ], [ 110.317909999999728, -7.963570000000159 ], [ 110.317359999999042, -7.962320000000819 ], [ 110.316619999999574, -7.96106 ], [ 110.315889999999797, -7.960250000000362 ], [ 110.314619999999152, -7.959730000000759 ], [ 110.313340000000551, -7.959020000000517 ], [ 110.312519999999466, -7.95785000000097 ], [ 110.312229999999516, -7.956060000000718 ], [ 110.312400000000679, -7.954350000000252 ], [ 110.31249000000021, -7.952999999999811 ], [ 110.312749999999099, -7.952010000001149 ], [ 110.312379999999351, -7.950750000000242 ], [ 110.310929999999601, -7.949860000000902 ], [ 110.309010000000811, -7.948979999999482 ], [ 110.307829999999697, -7.948440000000393 ], [ 110.307370000000404, -7.947730000000145 ], [ 110.306000000000466, -7.946570000000349 ], [ 110.30492000000045, -7.947210000000544 ], [ 110.304099999999337, -7.947309999999833 ], [ 110.303459999999134, -7.946770000000724 ], [ 110.302550000000295, -7.94651 ], [ 110.30155, -7.94695999999958 ], [ 110.300279999999432, -7.94716 ], [ 110.299010000000592, -7.946710000000456 ], [ 110.298909999999509, -7.945820000001099 ], [ 110.299269999999495, -7.945 ], [ 110.299810000000406, -7.944100000000883 ], [ 110.30026, -7.943190000000254 ], [ 110.300349999999483, -7.942660000000894 ], [ 110.299709999999294, -7.941580000000887 ], [ 110.30098, -7.941580000000898 ], [ 110.301520000000849, -7.941030000000248 ], [ 110.30206, -7.940210000000939 ], [ 110.302700000000158, -7.940300000000484 ], [ 110.302789999999675, -7.941290000000933 ], [ 110.303250000000816, -7.94219 ], [ 110.303879999999438, -7.941740000000491 ], [ 110.30443000000011, -7.941010000000734 ], [ 110.304780000000363, -7.94002000000028 ], [ 110.30441000000063, -7.93902999999982 ], [ 110.30386, -7.938140000000486 ], [ 110.303949999999489, -7.93679 ], [ 110.30466999999949, -7.936509999999823 ], [ 110.305399999999253, -7.935880000001186 ], [ 110.306029999999708, -7.935149999999607 ], [ 110.306759999999443, -7.935600000000967 ], [ 110.307759999999647, -7.935589999999418 ], [ 110.30884999999941, -7.936210000000124 ], [ 110.30976, -7.936920000000383 ], [ 110.31085999999955, -7.938080000000184 ], [ 110.311949999999314, -7.939070000000636 ], [ 110.312770000000413, -7.93924 ], [ 110.313309999999504, -7.938690000001141 ], [ 110.313860000000176, -7.938239999999789 ], [ 110.31531, -7.938599999999772 ], [ 110.316129999999205, -7.938319999999577 ], [ 110.316940000000585, -7.938039999999366 ], [ 110.317390000000117, -7.937500000000273 ], [ 110.317300000000571, -7.936600000001208 ], [ 110.317390000000117, -7.935789999999835 ], [ 110.318559999999678, -7.934980000000265 ], [ 110.319559999999868, -7.934610000000517 ], [ 110.320369999999429, -7.934069999999612 ], [ 110.320369999999429, -7.933250000000321 ], [ 110.320270000000136, -7.931899999999865 ], [ 110.320170000000815, -7.930280000000764 ], [ 110.320530000000829, -7.929469999999402 ], [ 110.321350000000123, -7.929819999999654 ], [ 110.322260000000796, -7.930270000001018 ], [ 110.32299000000053, -7.931350000001017 ], [ 110.323179999999368, -7.932510000000819 ], [ 110.32318999999913, -7.933680000000349 ], [ 110.322829999999115, -7.934770000000124 ], [ 110.32257000000024, -7.93629 ], [ 110.322299999999771, -7.93755000000083 ], [ 110.322399999999064, -7.938899999999484 ], [ 110.32286000000019, -7.939700000001088 ], [ 110.323410000000848, -7.940510000000629 ], [ 110.324409999999233, -7.941320000000179 ], [ 110.325230000000332, -7.942390000000461 ], [ 110.326689999999829, -7.943090000000966 ], [ 110.32769, -7.942370000000946 ], [ 110.328680000000503, -7.94199999999938 ], [ 110.329499999999783, -7.941370000000733 ], [ 110.330040000000693, -7.940290000000723 ], [ 110.330579999999813, -7.93974 ], [ 110.331850000000458, -7.939650000000539 ], [ 110.333899999999616, -7.940769999999529 ] ] ] } },
{ "type": "Feature", "properties": { "KECAMATAN": "Imogiri", "DESA": "Sriharjo", "Sektor": "Imogiri" }, "geometry": { "type": "Polygon", "coordinates": [ [ [ 110.425289999999194, -7.951370000000958 ], [ 110.42552000000066, -7.950189999999845 ], [ 110.426069999999484, -7.949479999999592 ], [ 110.426740000000748, -7.949070000000855 ], [ 110.42698999999989, -7.948689999999537 ], [ 110.42724000000085, -7.948029999999827 ], [ 110.427449999999197, -7.947200000000799 ], [ 110.427369999999385, -7.946700000000692 ], [ 110.4272, -7.94623999999958 ], [ 110.426820000000561, -7.945869999999839 ], [ 110.425699999999736, -7.94536 ], [ 110.424240000000239, -7.94536 ], [ 110.422979999999328, -7.945400000000798 ], [ 110.420169999999374, -7.94529 ], [ 110.41791, -7.945570000000134 ], [ 110.416219999999129, -7.945920000000383 ], [ 110.41482, -7.945710000000241 ], [ 110.414249999999768, -7.94561000000094 ], [ 110.41316, -7.944939999999684 ], [ 110.412280000000436, -7.944159999999375 ], [ 110.411459999999309, -7.94349 ], [ 110.410939999999727, -7.943439999999377 ], [ 110.410320000000837, -7.943380000000896 ], [ 110.409279999999811, -7.943799999999378 ], [ 110.408090000000769, -7.944100000000893 ], [ 110.406890000000175, -7.94406 ], [ 110.405860000000715, -7.94406 ], [ 110.405129999999161, -7.944050000000342 ], [ 110.40460999999955, -7.94421 ], [ 110.403990000000661, -7.944460000000899 ], [ 110.403060000000508, -7.944869999999628 ], [ 110.402490000000356, -7.945030000001051 ], [ 110.40201999999951, -7.945229999999636 ], [ 110.401449999999343, -7.945390000001046 ], [ 110.400729999999356, -7.945589999999634 ], [ 110.399690000000149, -7.945690000000739 ], [ 110.398390000000248, -7.945840000000593 ], [ 110.39725, -7.945900000000892 ], [ 110.395860000000496, -7.945949999999621 ], [ 110.395179999999499, -7.945890000001142 ], [ 110.394770000000747, -7.946050000000749 ], [ 110.39394, -7.946560000000587 ], [ 110.392850000000138, -7.94759 ], [ 110.391219999999478, -7.948920000001 ], [ 110.39041, -7.94954999999964 ], [ 110.389499999999288, -7.950370000000751 ], [ 110.388199999999372, -7.951359999999387 ], [ 110.387259999999472, -7.951660000000905 ], [ 110.386500000000495, -7.951709999999641 ], [ 110.385819999999484, -7.951750000000457 ], [ 110.384969999999129, -7.951699999999885 ], [ 110.383889999999113, -7.951660000000904 ], [ 110.382999999999782, -7.951569999999532 ], [ 110.382369999999327, -7.951030000000443 ], [ 110.381610000000322, -7.950320000000193 ], [ 110.380939999999072, -7.949780000001104 ], [ 110.380259999999879, -7.949280000000998 ], [ 110.379989999999424, -7.949199999999381 ], [ 110.379629999999423, -7.949199999999383 ], [ 110.37932, -7.949420000001108 ], [ 110.379139999999055, -7.94982 ], [ 110.379230000000419, -7.950310000000441 ], [ 110.37940999999951, -7.95125000000034 ], [ 110.379720000000773, -7.951970000000352 ], [ 110.379590000000434, -7.952370000001156 ], [ 110.379090000000318, -7.95277000000015 ], [ 110.378689999999523, -7.953170000000958 ], [ 110.37746999999942, -7.953789999999842 ], [ 110.37661999999905, -7.954239999999391 ], [ 110.376039999999151, -7.95447000000085 ], [ 110.37586, -7.954589999999646 ], [ 110.37567999999915, -7.954680000001018 ], [ 110.37536, -7.954820000001106 ], [ 110.375050000000513, -7.954860000000109 ], [ 110.374149999999602, -7.954949999999654 ], [ 110.373610000000511, -7.954770000000565 ], [ 110.372900000000257, -7.954239999999393 ], [ 110.372090000000711, -7.953659999999491 ], [ 110.371279999999359, -7.953340000000298 ], [ 110.37079000000081, -7.953289999999736 ], [ 110.370160000000354, -7.95361000000075 ], [ 110.369259999999443, -7.954050000000555 ], [ 110.367959999999542, -7.95508 ], [ 110.366879999999554, -7.95566 ], [ 110.366260000000665, -7.955879999999792 ], [ 110.365669999999199, -7.955840000000812 ], [ 110.365219999999638, -7.955840000000815 ], [ 110.365830000000599, -7.952980000000303 ], [ 110.365719999999754, -7.951810000000758 ], [ 110.365369999999501, -7.950240000000403 ], [ 110.36513999999984, -7.94896 ], [ 110.36496000000075, -7.947910000001044 ], [ 110.365019999999248, -7.946980000000893 ], [ 110.365379999999249, -7.946169999999531 ], [ 110.36578, -7.945680000000992 ], [ 110.3661900000006, -7.945180000000891 ], [ 110.36672, -7.943960000000788 ], [ 110.366959999999352, -7.9432 ], [ 110.366959999999352, -7.94262 ], [ 110.366260000000665, -7.941979999999883 ], [ 110.365910000000412, -7.942040000000177 ], [ 110.368270000000805, -7.939560000000981 ], [ 110.36926999999919, -7.938829999999411 ], [ 110.370259999999661, -7.938200000000785 ], [ 110.371810000000522, -7.937910000000826 ], [ 110.373260000000258, -7.938080000000179 ], [ 110.3748099999993, -7.938609999999509 ], [ 110.376630000000617, -7.939230000000221 ], [ 110.378179999999659, -7.940469999999833 ], [ 110.379269999999423, -7.941189999999828 ], [ 110.379370000000534, -7.942709999999624 ], [ 110.37838, -7.942900000000283 ], [ 110.377930000000518, -7.943890000000747 ], [ 110.379109999999812, -7.944869999999634 ], [ 110.380569999999324, -7.944949999999434 ], [ 110.382569999999717, -7.945390000001045 ], [ 110.384749999999215, -7.94563000000044 ], [ 110.38730000000028, -7.946159999999776 ], [ 110.389300000000702, -7.94623999999958 ], [ 110.391379999999089, -7.945680000000999 ], [ 110.392560000000188, -7.945130000000344 ], [ 110.393830000000847, -7.944400000000597 ], [ 110.395360000000395, -7.943320000000595 ], [ 110.39689999999969, -7.942499999999472 ], [ 110.398900000000111, -7.941300000000687 ], [ 110.400610000000555, -7.940210000000937 ], [ 110.401700000000318, -7.93922000000048 ], [ 110.402869999999865, -7.938039999999368 ], [ 110.4039599999996, -7.93686 ], [ 110.404769999999161, -7.935690000000523 ], [ 110.40530000000031, -7.934429999999609 ], [ 110.407590000000681, -7.936210000000123 ], [ 110.409949999999256, -7.937360000000178 ], [ 110.411679999999208, -7.938070000000418 ], [ 110.413959999999818, -7.93903999999957 ], [ 110.41596000000024, -7.939839999999363 ], [ 110.418690000000396, -7.940800000000579 ], [ 110.421239999999642, -7.941500000001085 ], [ 110.423969999999798, -7.942650000001139 ], [ 110.42634, -7.943620000000291 ], [ 110.428159999999437, -7.944240000000988 ], [ 110.430159999999844, -7.944760000000597 ], [ 110.430990000000705, -7.945560000000384 ], [ 110.430809999999809, -7.946910000000846 ], [ 110.430819999999557, -7.948619999999491 ], [ 110.430650000000199, -7.94997 ], [ 110.430469999999289, -7.95069 ], [ 110.42929, -7.951240000000598 ], [ 110.42792999999979, -7.951069999999445 ], [ 110.426690000000193, -7.951279999999594 ], [ 110.425289999999194, -7.951370000000958 ] ] ] } },
{ "type": "Feature", "properties": { "KECAMATAN": "Pundong", "DESA": "Srihardono", "Sektor": "Pundong" }, "geometry": { "type": "Polygon", "coordinates": [ [ [ 110.350409999999073, -7.94427000000024 ], [ 110.351590000000201, -7.944990000000232 ], [ 110.35214000000083, -7.945519999999585 ], [ 110.353409999999684, -7.945420000000297 ], [ 110.354409999999874, -7.945050000000535 ], [ 110.355129999999875, -7.94441000000036 ], [ 110.355670000000799, -7.943690000000328 ], [ 110.356569999999877, -7.942789999999436 ], [ 110.357579999999828, -7.943050000000134 ], [ 110.358490000000501, -7.944030000000847 ], [ 110.359039999999325, -7.944480000000389 ], [ 110.360039999999543, -7.944390000000853 ], [ 110.361399999999747, -7.944100000000912 ], [ 110.363030000000393, -7.944270000000232 ], [ 110.364129999999889, -7.944890000000949 ], [ 110.36513, -7.945420000000301 ], [ 110.36578, -7.945680000000992 ], [ 110.365379999999249, -7.946169999999547 ], [ 110.365019999999248, -7.946980000000893 ], [ 110.36496000000075, -7.947910000001044 ], [ 110.36513999999984, -7.94896 ], [ 110.365369999999501, -7.950240000000403 ], [ 110.365719999999754, -7.95181000000074 ], [ 110.365830000000599, -7.952980000000303 ], [ 110.365219999999638, -7.955840000000815 ], [ 110.362689999999887, -7.956840000001022 ], [ 110.361619999999647, -7.957010000000364 ], [ 110.360290000000489, -7.9576 ], [ 110.358210000000298, -7.958060000001139 ], [ 110.3560300000008, -7.958530000000151 ], [ 110.353880000000544, -7.958909999999668 ], [ 110.353020000000427, -7.959380000000519 ], [ 110.352419999999213, -7.959800000000805 ], [ 110.351780000000829, -7.960569999999549 ], [ 110.35131, -7.96227000000027 ], [ 110.350710000000589, -7.96394 ], [ 110.350280000000524, -7.965130000000793 ], [ 110.349759999999122, -7.966020000000133 ], [ 110.348910000000586, -7.966829999999665 ], [ 110.348009999999675, -7.96739 ], [ 110.347019999999219, -7.968020000000522 ], [ 110.346209999999658, -7.96887000000088 ], [ 110.346009999999254, -7.96948 ], [ 110.34519, -7.969310000000687 ], [ 110.34447, -7.969760000000218 ], [ 110.343469999999755, -7.96977 ], [ 110.343549999999567, -7.96869 ], [ 110.34346, -7.967510000000679 ], [ 110.343179999999791, -7.966710000000887 ], [ 110.342269999999175, -7.966810000000175 ], [ 110.340819999999411, -7.968080000000821 ], [ 110.340190000000774, -7.968080000000847 ], [ 110.340089999999648, -7.96718 ], [ 110.340169999999446, -7.965469999999469 ], [ 110.34044, -7.964130000000573 ], [ 110.340430000000154, -7.962509999999679 ], [ 110.340239999999497, -7.960980000000104 ], [ 110.340229999999764, -7.959900000000109 ], [ 110.340319999999295, -7.958909999999667 ], [ 110.340949999999751, -7.95782 ], [ 110.341570000000459, -7.9563000000001 ], [ 110.341570000000459, -7.955389999999443 ], [ 110.340659999999787, -7.9545 ], [ 110.339649999999864, -7.953700000000322 ], [ 110.339280000000116, -7.952709999999856 ], [ 110.339280000000116, -7.951540000000293 ], [ 110.339089999999445, -7.950650000000954 ], [ 110.338089999999255, -7.950020000000499 ], [ 110.336719999999303, -7.949860000000914 ], [ 110.33417, -7.949070000000849 ], [ 110.332809999999853, -7.948360000000593 ], [ 110.331990000000545, -7.947819999999681 ], [ 110.33144, -7.947109999999425 ], [ 110.33043, -7.945949999999637 ], [ 110.330970000000846, -7.944680000000791 ], [ 110.331599999999483, -7.94297000000033 ], [ 110.332679999999513, -7.942059999999668 ], [ 110.333580000000396, -7.941160000000586 ], [ 110.333899999999616, -7.940769999999529 ], [ 110.334709999999134, -7.939790000000627 ], [ 110.335390000000146, -7.93953 ], [ 110.33620999999944, -7.938980000001103 ], [ 110.336750000000364, -7.938350000000631 ], [ 110.33864999999966, -7.93816 ], [ 110.340019999999598, -7.938500000000476 ], [ 110.340389999999346, -7.939220000000478 ], [ 110.3402999999998, -7.939940000000498 ], [ 110.339480000000506, -7.940399999999777 ], [ 110.339309999999358, -7.941479999999775 ], [ 110.3395, -7.942370000000956 ], [ 110.339589999999561, -7.94327 ], [ 110.340140000000218, -7.944069999999841 ], [ 110.34159, -7.943890000000733 ], [ 110.342500000000612, -7.943160000000991 ], [ 110.343310000000173, -7.942699999999858 ], [ 110.34404, -7.943330000000329 ], [ 110.343769999999452, -7.943960000000788 ], [ 110.343419999999199, -7.945050000000556 ], [ 110.344419999999403, -7.945040000000803 ], [ 110.345509999999166, -7.94511000000086 ], [ 110.34660000000072, -7.945110000000859 ], [ 110.34814, -7.945369999999739 ], [ 110.349050000000673, -7.945 ], [ 110.349589999999765, -7.94428 ], [ 110.350409999999073, -7.94427000000024 ] ] ] } },
{ "type": "Feature", "properties": { "KECAMATAN": "Bambanglipuro", "DESA": "Sidomulyo", "Sektor": "Pundong" }, "geometry": { "type": "Polygon", "coordinates": [ [ [ 110.299709999999294, -7.941580000000887 ], [ 110.300349999999483, -7.942660000000894 ], [ 110.30026, -7.943190000000254 ], [ 110.299810000000406, -7.944100000000883 ], [ 110.299269999999495, -7.945 ], [ 110.298909999999509, -7.945820000001099 ], [ 110.299010000000592, -7.946710000000456 ], [ 110.300279999999432, -7.94716 ], [ 110.30155, -7.94695999999958 ], [ 110.302550000000295, -7.94651 ], [ 110.303459999999134, -7.946770000000724 ], [ 110.304099999999337, -7.947309999999833 ], [ 110.30492000000045, -7.947210000000544 ], [ 110.306000000000466, -7.946570000000349 ], [ 110.307370000000404, -7.947730000000145 ], [ 110.307829999999697, -7.948440000000393 ], [ 110.309010000000811, -7.948979999999482 ], [ 110.310929999999601, -7.949860000000902 ], [ 110.312379999999351, -7.950750000000242 ], [ 110.312749999999099, -7.952010000001149 ], [ 110.31249000000021, -7.952999999999811 ], [ 110.312400000000679, -7.954350000000252 ], [ 110.312229999999516, -7.956060000000718 ], [ 110.312519999999466, -7.95785000000097 ], [ 110.313340000000551, -7.959020000000517 ], [ 110.314619999999152, -7.959730000000759 ], [ 110.315889999999797, -7.960250000000362 ], [ 110.316619999999574, -7.96106 ], [ 110.317359999999042, -7.962320000000819 ], [ 110.317909999999728, -7.963570000000159 ], [ 110.318820000000386, -7.964280000000413 ], [ 110.320180000000576, -7.964540000001126 ], [ 110.321550000000542, -7.964260000000929 ], [ 110.323089999999837, -7.964070000000276 ], [ 110.322819999999382, -7.965150000000272 ], [ 110.32265, -7.966679999999824 ], [ 110.326199999999503, -7.968549999999866 ], [ 110.326750000000118, -7.968989999999688 ], [ 110.326660000000587, -7.969970000000385 ], [ 110.326849999999439, -7.97114 ], [ 110.326489999999438, -7.971420000000122 ], [ 110.325489999999235, -7.971069999999877 ], [ 110.32512999999922, -7.971700000000352 ], [ 110.324590000000128, -7.972509999999875 ], [ 110.323959999999673, -7.973420000000534 ], [ 110.323329999999217, -7.9742300000001 ], [ 110.32192000000029, -7.975160000000227 ], [ 110.321509999999734, -7.974420000000731 ], [ 110.321229999999531, -7.973519999999822 ], [ 110.320410000000223, -7.972630000000489 ], [ 110.318769999999816, -7.97229 ], [ 110.31696, -7.972200000000428 ], [ 110.315140000000568, -7.972040000000834 ], [ 110.31322999999972, -7.971429999999896 ], [ 110.311499999999754, -7.970810000000992 ], [ 110.31094999999911, -7.97063 ], [ 110.308769999999598, -7.970380000000942 ], [ 110.306950000000114, -7.969760000000218 ], [ 110.304949999999693, -7.96905 ], [ 110.30386, -7.968709999999469 ], [ 110.302219999999537, -7.967820000000134 ], [ 110.301030000000509, -7.966839999999419 ], [ 110.298930000000809, -7.965599999999825 ], [ 110.29702, -7.964620000000925 ], [ 110.295200000000463, -7.96365 ], [ 110.293649999999573, -7.963110000000865 ], [ 110.291919999999621, -7.9625 ], [ 110.290370000000578, -7.961610000000585 ], [ 110.289010000000388, -7.961079999999397 ], [ 110.287819999999513, -7.960100000000506 ], [ 110.287270000000674, -7.959380000000522 ], [ 110.28708, -7.957850000000962 ], [ 110.286889999999374, -7.957050000001162 ], [ 110.285799999999625, -7.956609999999545 ], [ 110.285610000000787, -7.955620000000907 ], [ 110.285610000000787, -7.95472 ], [ 110.28523999999922, -7.953460000000929 ], [ 110.285050000000368, -7.952289999999549 ], [ 110.284859999999711, -7.950950000000659 ], [ 110.284760000000432, -7.949689999999737 ], [ 110.284669999999068, -7.948430000000653 ], [ 110.284929999999761, -7.947529999999734 ], [ 110.28601999999951, -7.947700000000901 ], [ 110.286930000000183, -7.947969999999527 ], [ 110.287850000000574, -7.948500000000705 ], [ 110.289029999999869, -7.949210000000946 ], [ 110.290129999999365, -7.950199999999604 ], [ 110.291579999999101, -7.950450000000553 ], [ 110.292760000000243, -7.950080000000825 ], [ 110.29329999999932, -7.94918 ], [ 110.292569999999571, -7.948549999999432 ], [ 110.291479999999822, -7.948290000000569 ], [ 110.290479999999633, -7.948029999999841 ], [ 110.289479999999429, -7.94759 ], [ 110.288920000000843, -7.94651 ], [ 110.28874, -7.945710000000259 ], [ 110.288730000000186, -7.944450000001143 ], [ 110.288179999999514, -7.943550000000227 ], [ 110.287360000000234, -7.94374000000089 ], [ 110.28581999999912, -7.943569999999729 ], [ 110.284639999999825, -7.943400000000393 ], [ 110.283729999999167, -7.942870000001064 ], [ 110.284180000000518, -7.941960000000405 ], [ 110.284809999999155, -7.941240000000378 ], [ 110.28543999999961, -7.940520000000379 ], [ 110.28615999999964, -7.939619999999485 ], [ 110.287070000000256, -7.939160000000176 ], [ 110.288339999999124, -7.939329999999526 ], [ 110.289160000000223, -7.940039999999771 ], [ 110.290429999999063, -7.940570000000939 ], [ 110.291349999999468, -7.94110000000029 ], [ 110.29290000000033, -7.942080000000989 ], [ 110.29334999999989, -7.942789999999425 ], [ 110.294630000000296, -7.94422999999943 ], [ 110.296000000000248, -7.944219999999675 ], [ 110.296720000000249, -7.94357999999947 ], [ 110.29781, -7.94356999999974 ], [ 110.298360000000656, -7.944740000001098 ], [ 110.298969999999798, -7.944470000000634 ], [ 110.299259999999748, -7.943289999999519 ], [ 110.299069999999077, -7.942400000000194 ], [ 110.299709999999294, -7.941580000000887 ] ] ] } },
{ "type": "Feature", "properties": { "KECAMATAN": "Imogiri", "DESA": "Selopamioro", "Sektor": "Imogiri" }, "geometry": { "type": "Polygon", "coordinates": [ [ [ 110.425289999999194, -7.951370000000958 ], [ 110.424919999999446, -7.951960000000606 ], [ 110.424810000000392, -7.952550000000246 ], [ 110.424689999999799, -7.953139999999896 ], [ 110.424769999999583, -7.953939999999688 ], [ 110.424989999999497, -7.954490000000362 ], [ 110.42547, -7.954900000000912 ], [ 110.426390000000495, -7.955630000000666 ], [ 110.426719999999435, -7.956109999999454 ], [ 110.427229999999284, -7.956850000000764 ], [ 110.4275300000008, -7.957399999999605 ], [ 110.42763999999984, -7.957770000001161 ], [ 110.42785999999974, -7.958170000000157 ], [ 110.428260000000549, -7.958500000000925 ], [ 110.4286699999993, -7.958650000000762 ], [ 110.429079999999843, -7.95854 ], [ 110.429589999999706, -7.958469999999847 ], [ 110.430000000000248, -7.958619999999701 ], [ 110.430290000000213, -7.958909999999654 ], [ 110.430480000000856, -7.959170000000369 ], [ 110.430619999999138, -7.959650000000968 ], [ 110.430399999999239, -7.960450000000761 ], [ 110.430360000000249, -7.961149999999455 ], [ 110.430399999999239, -7.961660000001127 ], [ 110.430580000000162, -7.962219999999702 ], [ 110.431109999999506, -7.962820000000931 ], [ 110.4310100000002, -7.963910000000668 ], [ 110.430739999999744, -7.965350000000669 ], [ 110.430570000000415, -7.966329999999561 ], [ 110.429749999999288, -7.967150000000686 ], [ 110.428400000000664, -7.968059999999526 ], [ 110.42713, -7.969150000001094 ], [ 110.426040000000242, -7.969960000000633 ], [ 110.425049999999786, -7.970960000000844 ], [ 110.424059999999344, -7.971960000001035 ], [ 110.423150000000504, -7.972680000001041 ], [ 110.422699999999125, -7.973140000000341 ], [ 110.42187, -7.97398000000094 ], [ 110.420609999999186, -7.973249999999371 ], [ 110.419069999999891, -7.972540000000944 ], [ 110.41761000000038, -7.972270000000476 ], [ 110.416069999999266, -7.972110000000892 ], [ 110.414430000000692, -7.972120000000632 ], [ 110.412790000000285, -7.972130000000379 ], [ 110.411340000000536, -7.971879999999429 ], [ 110.410610000000773, -7.971690000000589 ], [ 110.409340000000114, -7.971079999999624 ], [ 110.408059999999708, -7.970639999999827 ], [ 110.406880000000413, -7.96966000000094 ], [ 110.405870000000462, -7.968860000001137 ], [ 110.404140000000524, -7.96833 ], [ 110.402869999999865, -7.968070000001084 ], [ 110.401410000000368, -7.967810000000385 ], [ 110.400050000000149, -7.967559999999414 ], [ 110.398600000000414, -7.967380000000323 ], [ 110.397329999999755, -7.96775 ], [ 110.396699999999299, -7.968650000000987 ], [ 110.396699999999299, -7.969649999999377 ], [ 110.397259999999704, -7.971170000000983 ], [ 110.39734999999925, -7.972610000000981 ], [ 110.397629999999452, -7.973679999999429 ], [ 110.398370000000753, -7.975200000001044 ], [ 110.39883, -7.976280000001051 ], [ 110.399470000000264, -7.977540000000141 ], [ 110.399299999999087, -7.97853000000059 ], [ 110.39867000000045, -7.979610000000587 ], [ 110.397670000000261, -7.980600000001057 ], [ 110.39631, -7.980879999999437 ], [ 110.394679999999383, -7.98099000000029 ], [ 110.393219999999886, -7.980809999999379 ], [ 110.391589999999226, -7.980560000000238 ], [ 110.39077, -7.980200000000237 ], [ 110.389769999999729, -7.979939999999528 ], [ 110.387860000000686, -7.979869999999482 ], [ 110.386130000000747, -7.97997000000059 ], [ 110.3845, -7.980250000000805 ], [ 110.382410000000135, -7.98008999999939 ], [ 110.380859999999274, -7.979480000000247 ], [ 110.379499999999055, -7.97920999999979 ], [ 110.377769999999117, -7.979139999999743 ], [ 110.376500000000277, -7.979050000000181 ], [ 110.3755, -7.978970000000385 ], [ 110.374130000000108, -7.977900000000142 ], [ 110.373400000000373, -7.976919999999432 ], [ 110.37276000000017, -7.97603 ], [ 110.372300000000862, -7.97539999999963 ], [ 110.371569999999309, -7.97468999999938 ], [ 110.370469999999798, -7.974150000000292 ], [ 110.370020000000267, -7.9738 ], [ 110.369109999999608, -7.97308 ], [ 110.368099999999657, -7.972369999999774 ], [ 110.367459999999454, -7.971840000000435 ], [ 110.36764000000035, -7.97084000000023 ], [ 110.367000000000147, -7.97013 ], [ 110.366089999999488, -7.969870000001081 ], [ 110.365540000000649, -7.968800000000836 ], [ 110.365529999999083, -7.967720000000828 ], [ 110.365799999999538, -7.966549999999464 ], [ 110.365879999999336, -7.965469999999458 ], [ 110.36578, -7.9643 ], [ 110.365320000000764, -7.963320000001032 ], [ 110.364410000000106, -7.962330000000575 ], [ 110.363950000000798, -7.961520000001021 ], [ 110.3631299999997, -7.960540000000313 ], [ 110.3624, -7.959919999999597 ], [ 110.362129999999482, -7.959570000001165 ], [ 110.362129999999482, -7.959140000001113 ], [ 110.362049999999684, -7.958290000000766 ], [ 110.361619999999647, -7.957010000000364 ], [ 110.362689999999887, -7.956840000001022 ], [ 110.365219999999638, -7.955840000000815 ], [ 110.365669999999199, -7.955840000000812 ], [ 110.366260000000665, -7.955879999999792 ], [ 110.366879999999554, -7.95566 ], [ 110.367959999999542, -7.95508 ], [ 110.369259999999443, -7.954050000000555 ], [ 110.370160000000354, -7.95361000000075 ], [ 110.37079000000081, -7.953289999999736 ], [ 110.371279999999359, -7.953340000000298 ], [ 110.372090000000711, -7.953659999999491 ], [ 110.372900000000257, -7.954239999999393 ], [ 110.373610000000511, -7.954770000000565 ], [ 110.374149999999602, -7.954949999999654 ], [ 110.375050000000513, -7.954860000000109 ], [ 110.37536, -7.954820000001106 ], [ 110.37567999999915, -7.954680000001018 ], [ 110.37586, -7.954589999999646 ], [ 110.376039999999151, -7.95447000000085 ], [ 110.37661999999905, -7.954239999999391 ], [ 110.37746999999942, -7.953789999999842 ], [ 110.378689999999523, -7.953170000000958 ], [ 110.379090000000318, -7.95277000000015 ], [ 110.379590000000434, -7.952370000001156 ], [ 110.379720000000773, -7.951970000000352 ], [ 110.37940999999951, -7.95125000000034 ], [ 110.379230000000419, -7.950310000000441 ], [ 110.379139999999055, -7.94982 ], [ 110.37932, -7.949420000001108 ], [ 110.379629999999423, -7.949199999999383 ], [ 110.379989999999424, -7.949199999999381 ], [ 110.380259999999879, -7.949280000000998 ], [ 110.380939999999072, -7.949780000001104 ], [ 110.381610000000322, -7.950320000000193 ], [ 110.382369999999327, -7.951030000000443 ], [ 110.382999999999782, -7.951569999999532 ], [ 110.383889999999113, -7.951660000000904 ], [ 110.384969999999129, -7.951699999999885 ], [ 110.385819999999484, -7.951750000000457 ], [ 110.386500000000495, -7.951709999999641 ], [ 110.387259999999472, -7.951660000000905 ], [ 110.388199999999372, -7.951359999999387 ], [ 110.389499999999288, -7.950370000000751 ], [ 110.39041, -7.94954999999964 ], [ 110.391219999999478, -7.948920000001 ], [ 110.392850000000138, -7.94759 ], [ 110.39394, -7.946560000000587 ], [ 110.394770000000747, -7.946050000000749 ], [ 110.395179999999499, -7.945890000001142 ], [ 110.395860000000496, -7.945949999999621 ], [ 110.39725, -7.945900000000892 ], [ 110.398390000000248, -7.945840000000593 ], [ 110.399690000000149, -7.945690000000739 ], [ 110.400729999999356, -7.945589999999634 ], [ 110.401449999999343, -7.945390000001046 ], [ 110.40201999999951, -7.945229999999636 ], [ 110.402490000000356, -7.945030000001051 ], [ 110.403060000000508, -7.944869999999628 ], [ 110.403990000000661, -7.944460000000899 ], [ 110.40460999999955, -7.94421 ], [ 110.405129999999161, -7.944050000000342 ], [ 110.405860000000715, -7.94406 ], [ 110.406890000000175, -7.94406 ], [ 110.408090000000769, -7.944100000000893 ], [ 110.409279999999811, -7.943799999999378 ], [ 110.410320000000837, -7.943380000000896 ], [ 110.410939999999727, -7.943439999999377 ], [ 110.411459999999309, -7.94349 ], [ 110.412280000000436, -7.944159999999375 ], [ 110.41316, -7.944939999999684 ], [ 110.414249999999768, -7.94561000000094 ], [ 110.41482, -7.945710000000241 ], [ 110.416219999999129, -7.945920000000383 ], [ 110.41791, -7.945570000000134 ], [ 110.420169999999374, -7.94529 ], [ 110.422979999999328, -7.945400000000798 ], [ 110.424240000000239, -7.94536 ], [ 110.425699999999736, -7.94536 ], [ 110.426820000000561, -7.945869999999839 ], [ 110.4272, -7.94623999999958 ], [ 110.427369999999385, -7.946700000000692 ], [ 110.427449999999197, -7.947200000000799 ], [ 110.42724000000085, -7.948029999999827 ], [ 110.42698999999989, -7.948689999999537 ], [ 110.426740000000748, -7.949070000000855 ], [ 110.426069999999484, -7.949479999999592 ], [ 110.42552000000066, -7.950189999999845 ], [ 110.425289999999194, -7.951370000000958 ] ] ] } },
{ "type": "Feature", "properties": { "KECAMATAN": "Pundong", "DESA": "Panjangrejo", "Sektor": "Pundong" }, "geometry": { "type": "Polygon", "coordinates": [ [ [ 110.346009999999254, -7.96948 ], [ 110.346120000000127, -7.971180000000757 ], [ 110.346519999999103, -7.972030000001114 ], [ 110.346879999999103, -7.972739999999525 ], [ 110.34705000000028, -7.973560000000642 ], [ 110.347110000000569, -7.974319999999628 ], [ 110.346799999999305, -7.975000000000639 ], [ 110.346229999999167, -7.97582 ], [ 110.345769999999874, -7.976100000000137 ], [ 110.34512, -7.97626999999948 ], [ 110.344240000000312, -7.97610000000014 ], [ 110.343310000000173, -7.97582 ], [ 110.341599999999701, -7.975520000000254 ], [ 110.340229999999764, -7.975810000000191 ], [ 110.33806, -7.976189999999677 ], [ 110.336059999999591, -7.976479999999627 ], [ 110.334790000000751, -7.977030000000283 ], [ 110.332490000000661, -7.977900000000142 ], [ 110.331159999999699, -7.97863 ], [ 110.329639999999898, -7.97984000000024 ], [ 110.329050000000251, -7.980869999999683 ], [ 110.328999999999709, -7.980750000000906 ], [ 110.327629999999743, -7.980490000000196 ], [ 110.326989999999526, -7.97942 ], [ 110.326530000000247, -7.978429999999482 ], [ 110.32553, -7.978170000000587 ], [ 110.324529999999825, -7.978080000001048 ], [ 110.323529999999622, -7.977639999999429 ], [ 110.322609999999216, -7.976570000000992 ], [ 110.32215, -7.975580000000533 ], [ 110.32192000000029, -7.975160000000227 ], [ 110.323329999999217, -7.9742300000001 ], [ 110.323959999999673, -7.973420000000534 ], [ 110.324590000000128, -7.972509999999875 ], [ 110.32512999999922, -7.971700000000352 ], [ 110.325489999999235, -7.971069999999877 ], [ 110.326489999999438, -7.971420000000122 ], [ 110.326849999999439, -7.97114 ], [ 110.326660000000587, -7.969970000000385 ], [ 110.326750000000118, -7.968989999999688 ], [ 110.326199999999503, -7.968549999999866 ], [ 110.32265, -7.966679999999824 ], [ 110.322819999999382, -7.965150000000272 ], [ 110.323089999999837, -7.964070000000276 ], [ 110.323179999999368, -7.963620000000719 ], [ 110.32344, -7.962530000000969 ], [ 110.32416, -7.960919999999824 ], [ 110.324699999999183, -7.959650000000988 ], [ 110.32524, -7.958839999999621 ], [ 110.326329999999828, -7.958740000000302 ], [ 110.327230000000753, -7.958199999999406 ], [ 110.327230000000753, -7.957109999999648 ], [ 110.327129999999642, -7.955860000000329 ], [ 110.327479999999895, -7.954060000000311 ], [ 110.327929999999427, -7.952439999999402 ], [ 110.328639999999666, -7.950629999999635 ], [ 110.32908999999924, -7.949280000001004 ], [ 110.329809999999227, -7.947749999999639 ], [ 110.33043, -7.945949999999637 ], [ 110.33144, -7.947109999999425 ], [ 110.331990000000545, -7.947819999999681 ], [ 110.332809999999853, -7.948360000000593 ], [ 110.33417, -7.949070000000849 ], [ 110.336719999999303, -7.949860000000914 ], [ 110.338089999999255, -7.950020000000499 ], [ 110.339089999999445, -7.950650000000954 ], [ 110.339280000000116, -7.951540000000293 ], [ 110.339280000000116, -7.952709999999856 ], [ 110.339649999999864, -7.953700000000322 ], [ 110.340659999999787, -7.9545 ], [ 110.341570000000459, -7.955389999999443 ], [ 110.341570000000459, -7.9563000000001 ], [ 110.340949999999751, -7.95782 ], [ 110.340319999999295, -7.958909999999667 ], [ 110.340229999999764, -7.959900000000109 ], [ 110.340239999999497, -7.960980000000104 ], [ 110.340430000000154, -7.962509999999679 ], [ 110.34044, -7.964130000000573 ], [ 110.340169999999446, -7.965469999999469 ], [ 110.340089999999648, -7.96718 ], [ 110.340190000000774, -7.968080000000847 ], [ 110.340819999999411, -7.968080000000821 ], [ 110.342269999999175, -7.966810000000175 ], [ 110.343179999999791, -7.966710000000887 ], [ 110.34346, -7.967510000000679 ], [ 110.343549999999567, -7.96869 ], [ 110.343469999999755, -7.96977 ], [ 110.34447, -7.969760000000218 ], [ 110.34519, -7.969310000000687 ], [ 110.346009999999254, -7.96948 ] ] ] } },
{ "type": "Feature", "properties": { "KECAMATAN": "Srandakan", "DESA": "Poncosari", "Sektor": "Bantul" }, "geometry": { "type": "Polygon", "coordinates": [ [ [ 110.257349999999832, -7.953120000000396 ], [ 110.256629999999831, -7.953480000000393 ], [ 110.255810000000537, -7.954219999999899 ], [ 110.254999999999157, -7.955830000001068 ], [ 110.254469999999827, -7.95718999999944 ], [ 110.253749999999812, -7.958090000000354 ], [ 110.253119999999356, -7.959180000000103 ], [ 110.252759999999356, -7.960349999999655 ], [ 110.252860000000467, -7.96178 ], [ 110.252409999999102, -7.963050000000571 ], [ 110.25151, -7.964490000000573 ], [ 110.25079, -7.965490000000777 ], [ 110.249610000000729, -7.966490000000978 ], [ 110.248709999999804, -7.966940000000523 ], [ 110.247530000000509, -7.967130000001186 ], [ 110.246160000000572, -7.967049999999563 ], [ 110.244440000000353, -7.967150000000678 ], [ 110.242990000000617, -7.967420000001131 ], [ 110.242539999999238, -7.968059999999516 ], [ 110.24237, -7.969950000000889 ], [ 110.242009999999894, -7.971480000000425 ], [ 110.2417499999992, -7.97292000000044 ], [ 110.241939999999843, -7.974270000000891 ], [ 110.241939999999843, -7.975259999999533 ], [ 110.24294, -7.975520000000238 ], [ 110.244029999999796, -7.975420000000944 ], [ 110.244749999999797, -7.974430000000489 ], [ 110.245569999999105, -7.974420000000737 ], [ 110.246119999999763, -7.975049999999374 ], [ 110.246030000000204, -7.976039999999828 ], [ 110.245580000000672, -7.977119999999829 ], [ 110.24496, -7.978830000000286 ], [ 110.244780000000858, -7.97956 ], [ 110.24460999999971, -7.9809900000003 ], [ 110.245059999999242, -7.981620000000756 ], [ 110.24561, -7.982060000000557 ], [ 110.246520000000558, -7.982780000000553 ], [ 110.24726, -7.98366999999989 ], [ 110.247530000000509, -7.984560000001065 ], [ 110.247269999999801, -7.98583 ], [ 110.24682000000027, -7.987090000000815 ], [ 110.246010000000709, -7.98871 ], [ 110.245109999999798, -7.990340000000571 ], [ 110.24421000000072, -7.991780000000558 ], [ 110.24366999999981, -7.993049999999402 ], [ 110.24323, -7.994399999999854 ], [ 110.24287, -7.995209999999414 ], [ 110.242599999999541, -7.995839999999862 ], [ 110.24251, -7.99674000000078 ], [ 110.24244, -7.997460000000784 ], [ 110.242009999999894, -7.997400000000469 ], [ 110.241579999999843, -7.997279999999862 ], [ 110.241089999999488, -7.997110000000519 ], [ 110.240959999999134, -7.997030000000723 ], [ 110.240270000000208, -7.996680000000473 ], [ 110.24006, -7.996639999999661 ], [ 110.239809999999082, -7.99652000000088 ], [ 110.239120000000142, -7.99623000000093 ], [ 110.238820000000445, -7.99605 ], [ 110.238499999999433, -7.995820000000379 ], [ 110.237890000000291, -7.995569999999405 ], [ 110.237660000000645, -7.995460000000377 ], [ 110.236740000000239, -7.995129999999614 ], [ 110.236419999999228, -7.995020000000576 ], [ 110.2361, -7.994930000001028 ], [ 110.23575999999953, -7.994839999999659 ], [ 110.234959999999745, -7.99468 ], [ 110.2346500000003, -7.994629999999516 ], [ 110.23442000000064, -7.994619999999756 ], [ 110.23416, -7.994580000000768 ], [ 110.233720000000147, -7.99442000000118 ], [ 110.233410000000703, -7.994290000000817 ], [ 110.233169999999475, -7.994080000000665 ], [ 110.232920000000334, -7.993969999999812 ], [ 110.232389999999171, -7.99374000000016 ], [ 110.231429999999776, -7.993329999999608 ], [ 110.230960000000749, -7.993179999999762 ], [ 110.230719999999522, -7.993119999999451 ], [ 110.22998, -7.99288 ], [ 110.229610000000292, -7.992700000000966 ], [ 110.229219999999216, -7.992550000001127 ], [ 110.228409999999684, -7.992360000000471 ], [ 110.227790000000795, -7.992230000000117 ], [ 110.227349999999163, -7.992060000000775 ], [ 110.226169999999868, -7.99170000000077 ], [ 110.225959999999731, -7.99159 ], [ 110.225379999999831, -7.991360000000268 ], [ 110.224910000000776, -7.991220000000157 ], [ 110.224270000000573, -7.991000000000257 ], [ 110.223920000000319, -7.990889999999396 ], [ 110.223509999999777, -7.990809999999602 ], [ 110.223270000000369, -7.990760000000872 ], [ 110.222799999999523, -7.990669999999503 ], [ 110.222100000000822, -7.990449999999609 ], [ 110.220409999999873, -7.989809999999409 ], [ 110.2194, -7.989400000000668 ], [ 110.21911999999972, -7.989380000001172 ], [ 110.217769999999248, -7.989009999999604 ], [ 110.21702, -7.988740000000957 ], [ 110.216560000000712, -7.988499999999751 ], [ 110.216389999999564, -7.988439999999441 ], [ 110.216050000000877, -7.988410000000199 ], [ 110.21574999999936, -7.988320000000656 ], [ 110.215019999999612, -7.988090000001008 ], [ 110.214550000000557, -7.987890000000605 ], [ 110.21425000000086, -7.987760000000249 ], [ 110.213069999999746, -7.987380000000756 ], [ 110.212709999999745, -7.987260000000153 ], [ 110.211149999999137, -7.986680000000249 ], [ 110.210709999999352, -7.986460000000356 ], [ 110.210349999999337, -7.986310000000512 ], [ 110.210119999999705, -7.986160000000656 ], [ 110.2091, -7.985750000000101 ], [ 110.208389999999739, -7.985399999999845 ], [ 110.208070000000546, -7.985210000001015 ], [ 110.207739999999788, -7.985020000000357 ], [ 110.207560000000697, -7.98496 ], [ 110.206620000000797, -7.98453 ], [ 110.206239999999482, -7.984380000000144 ], [ 110.20557, -7.984020000000141 ], [ 110.204900000000606, -7.983749999999692 ], [ 110.204630000000137, -7.98356000000085 ], [ 110.204499999999797, -7.983440000000247 ], [ 110.20440000000049, -7.983350000000697 ], [ 110.203799999999276, -7.983109999999486 ], [ 110.20317000000064, -7.982860000000347 ], [ 110.202730000000855, -7.982470000001099 ], [ 110.203079999999275, -7.98201 ], [ 110.202999999999491, -7.981439999999849 ], [ 110.203079999999275, -7.981040000000854 ], [ 110.20341, -7.980960000001046 ], [ 110.208930000000663, -7.981470000000895 ], [ 110.211129999999642, -7.980429999999896 ], [ 110.214040000000708, -7.978320000000442 ], [ 110.216860000000409, -7.975880000000235 ], [ 110.219150000000781, -7.97351 ], [ 110.219680000000125, -7.972110000000885 ], [ 110.223560000000319, -7.967559999999413 ], [ 110.225420000000625, -7.965109999999453 ], [ 110.227090000000274, -7.963009999999759 ], [ 110.228329999999872, -7.961520000001022 ], [ 110.229209999999469, -7.960030000000465 ], [ 110.229810000000683, -7.959450000000558 ], [ 110.230569999999688, -7.95842000000111 ], [ 110.231529999999083, -7.957189999999445 ], [ 110.23284000000055, -7.955760000001009 ], [ 110.23387, -7.954659999999707 ], [ 110.233930000000285, -7.95456000000041 ], [ 110.234769999999074, -7.95309000000116 ], [ 110.235529999999898, -7.952059999999888 ], [ 110.23718, -7.949240000000187 ], [ 110.23848, -7.949549999999646 ], [ 110.239620000000258, -7.94946999999984 ], [ 110.240889999999098, -7.949640000001003 ], [ 110.242529999999491, -7.949989999999436 ], [ 110.24424999999971, -7.950070000001053 ], [ 110.246440000000774, -7.950409999999747 ], [ 110.249069999999804, -7.950670000000456 ], [ 110.251070000000226, -7.950999999999387 ], [ 110.252619999999268, -7.95135999999938 ], [ 110.25389, -7.951709999999645 ], [ 110.254979999999662, -7.952240000000811 ], [ 110.255989999999613, -7.952770000000143 ], [ 110.257349999999832, -7.953120000000396 ] ] ] } },
{ "type": "Feature", "properties": { "KECAMATAN": "Sanden", "DESA": "Gadingsari", "Sektor": "Bantul" }, "geometry": { "type": "Polygon", "coordinates": [ [ [ 110.264530000000335, -7.954060000000305 ], [ 110.265170000000538, -7.954959999999389 ], [ 110.265989999999846, -7.955309999999656 ], [ 110.26716999999914, -7.955480000000815 ], [ 110.267910000000455, -7.955640000000417 ], [ 110.267089999999328, -7.956290000000355 ], [ 110.265729999999138, -7.957560000001016 ], [ 110.264100000000298, -7.958730000000557 ], [ 110.261570000000532, -7.959919999999603 ], [ 110.261029999999636, -7.961010000001173 ], [ 110.260130000000544, -7.962630000000267 ], [ 110.25914, -7.964350000000471 ], [ 110.258149999999617, -7.965889999999772 ], [ 110.25806, -7.96696 ], [ 110.258340000000274, -7.968310000000466 ], [ 110.258900000000693, -7.969830000000279 ], [ 110.259449999999532, -7.971900000000731 ], [ 110.259459999999279, -7.97297000000099 ], [ 110.258830000000643, -7.973969999999377 ], [ 110.258200000000187, -7.97452 ], [ 110.257289999999529, -7.975060000000939 ], [ 110.257390000000626, -7.976039999999836 ], [ 110.25829999999948, -7.976140000000942 ], [ 110.259389999999215, -7.975950000000283 ], [ 110.261570000000532, -7.976380000000336 ], [ 110.261749999999623, -7.977090000000596 ], [ 110.262119999999371, -7.978260000000133 ], [ 110.262220000000497, -7.979520000001049 ], [ 110.262140000000684, -7.981229999999696 ], [ 110.262150000000432, -7.982570000000397 ], [ 110.262969999999726, -7.98338 ], [ 110.264160000000601, -7.984090000000207 ], [ 110.265799999999174, -7.985070000000914 ], [ 110.26598, -7.986230000000716 ], [ 110.265719999999391, -7.98741 ], [ 110.265180000000285, -7.988480000000255 ], [ 110.264279999999374, -7.98993 ], [ 110.26411, -7.99217999999955 ], [ 110.263740000000283, -7.995960000000465 ], [ 110.263419999999272, -7.99929 ], [ 110.262549999999436, -8.005289999999421 ], [ 110.262339999999284, -8.005230000000935 ], [ 110.262140000000684, -8.00512 ], [ 110.26166, -8.004870000000938 ], [ 110.260879999999773, -8.004320000000275 ], [ 110.260550000000833, -8.004250000000228 ], [ 110.260130000000544, -8.004240000000486 ], [ 110.259920000000378, -8.004180000000177 ], [ 110.259739999999482, -8.004100000000381 ], [ 110.259550000000644, -8.003950000000529 ], [ 110.25936999999972, -8.003860000000996 ], [ 110.25926000000068, -8.00381000000043 ], [ 110.259050000000528, -8.00368 ], [ 110.258760000000578, -8.003570000001034 ], [ 110.258659999999466, -8.003510000000736 ], [ 110.258429999999819, -8.003450000000432 ], [ 110.25828, -8.003450000000427 ], [ 110.258139999999869, -8.003409999999624 ], [ 110.257600000000792, -8.002899999999769 ], [ 110.257419999999868, -8.002780000000982 ], [ 110.256680000000387, -8.002510000000539 ], [ 110.255230000000623, -8.002500000000783 ], [ 110.25495000000042, -8.002469999999718 ], [ 110.254800000000586, -8.00240999999942 ], [ 110.254450000000332, -8.002109999999716 ], [ 110.254310000000217, -8.00195000000012 ], [ 110.254189999999625, -8.00181 ], [ 110.253710000000822, -8.001529999999812 ], [ 110.253459999999862, -8.001459999999772 ], [ 110.252780000000669, -8.001440000000283 ], [ 110.252459999999658, -8.001440000000272 ], [ 110.251420000000479, -8.000959999999667 ], [ 110.251120000000782, -8.000720000000284 ], [ 110.250840000000579, -8.00053999999936 ], [ 110.250579999999857, -8.000360000000279 ], [ 110.25014, -8.000140000000373 ], [ 110.25, -8.00008 ], [ 110.24978999999982, -8.000000000000268 ], [ 110.24957, -7.999920000000479 ], [ 110.248219999999449, -7.999589999999718 ], [ 110.24755, -7.999439999999863 ], [ 110.247090000000725, -7.999350000000324 ], [ 110.246600000000356, -7.99910000000119 ], [ 110.246310000000406, -7.998949999999514 ], [ 110.24611, -7.998869999999724 ], [ 110.245909999999597, -7.998750000000942 ], [ 110.245629999999394, -7.998700000000381 ], [ 110.245220000000671, -7.998630000000321 ], [ 110.244979999999444, -7.998560000000277 ], [ 110.244520000000165, -7.99819000000052 ], [ 110.244339999999241, -7.997970000000634 ], [ 110.244199999999154, -7.997840000000263 ], [ 110.243860000000453, -7.99763999999986 ], [ 110.243609999999506, -7.997569999999822 ], [ 110.242599999999541, -7.99749 ], [ 110.24244, -7.997460000000784 ], [ 110.24251, -7.99674000000078 ], [ 110.242599999999541, -7.995839999999862 ], [ 110.24287, -7.995209999999414 ], [ 110.24323, -7.994399999999854 ], [ 110.24366999999981, -7.993049999999402 ], [ 110.24421000000072, -7.991780000000558 ], [ 110.245109999999798, -7.990340000000571 ], [ 110.246010000000709, -7.98871 ], [ 110.24682000000027, -7.987090000000815 ], [ 110.247269999999801, -7.98583 ], [ 110.247530000000509, -7.984560000001065 ], [ 110.24726, -7.98366999999989 ], [ 110.246520000000558, -7.982780000000553 ], [ 110.24561, -7.982060000000557 ], [ 110.245059999999242, -7.981620000000756 ], [ 110.24460999999971, -7.9809900000003 ], [ 110.244780000000858, -7.97956 ], [ 110.24496, -7.978830000000286 ], [ 110.245580000000672, -7.977119999999829 ], [ 110.246030000000204, -7.976039999999828 ], [ 110.246119999999763, -7.975049999999374 ], [ 110.245569999999105, -7.974420000000737 ], [ 110.244749999999797, -7.974430000000489 ], [ 110.244029999999796, -7.975420000000944 ], [ 110.24294, -7.975520000000238 ], [ 110.241939999999843, -7.975259999999533 ], [ 110.241939999999843, -7.974270000000891 ], [ 110.2417499999992, -7.97292000000044 ], [ 110.242009999999894, -7.971480000000425 ], [ 110.24237, -7.969950000000889 ], [ 110.242539999999238, -7.968059999999516 ], [ 110.242990000000617, -7.967420000001131 ], [ 110.244440000000353, -7.967150000000678 ], [ 110.246160000000572, -7.967049999999563 ], [ 110.247530000000509, -7.967130000001186 ], [ 110.248709999999804, -7.966940000000523 ], [ 110.249610000000729, -7.966490000000978 ], [ 110.25079, -7.965490000000777 ], [ 110.25151, -7.964490000000573 ], [ 110.252409999999102, -7.963050000000571 ], [ 110.252860000000467, -7.96178 ], [ 110.252759999999356, -7.960349999999655 ], [ 110.253119999999356, -7.959180000000103 ], [ 110.253749999999812, -7.958090000000354 ], [ 110.254469999999827, -7.95718999999944 ], [ 110.254999999999157, -7.955830000001068 ], [ 110.255810000000537, -7.954219999999899 ], [ 110.256629999999831, -7.953480000000393 ], [ 110.257349999999832, -7.953120000000396 ], [ 110.258620000000477, -7.95285 ], [ 110.259710000000226, -7.953190000000454 ], [ 110.260990000000646, -7.953460000000901 ], [ 110.26199000000085, -7.953810000001154 ], [ 110.263170000000144, -7.953980000000502 ], [ 110.264530000000335, -7.954060000000305 ] ] ] } },
{ "type": "Feature", "properties": { "KECAMATAN": "Sanden", "DESA": "Murtigading", "Sektor": "Bantul" }, "geometry": { "type": "Polygon", "coordinates": [ [ [ 110.27844, -7.956570000000565 ], [ 110.27827000000066, -7.95746999999966 ], [ 110.278179999999296, -7.958549999999654 ], [ 110.278280000000407, -7.95945000000057 ], [ 110.278190000000862, -7.96017000000057 ], [ 110.278109999999259, -7.961250000000561 ], [ 110.278029999999447, -7.962869999999654 ], [ 110.27785000000037, -7.9643 ], [ 110.278580000000105, -7.96502 ], [ 110.27995, -7.965640000000621 ], [ 110.280679999999805, -7.966080000000423 ], [ 110.28076999999935, -7.967070000000875 ], [ 110.2806, -7.968419999999521 ], [ 110.280160000000208, -7.970310000000878 ], [ 110.28035000000088, -7.972100000001136 ], [ 110.280539999999718, -7.973630000000691 ], [ 110.28046, -7.975340000001141 ], [ 110.27938, -7.977059999999526 ], [ 110.277749999999259, -7.977790000001105 ], [ 110.276019999999292, -7.97808000000104 ], [ 110.274569999999542, -7.978170000000589 ], [ 110.273569999999339, -7.978359999999429 ], [ 110.272670000000247, -7.978989999999893 ], [ 110.271489999999133, -7.97990000000054 ], [ 110.271119999999385, -7.978559999999846 ], [ 110.271570000000764, -7.977209999999381 ], [ 110.2721, -7.975940000000542 ], [ 110.2721, -7.974599999999825 ], [ 110.271730000000346, -7.973340000000734 ], [ 110.270360000000409, -7.97308 ], [ 110.267830000000657, -7.97435000000069 ], [ 110.267289999999747, -7.975619999999526 ], [ 110.266379999999074, -7.97625 ], [ 110.265110000000249, -7.976170000000188 ], [ 110.264289999999122, -7.9751 ], [ 110.26346, -7.974120000001038 ], [ 110.262090000000128, -7.972869999999881 ], [ 110.261549999999218, -7.973229999999879 ], [ 110.261459999999673, -7.973949999999888 ], [ 110.261739999999875, -7.974850000000798 ], [ 110.261650000000344, -7.97547999999943 ], [ 110.261570000000532, -7.976380000000336 ], [ 110.259389999999215, -7.975950000000283 ], [ 110.25829999999948, -7.976140000000942 ], [ 110.257390000000626, -7.976039999999836 ], [ 110.257289999999529, -7.975060000000939 ], [ 110.258200000000187, -7.97452 ], [ 110.258830000000643, -7.973969999999377 ], [ 110.259459999999279, -7.97297000000099 ], [ 110.259449999999532, -7.971900000000731 ], [ 110.258900000000693, -7.969830000000279 ], [ 110.258340000000274, -7.968310000000466 ], [ 110.25806, -7.96696 ], [ 110.258149999999617, -7.965889999999772 ], [ 110.25914, -7.964350000000471 ], [ 110.260130000000544, -7.962630000000267 ], [ 110.261029999999636, -7.961010000001173 ], [ 110.261570000000532, -7.959919999999603 ], [ 110.264100000000298, -7.958730000000557 ], [ 110.265729999999138, -7.957560000001016 ], [ 110.267089999999328, -7.956290000000355 ], [ 110.267910000000455, -7.955640000000417 ], [ 110.26836, -7.955739999999698 ], [ 110.27045, -7.955910000000855 ], [ 110.271629999999249, -7.9557200000002 ], [ 110.273080000000817, -7.955620000000908 ], [ 110.274079999999202, -7.955970000001155 ], [ 110.274900000000301, -7.956410000000957 ], [ 110.27599, -7.956580000000312 ], [ 110.27844, -7.956570000000565 ] ] ] } },
{ "type": "Feature", "properties": { "KECAMATAN": "Kretek", "DESA": "Tirtomulyo", "Sektor": "Pundong" }, "geometry": { "type": "Polygon", "coordinates": [ [ [ 110.285799999999625, -7.956609999999545 ], [ 110.286889999999374, -7.957050000001162 ], [ 110.28708, -7.957850000000962 ], [ 110.287270000000674, -7.959380000000522 ], [ 110.287819999999513, -7.960100000000506 ], [ 110.289010000000388, -7.961079999999397 ], [ 110.290370000000578, -7.961610000000585 ], [ 110.291919999999621, -7.9625 ], [ 110.293649999999573, -7.963110000000865 ], [ 110.295200000000463, -7.96365 ], [ 110.29702, -7.964620000000925 ], [ 110.298930000000809, -7.965599999999825 ], [ 110.301030000000509, -7.966839999999419 ], [ 110.302219999999537, -7.967820000000134 ], [ 110.30386, -7.968709999999469 ], [ 110.304949999999693, -7.96905 ], [ 110.306950000000114, -7.969760000000218 ], [ 110.308769999999598, -7.970380000000942 ], [ 110.31094999999911, -7.97063 ], [ 110.311499999999754, -7.970810000000992 ], [ 110.310320000000459, -7.971890000000995 ], [ 110.310419999999766, -7.97351 ], [ 110.31034, -7.975039999999635 ], [ 110.310079999999246, -7.976129999999388 ], [ 110.309540000000155, -7.977290000000994 ], [ 110.308740000000356, -7.978730000000996 ], [ 110.30826999999951, -7.978649999999368 ], [ 110.307179999999747, -7.978660000000945 ], [ 110.304089999999618, -7.978590000000904 ], [ 110.302369999999385, -7.978960000000651 ], [ 110.300740000000559, -7.979509999999479 ], [ 110.299290000000809, -7.980330000000592 ], [ 110.297389999999695, -7.981420000000353 ], [ 110.295669999999475, -7.982599999999638 ], [ 110.29413000000018, -7.983790000000498 ], [ 110.29277, -7.984249999999814 ], [ 110.290590000000492, -7.984440000000463 ], [ 110.29104, -7.983539999999545 ], [ 110.291030000000276, -7.98237 ], [ 110.290940000000731, -7.981379999999544 ], [ 110.29075, -7.980219999999737 ], [ 110.290109999999856, -7.979139999999732 ], [ 110.289650000000591, -7.977970000000179 ], [ 110.2891, -7.976989999999481 ], [ 110.288360000000438, -7.975920000001038 ], [ 110.28809, -7.97493000000059 ], [ 110.287529999999563, -7.973760000001043 ], [ 110.286710000000269, -7.972599999999427 ], [ 110.28607, -7.97207 ], [ 110.285970000000773, -7.97099 ], [ 110.286330000000774, -7.97045000000101 ], [ 110.287060000000537, -7.970530000000787 ], [ 110.287879999999817, -7.970890000000792 ], [ 110.28896999999958, -7.971149999999673 ], [ 110.289609999999783, -7.97086999999949 ], [ 110.289689999999567, -7.969610000000376 ], [ 110.289870000000491, -7.968800000000833 ], [ 110.289950000000289, -7.967720000000814 ], [ 110.28922000000054, -7.967189999999682 ], [ 110.287949999999867, -7.966839999999419 ], [ 110.287039999999223, -7.966490000000988 ], [ 110.28622, -7.966230000000269 ], [ 110.285219999999725, -7.965510000000267 ], [ 110.284480000000215, -7.96461000000118 ], [ 110.283939999999319, -7.963900000000912 ], [ 110.282569999999353, -7.963640000000219 ], [ 110.281660000000514, -7.96329 ], [ 110.28093000000078, -7.962299999999512 ], [ 110.280829999999654, -7.961400000000412 ], [ 110.28037000000036, -7.960690000000164 ], [ 110.279459999999702, -7.960240000000629 ], [ 110.278280000000407, -7.95945000000057 ], [ 110.278179999999296, -7.958549999999671 ], [ 110.27827000000066, -7.95746999999966 ], [ 110.27844, -7.956570000000565 ], [ 110.279720000000424, -7.956650000000341 ], [ 110.281080000000628, -7.957000000000616 ], [ 110.282080000000832, -7.957350000000873 ], [ 110.28371999999942, -7.957880000000213 ], [ 110.28463, -7.95751000000046 ], [ 110.28535, -7.95688 ], [ 110.285799999999625, -7.956609999999545 ] ] ] } },
{ "type": "Feature", "properties": { "KECAMATAN": "Pundong", "DESA": "Seloharjo", "Sektor": "Pundong" }, "geometry": { "type": "Polygon", "coordinates": [ [ [ 110.367459999999454, -7.971840000000452 ], [ 110.367009999999894, -7.97265 ], [ 110.367200000000565, -7.97409 ], [ 110.366760000000738, -7.975080000000431 ], [ 110.366130000000311, -7.976070000000917 ], [ 110.365219999999638, -7.976890000000201 ], [ 110.364229999999168, -7.977610000000207 ], [ 110.363499999999433, -7.978429999999475 ], [ 110.36314999999918, -7.97978 ], [ 110.363160000000775, -7.980949999999479 ], [ 110.362610000000103, -7.98158 ], [ 110.36153, -7.981860000000152 ], [ 110.359800000000149, -7.981420000000345 ], [ 110.358790000000198, -7.980799999999633 ], [ 110.358159999999742, -7.980260000000571 ], [ 110.356509999999574, -7.979289999999582 ], [ 110.355610000000482, -7.979470000000498 ], [ 110.355240000000748, -7.979030000000709 ], [ 110.354779999999622, -7.978310000000685 ], [ 110.354320000000328, -7.977240000000464 ], [ 110.353409999999684, -7.975990000001098 ], [ 110.35194000000044, -7.974560000000835 ], [ 110.351039999999529, -7.974650000000407 ], [ 110.350500000000437, -7.975740000000132 ], [ 110.350689999999275, -7.97672000000084 ], [ 110.351780000000829, -7.977880000000642 ], [ 110.353150000000781, -7.978950000000895 ], [ 110.354160000000761, -7.979939999999552 ], [ 110.35443999999913, -7.98101999999954 ], [ 110.35398999999957, -7.982459999999534 ], [ 110.353269999999569, -7.98381 ], [ 110.352639999999113, -7.984990000001097 ], [ 110.35165000000049, -7.98625000000021 ], [ 110.35066, -7.987789999999499 ], [ 110.350580000000235, -7.989130000000219 ], [ 110.351220000000424, -7.990299999999762 ], [ 110.351950000000201, -7.99057000000021 ], [ 110.352849999999265, -7.99029 ], [ 110.353580000000846, -7.990009999999808 ], [ 110.354219999999231, -7.99007 ], [ 110.354859999999434, -7.991169999999611 ], [ 110.354320000000328, -7.9918 ], [ 110.353320000000124, -7.992080000000267 ], [ 110.35196, -7.992539999999553 ], [ 110.351409999999277, -7.992550000001134 ], [ 110.350689999999275, -7.99263000000093 ], [ 110.348959999999309, -7.992650000000422 ], [ 110.347139999999797, -7.991770000000816 ], [ 110.345320000000299, -7.99115000000012 ], [ 110.343500000000802, -7.990620000000765 ], [ 110.34195, -7.990369999999787 ], [ 110.341050000000862, -7.991180000001178 ], [ 110.340330000000861, -7.99217999999957 ], [ 110.339239999999307, -7.993350000000923 ], [ 110.338250000000684, -7.994350000001123 ], [ 110.337069999999557, -7.994979999999761 ], [ 110.335709999999338, -7.995530000000425 ], [ 110.33417, -7.996170000000637 ], [ 110.332630000000748, -7.996190000000121 ], [ 110.331729999999865, -7.996910000000123 ], [ 110.331369999999836, -7.997810000001035 ], [ 110.33136, -7.999159999999664 ], [ 110.330369999999633, -7.998270000000312 ], [ 110.328999999999709, -7.997380000000986 ], [ 110.327180000000212, -7.997040000000472 ], [ 110.325639999999083, -7.997040000000476 ], [ 110.323909999999103, -7.996880000000871 ], [ 110.322550000000746, -7.99689000000062 ], [ 110.321550000000542, -7.996359999999464 ], [ 110.321719999999871, -7.995180000000192 ], [ 110.321260000000578, -7.994290000000835 ], [ 110.320170000000815, -7.993399999999654 ], [ 110.31934, -7.992500000000589 ], [ 110.318520000000689, -7.990799999999866 ], [ 110.317150000000723, -7.988310000000927 ], [ 110.317989999999511, -7.987849999999821 ], [ 110.31912, -7.986940000000983 ], [ 110.319670000000741, -7.986349999999492 ], [ 110.32013, -7.985580000000755 ], [ 110.321260000000578, -7.984850000001011 ], [ 110.32234000000058, -7.984119999999446 ], [ 110.32360999999942, -7.98374 ], [ 110.325370000000447, -7.984080000000466 ], [ 110.326750000000118, -7.984329999999588 ], [ 110.327629999999743, -7.984189999999497 ], [ 110.328470000000351, -7.98345 ], [ 110.328559999999882, -7.982819999999537 ], [ 110.328760000000301, -7.981850000000402 ], [ 110.328949999999125, -7.981110000000895 ], [ 110.329050000000251, -7.980869999999683 ], [ 110.329639999999898, -7.97984000000024 ], [ 110.331159999999699, -7.97863 ], [ 110.332490000000661, -7.977900000000142 ], [ 110.334790000000751, -7.977030000000283 ], [ 110.336059999999591, -7.976479999999627 ], [ 110.33806, -7.976189999999677 ], [ 110.340229999999764, -7.975810000000191 ], [ 110.341599999999701, -7.975520000000254 ], [ 110.343310000000173, -7.97582 ], [ 110.344240000000312, -7.97610000000014 ], [ 110.34512, -7.97626999999948 ], [ 110.345769999999874, -7.976100000000137 ], [ 110.346229999999167, -7.97582 ], [ 110.346799999999305, -7.975000000000639 ], [ 110.347110000000569, -7.974319999999628 ], [ 110.34705000000028, -7.973560000000642 ], [ 110.346879999999103, -7.972739999999525 ], [ 110.346519999999103, -7.972030000001114 ], [ 110.346120000000127, -7.971180000000757 ], [ 110.346009999999254, -7.96948 ], [ 110.346209999999658, -7.96887000000088 ], [ 110.347019999999219, -7.968020000000522 ], [ 110.348009999999675, -7.96739 ], [ 110.348910000000586, -7.966829999999665 ], [ 110.349759999999122, -7.966020000000133 ], [ 110.350280000000524, -7.965130000000793 ], [ 110.350710000000589, -7.96394 ], [ 110.35131, -7.96227000000027 ], [ 110.351780000000829, -7.960569999999549 ], [ 110.352419999999213, -7.959800000000805 ], [ 110.353020000000427, -7.959380000000519 ], [ 110.353880000000544, -7.958909999999668 ], [ 110.3560300000008, -7.958530000000151 ], [ 110.358210000000298, -7.958060000001139 ], [ 110.360290000000489, -7.9576 ], [ 110.361619999999647, -7.957010000000364 ], [ 110.362049999999684, -7.958290000000786 ], [ 110.362129999999468, -7.959140000001133 ], [ 110.362129999999468, -7.959570000001165 ], [ 110.3624, -7.959919999999613 ], [ 110.3631299999997, -7.960540000000313 ], [ 110.363950000000798, -7.961520000001038 ], [ 110.364410000000106, -7.962330000000593 ], [ 110.365320000000764, -7.96332000000105 ], [ 110.36578, -7.9643 ], [ 110.365879999999365, -7.965469999999458 ], [ 110.365799999999538, -7.966549999999464 ], [ 110.365529999999097, -7.967720000000828 ], [ 110.365540000000649, -7.968800000000836 ], [ 110.366089999999474, -7.969870000001095 ], [ 110.367000000000147, -7.97013 ], [ 110.367640000000364, -7.97084000000023 ], [ 110.367459999999454, -7.971840000000452 ] ] ] } },
{ "type": "Feature", "properties": { "KECAMATAN": "Sanden", "DESA": "Srigading", "Sektor": "Pundong" }, "geometry": { "type": "Polygon", "coordinates": [ [ [ 110.290590000000492, -7.984440000000463 ], [ 110.290230000000491, -7.985440000000656 ], [ 110.290240000000239, -7.986600000000482 ], [ 110.289790000000679, -7.987230000000929 ], [ 110.28888, -7.987330000000199 ], [ 110.287879999999817, -7.987160000000864 ], [ 110.287430000000285, -7.987610000000398 ], [ 110.287070000000256, -7.988600000000858 ], [ 110.28708, -7.989589999999498 ], [ 110.286809999999576, -7.990400000000863 ], [ 110.285809999999387, -7.990050000000632 ], [ 110.285359999999812, -7.990410000000607 ], [ 110.285180000000722, -7.991309999999714 ], [ 110.285099999999119, -7.99266000000018 ], [ 110.28492, -7.993829999999703 ], [ 110.284840000000216, -7.99519 ], [ 110.28465999999932, -7.996440000001056 ], [ 110.28413, -7.99753000000083 ], [ 110.283589999999037, -7.99861000000084 ], [ 110.282779999999519, -7.999959999999469 ], [ 110.281880000000427, -8.00167 ], [ 110.281070000000867, -8.002850000001041 ], [ 110.280070000000663, -8.003759999999899 ], [ 110.278990000000675, -8.004660000000809 ], [ 110.277899999999093, -8.005569999999626 ], [ 110.277449999999561, -8.00656 ], [ 110.277729999999764, -8.008920000000497 ], [ 110.277899999999093, -8.010410000001057 ], [ 110.277589999999648, -8.01024 ], [ 110.277369999999749, -8.010190000001163 ], [ 110.276789999999849, -8.010080000000301 ], [ 110.276529999999156, -8.010039999999508 ], [ 110.27621, -8.009990000000746 ], [ 110.275530000000757, -8.009710000000551 ], [ 110.27513, -8.009560000000697 ], [ 110.274950000000871, -8.009490000000651 ], [ 110.273919999999592, -8.009099999999572 ], [ 110.273569999999339, -8.009029999999525 ], [ 110.273069999999251, -8.008980000000797 ], [ 110.272699999999475, -8.00894 ], [ 110.272380000000297, -8.008850000000447 ], [ 110.27196, -8.008700000000598 ], [ 110.2716, -8.008550000000742 ], [ 110.270669999999853, -8.008250000001061 ], [ 110.269759999999181, -8.007840000000488 ], [ 110.269120000000811, -8.007470000000749 ], [ 110.268589999999634, -8.007270000000338 ], [ 110.268089999999532, -8.007170000001054 ], [ 110.267819999999091, -8.007100000001007 ], [ 110.26728, -8.006810000001035 ], [ 110.266820000000678, -8.006509999999537 ], [ 110.266519999999176, -8.00641000000021 ], [ 110.265929999999543, -8.006380000001007 ], [ 110.26541, -8.006320000000702 ], [ 110.265170000000538, -8.006230000001144 ], [ 110.264569999999324, -8.005900000000405 ], [ 110.26412999999954, -8.005579999999371 ], [ 110.2640200000005, -8.005510000001156 ], [ 110.263409999999524, -8.00531000000074 ], [ 110.26254999999945, -8.005289999999421 ], [ 110.2634199999993, -7.99929 ], [ 110.263740000000283, -7.995960000000465 ], [ 110.265310000000639, -7.99648999999981 ], [ 110.266859999999681, -7.997020000000989 ], [ 110.268589999999634, -7.997180000000593 ], [ 110.270220000000307, -7.997180000000589 ], [ 110.27131, -7.996810000000823 ], [ 110.272209999999134, -7.995810000000624 ], [ 110.27275, -7.994100000000183 ], [ 110.272469999999856, -7.992399999999449 ], [ 110.27282000000011, -7.990140000000158 ], [ 110.273349999999439, -7.987709999999686 ], [ 110.273880000000602, -7.985549999999698 ], [ 110.274419999999694, -7.984109999999695 ], [ 110.273499999999302, -7.98249000000059 ], [ 110.272129999999336, -7.981070000000116 ], [ 110.271489999999133, -7.97990000000054 ], [ 110.272670000000232, -7.978989999999893 ], [ 110.273569999999339, -7.978359999999429 ], [ 110.274569999999542, -7.978170000000589 ], [ 110.276019999999292, -7.97808000000104 ], [ 110.27774999999923, -7.97779000000109 ], [ 110.27938, -7.977059999999526 ], [ 110.28046, -7.97534000000116 ], [ 110.280539999999718, -7.973630000000691 ], [ 110.28035000000088, -7.972100000001154 ], [ 110.280160000000208, -7.970310000000878 ], [ 110.2806, -7.968419999999521 ], [ 110.28076999999935, -7.967070000000875 ], [ 110.280679999999805, -7.966080000000423 ], [ 110.27995, -7.965640000000621 ], [ 110.278580000000105, -7.96502 ], [ 110.27785000000037, -7.9643 ], [ 110.278029999999447, -7.962869999999654 ], [ 110.278109999999259, -7.961250000000561 ], [ 110.278190000000862, -7.96017000000057 ], [ 110.278280000000407, -7.95945000000057 ], [ 110.279459999999702, -7.960240000000629 ], [ 110.28037000000036, -7.960690000000164 ], [ 110.280829999999654, -7.961400000000412 ], [ 110.28093000000078, -7.962299999999512 ], [ 110.281660000000514, -7.96329 ], [ 110.282569999999353, -7.963640000000219 ], [ 110.283939999999319, -7.963900000000912 ], [ 110.284480000000215, -7.96461000000118 ], [ 110.285219999999725, -7.965510000000267 ], [ 110.28622, -7.966230000000269 ], [ 110.287039999999223, -7.966490000000988 ], [ 110.287949999999867, -7.966839999999419 ], [ 110.28922000000054, -7.967189999999682 ], [ 110.289950000000289, -7.967720000000814 ], [ 110.289870000000491, -7.968800000000833 ], [ 110.289689999999567, -7.969610000000376 ], [ 110.289609999999783, -7.97086999999949 ], [ 110.28896999999958, -7.971149999999673 ], [ 110.287879999999817, -7.970890000000792 ], [ 110.287060000000537, -7.970530000000787 ], [ 110.286330000000774, -7.97045000000101 ], [ 110.285970000000773, -7.97099 ], [ 110.28607, -7.97207 ], [ 110.286710000000269, -7.972599999999427 ], [ 110.287529999999563, -7.973760000001043 ], [ 110.28809, -7.97493000000059 ], [ 110.288360000000438, -7.975920000001038 ], [ 110.2891, -7.976989999999481 ], [ 110.289650000000591, -7.977970000000179 ], [ 110.290109999999856, -7.979139999999732 ], [ 110.29075, -7.980219999999737 ], [ 110.290940000000731, -7.981379999999544 ], [ 110.291030000000276, -7.98237 ], [ 110.29104, -7.983539999999545 ], [ 110.290590000000492, -7.984440000000463 ] ] ] } },
{ "type": "Feature", "properties": { "KECAMATAN": "Kretek", "DESA": "Donotirto", "Sektor": "Pundong" }, "geometry": { "type": "Polygon", "coordinates": [ [ [ 110.32192000000029, -7.975160000000227 ], [ 110.32215, -7.975580000000533 ], [ 110.322609999999216, -7.976570000000992 ], [ 110.323529999999622, -7.977639999999429 ], [ 110.324529999999825, -7.978080000001048 ], [ 110.32553, -7.978170000000587 ], [ 110.326530000000247, -7.978429999999482 ], [ 110.326989999999526, -7.97942 ], [ 110.327629999999743, -7.980490000000196 ], [ 110.328999999999709, -7.980750000000906 ], [ 110.329050000000251, -7.980869999999683 ], [ 110.328949999999125, -7.981110000000895 ], [ 110.328760000000301, -7.981850000000402 ], [ 110.328559999999882, -7.982819999999537 ], [ 110.328470000000351, -7.98345 ], [ 110.327629999999743, -7.984189999999497 ], [ 110.326750000000118, -7.984329999999588 ], [ 110.325370000000447, -7.984080000000466 ], [ 110.32360999999942, -7.98374 ], [ 110.32234000000058, -7.984119999999446 ], [ 110.321260000000578, -7.984850000001011 ], [ 110.32013, -7.985580000000755 ], [ 110.319670000000741, -7.986349999999492 ], [ 110.31912, -7.986940000000983 ], [ 110.317989999999511, -7.987849999999821 ], [ 110.317150000000723, -7.988310000000927 ], [ 110.3166, -7.988820000000766 ], [ 110.3161, -7.989600000001067 ], [ 110.3148, -7.990400000000861 ], [ 110.313410000000601, -7.991099999999557 ], [ 110.308460000000153, -7.993850000001045 ], [ 110.307619999999559, -7.994520000000474 ], [ 110.306360000000467, -7.995940000000995 ], [ 110.30573, -7.996859999999564 ], [ 110.304850000000414, -7.997729999999438 ], [ 110.304089999999618, -7.998439999999676 ], [ 110.30393, -7.997030000000718 ], [ 110.30398000000055, -7.996359999999465 ], [ 110.304099999999337, -7.994960000000281 ], [ 110.30453999999915, -7.993510000000513 ], [ 110.304899999999137, -7.992070000000509 ], [ 110.304889999999389, -7.991000000000261 ], [ 110.304700000000551, -7.989830000000712 ], [ 110.304599999999439, -7.98839000000071 ], [ 110.305150000000111, -7.988020000000986 ], [ 110.30676999999919, -7.986670000000507 ], [ 110.306950000000114, -7.984780000000966 ], [ 110.30703, -7.98352 ], [ 110.306930000000619, -7.982609999999394 ], [ 110.307109999999696, -7.981630000000496 ], [ 110.307740000000152, -7.981529999999379 ], [ 110.308650000000824, -7.981430000000104 ], [ 110.30883, -7.98090000000075 ], [ 110.308730000000608, -7.979810000001008 ], [ 110.308740000000356, -7.978730000000996 ], [ 110.309540000000155, -7.977290000000994 ], [ 110.310079999999246, -7.976129999999388 ], [ 110.31034, -7.975039999999635 ], [ 110.310419999999766, -7.97351 ], [ 110.310320000000459, -7.971890000000995 ], [ 110.311499999999754, -7.970810000000992 ], [ 110.31322999999972, -7.971429999999896 ], [ 110.315140000000568, -7.972040000000834 ], [ 110.31696, -7.972200000000428 ], [ 110.318769999999816, -7.97229 ], [ 110.320410000000223, -7.972630000000489 ], [ 110.321229999999531, -7.973519999999822 ], [ 110.321509999999734, -7.974420000000731 ], [ 110.32192000000029, -7.975160000000227 ] ] ] } },
{ "type": "Feature", "properties": { "KECAMATAN": "Sanden", "DESA": "Gadingharjo", "Sektor": "Pundong" }, "geometry": { "type": "Polygon", "coordinates": [ [ [ 110.271489999999133, -7.97990000000054 ], [ 110.272129999999336, -7.981070000000116 ], [ 110.273499999999302, -7.98249000000059 ], [ 110.274419999999694, -7.984109999999695 ], [ 110.273880000000602, -7.985549999999698 ], [ 110.273349999999439, -7.987709999999686 ], [ 110.27282000000011, -7.990140000000158 ], [ 110.272469999999856, -7.992399999999449 ], [ 110.27275, -7.994100000000183 ], [ 110.272209999999134, -7.995810000000624 ], [ 110.27131, -7.996810000000823 ], [ 110.270220000000307, -7.997180000000589 ], [ 110.268589999999634, -7.997180000000593 ], [ 110.266859999999681, -7.997020000000989 ], [ 110.265310000000639, -7.99648999999981 ], [ 110.263740000000283, -7.995960000000465 ], [ 110.26411, -7.992179999999564 ], [ 110.264279999999374, -7.98993 ], [ 110.265180000000285, -7.988480000000255 ], [ 110.265719999999391, -7.98741 ], [ 110.26598, -7.986230000000716 ], [ 110.26579999999916, -7.985070000000914 ], [ 110.264160000000587, -7.984090000000205 ], [ 110.26296999999974, -7.98338 ], [ 110.262150000000432, -7.982570000000397 ], [ 110.262140000000684, -7.981229999999696 ], [ 110.262220000000497, -7.979520000001049 ], [ 110.262119999999356, -7.978260000000133 ], [ 110.261749999999623, -7.977090000000596 ], [ 110.261570000000532, -7.976380000000353 ], [ 110.261650000000344, -7.975479999999446 ], [ 110.261739999999875, -7.974850000000798 ], [ 110.261459999999687, -7.973949999999888 ], [ 110.261549999999218, -7.973229999999879 ], [ 110.262090000000114, -7.972869999999881 ], [ 110.26346, -7.97412000000102 ], [ 110.264289999999107, -7.9751 ], [ 110.265110000000249, -7.976170000000207 ], [ 110.266379999999074, -7.97625 ], [ 110.267289999999747, -7.975619999999526 ], [ 110.267830000000657, -7.97435000000069 ], [ 110.270360000000395, -7.97308 ], [ 110.271730000000346, -7.973340000000734 ], [ 110.2721, -7.974599999999825 ], [ 110.2721, -7.975940000000542 ], [ 110.271570000000764, -7.977209999999381 ], [ 110.271119999999385, -7.978559999999846 ], [ 110.271489999999133, -7.97990000000054 ] ] ] } },
{ "type": "Feature", "properties": { "KECAMATAN": "Kretek", "DESA": "Tirtosari", "Sektor": "Pundong" }, "geometry": { "type": "Polygon", "coordinates": [ [ [ 110.308740000000356, -7.978730000000996 ], [ 110.308730000000608, -7.979810000001008 ], [ 110.30883, -7.98090000000075 ], [ 110.308650000000824, -7.981430000000104 ], [ 110.307740000000152, -7.981529999999379 ], [ 110.307109999999696, -7.981630000000496 ], [ 110.306930000000619, -7.982609999999394 ], [ 110.30703, -7.98352 ], [ 110.306950000000114, -7.984780000000966 ], [ 110.30676999999919, -7.986670000000507 ], [ 110.305150000000111, -7.988020000000986 ], [ 110.304599999999439, -7.98839000000071 ], [ 110.304700000000551, -7.989830000000712 ], [ 110.304889999999389, -7.991000000000261 ], [ 110.304899999999137, -7.992070000000509 ], [ 110.30453999999915, -7.993510000000513 ], [ 110.304099999999337, -7.994960000000281 ], [ 110.30398000000055, -7.996359999999465 ], [ 110.302190000000294, -7.99443000000093 ], [ 110.300999999999419, -7.993450000000212 ], [ 110.299909999999684, -7.992910000001118 ], [ 110.298909999999509, -7.992920000000879 ], [ 110.298269999999292, -7.993549999999503 ], [ 110.297459999999731, -7.994100000000187 ], [ 110.296549999999073, -7.994020000000378 ], [ 110.2952700000005, -7.992770000001021 ], [ 110.294449999999358, -7.991609999999409 ], [ 110.293170000000785, -7.99036 ], [ 110.291440000000847, -7.990190000000707 ], [ 110.289349999999075, -7.990120000000647 ], [ 110.288169999999766, -7.99022 ], [ 110.286809999999576, -7.990400000000863 ], [ 110.28708, -7.989589999999498 ], [ 110.287070000000256, -7.988600000000858 ], [ 110.287430000000285, -7.987610000000398 ], [ 110.287879999999817, -7.987160000000864 ], [ 110.28888, -7.987330000000199 ], [ 110.289790000000679, -7.987230000000929 ], [ 110.290240000000239, -7.986600000000482 ], [ 110.290230000000491, -7.985440000000656 ], [ 110.290590000000492, -7.984440000000463 ], [ 110.29277, -7.984249999999814 ], [ 110.29413000000018, -7.983790000000498 ], [ 110.295669999999475, -7.982599999999638 ], [ 110.297389999999695, -7.981420000000353 ], [ 110.299290000000809, -7.980330000000592 ], [ 110.300740000000559, -7.979509999999479 ], [ 110.302369999999385, -7.978960000000651 ], [ 110.304089999999618, -7.978590000000904 ], [ 110.307179999999747, -7.978660000000945 ], [ 110.30826999999951, -7.978649999999368 ], [ 110.308740000000356, -7.978730000000996 ] ] ] } },
{ "type": "Feature", "properties": { "KECAMATAN": "Kretek", "DESA": "Parangtritis", "Sektor": "Pundong" }, "geometry": { "type": "Polygon", "coordinates": [ [ [ 110.33136, -7.999159999999664 ], [ 110.33148000000071, -8.000870000000123 ], [ 110.331299999999786, -8.002670000000148 ], [ 110.331309999999547, -8.004199999999672 ], [ 110.331410000000645, -8.00591000000013 ], [ 110.33151, -8.00726000000061 ], [ 110.331790000000154, -8.00887 ], [ 110.332350000000545, -8.010660000000183 ], [ 110.332270000000747, -8.011930000000852 ], [ 110.332449999999852, -8.013269999999737 ], [ 110.333370000000258, -8.014520000000907 ], [ 110.333919999999083, -8.015600000000916 ], [ 110.33475, -8.016850000000259 ], [ 110.335750000000147, -8.018099999999603 ], [ 110.336300000000804, -8.01909 ], [ 110.337489999999846, -8.020249999999853 ], [ 110.338040000000504, -8.021500000001035 ], [ 110.33878, -8.02248 ], [ 110.339330000000672, -8.02392 ], [ 110.339700000000406, -8.024729999999465 ], [ 110.339980000000608, -8.025890000001079 ], [ 110.341809999999867, -8.029469999999787 ], [ 110.341560000000712, -8.029329999999677 ], [ 110.341440000000134, -8.029130000001077 ], [ 110.341150000000169, -8.028829999999571 ], [ 110.340949999999751, -8.028650000000479 ], [ 110.340640000000306, -8.028500000000633 ], [ 110.340389999999346, -8.028350000000778 ], [ 110.34022, -8.02824 ], [ 110.339949999999561, -8.028099999999807 ], [ 110.339690000000658, -8.027990000000772 ], [ 110.339369999999647, -8.027870000000167 ], [ 110.339270000000383, -8.027840000000927 ], [ 110.338659999999408, -8.027669999999784 ], [ 110.338209999999862, -8.027609999999473 ], [ 110.337760000000316, -8.027529999999683 ], [ 110.33734, -8.027420000000635 ], [ 110.336779999999607, -8.027210000000476 ], [ 110.336489999999657, -8.02705000000088 ], [ 110.336090000000652, -8.026770000000676 ], [ 110.335880000000515, -8.026620000000825 ], [ 110.335429999999135, -8.026379999999627 ], [ 110.335150000000752, -8.026260000000837 ], [ 110.334790000000751, -8.026140000000211 ], [ 110.33446, -8.026040000000924 ], [ 110.33407000000075, -8.025980000000613 ], [ 110.333500000000598, -8.025830000000783 ], [ 110.332969999999435, -8.02568000000093 ], [ 110.332410000000863, -8.025490000000278 ], [ 110.332109999999346, -8.025400000000721 ], [ 110.33160999999923, -8.025369999999658 ], [ 110.331, -8.025260000000637 ], [ 110.330679999999077, -8.025180000000828 ], [ 110.330519999999495, -8.025079999999718 ], [ 110.33043, -8.025030000000966 ], [ 110.330229999999545, -8.024910000000363 ], [ 110.330019999999394, -8.024810000001096 ], [ 110.32966999999914, -8.024649999999662 ], [ 110.32950999999953, -8.024569999999851 ], [ 110.329379999999176, -8.024470000000564 ], [ 110.328550000000135, -8.02420999999987 ], [ 110.32827999999968, -8.024160000001121 ], [ 110.327839999999881, -8.02406999999975 ], [ 110.32766000000079, -8.024030000000764 ], [ 110.327380000000588, -8.023929999999668 ], [ 110.326999999999288, -8.023820000000613 ], [ 110.326559999999489, -8.023670000000763 ], [ 110.326150000000737, -8.023540000000429 ], [ 110.32575, -8.023440000001129 ], [ 110.325249999999812, -8.02341 ], [ 110.324619999999385, -8.02341 ], [ 110.324360000000496, -8.023359999999512 ], [ 110.323490000000646, -8.022900000000208 ], [ 110.322879999999685, -8.022610000000277 ], [ 110.322669999999519, -8.02255999999972 ], [ 110.322439999999887, -8.022510000000976 ], [ 110.322079999999872, -8.022460000000406 ], [ 110.321799999999669, -8.022450000000658 ], [ 110.32157, -8.022400000000102 ], [ 110.321299999999582, -8.022310000000559 ], [ 110.321120000000491, -8.022269999999752 ], [ 110.32092, -8.022170000000461 ], [ 110.32078, -8.022090000000674 ], [ 110.320359999999681, -8.021860000001022 ], [ 110.319439999999275, -8.021440000000698 ], [ 110.31891, -8.021320000000109 ], [ 110.318370000000826, -8.021210000001073 ], [ 110.317619999999764, -8.021160000000506 ], [ 110.317440000000701, -8.021119999999705 ], [ 110.31690999999951, -8.020969999999869 ], [ 110.316549999999523, -8.020850000001047 ], [ 110.316409999999408, -8.020829999999748 ], [ 110.315839999999255, -8.020780000001015 ], [ 110.315479999999255, -8.02068999999965 ], [ 110.315210000000619, -8.02066000000039 ], [ 110.31503999999947, -8.020640000000924 ], [ 110.314909999999117, -8.020600000000101 ], [ 110.314510000000112, -8.020339999999402 ], [ 110.314379999999773, -8.020249999999862 ], [ 110.313899999999165, -8.019950000000177 ], [ 110.313029999999301, -8.01960999999967 ], [ 110.311279999999883, -8.019150000000369 ], [ 110.311159999999234, -8.019099999999819 ], [ 110.310610000000437, -8.019060000000819 ], [ 110.310419999999766, -8.019050000001059 ], [ 110.310320000000459, -8.019050000001082 ], [ 110.309639999999447, -8.019039999999478 ], [ 110.30942999999931, -8.019039999999475 ], [ 110.309110000000132, -8.018920000000723 ], [ 110.308870000000724, -8.018840000000891 ], [ 110.308569999999193, -8.018739999999807 ], [ 110.308380000000355, -8.018630000000755 ], [ 110.307800000000455, -8.018110000001171 ], [ 110.307650000000621, -8.017970000001055 ], [ 110.30755999999927, -8.017900000001013 ], [ 110.306979999999356, -8.017620000000809 ], [ 110.30613000000082, -8.017420000000408 ], [ 110.305570000000401, -8.017379999999598 ], [ 110.304860000000161, -8.017410000000671 ], [ 110.304449999999605, -8.017420000000405 ], [ 110.303739999999351, -8.017309999999551 ], [ 110.302939999999566, -8.017060000000402 ], [ 110.301779999999752, -8.016700000000405 ], [ 110.301450000000813, -8.016589999999542 ], [ 110.300129999999598, -8.01607 ], [ 110.299880000000456, -8.015990000000148 ], [ 110.299720000000846, -8.015910000000344 ], [ 110.299510000000694, -8.015840000000306 ], [ 110.299189999999712, -8.01571 ], [ 110.298860000000758, -8.015579999999607 ], [ 110.29844000000044, -8.015460000000804 ], [ 110.298259999999544, -8.01542 ], [ 110.297029999999694, -8.015110000000554 ], [ 110.296459999999541, -8.015030000000754 ], [ 110.296329999999173, -8.01506 ], [ 110.296159999999844, -8.015120000000318 ], [ 110.295899999999122, -8.015149999999535 ], [ 110.295490000000399, -8.015110000000563 ], [ 110.294799999999611, -8.014970000000451 ], [ 110.293659999999335, -8.01456999999964 ], [ 110.293079999999421, -8.014330000000257 ], [ 110.292419999999737, -8.014219999999403 ], [ 110.291999999999405, -8.014040000000298 ], [ 110.291569999999368, -8.013849999999648 ], [ 110.290859999999128, -8.013660000000826 ], [ 110.290559999999431, -8.013569999999449 ], [ 110.29003, -8.013409999999849 ], [ 110.289640000000844, -8.01326 ], [ 110.289430000000678, -8.013160000000706 ], [ 110.289249999999782, -8.013090000000643 ], [ 110.28859, -8.012960000000303 ], [ 110.288189999999261, -8.012950000000551 ], [ 110.287099999999512, -8.012940000000805 ], [ 110.286920000000421, -8.012880000000496 ], [ 110.286490000000384, -8.012740000000395 ], [ 110.286350000000269, -8.012689999999862 ], [ 110.2855, -8.01225 ], [ 110.285309999999257, -8.012220000000804 ], [ 110.284690000000381, -8.012230000000564 ], [ 110.284410000000179, -8.01225 ], [ 110.28413, -8.012220000000799 ], [ 110.283600000000604, -8.012070000000948 ], [ 110.283279999999635, -8.011920000001096 ], [ 110.282199999999619, -8.011329999999653 ], [ 110.281909999999655, -8.0112200000006 ], [ 110.28158000000073, -8.011179999999786 ], [ 110.281109999999885, -8.011160000000286 ], [ 110.27979000000046, -8.011109999999729 ], [ 110.279270000000864, -8.011039999999664 ], [ 110.278770000000762, -8.010819999999809 ], [ 110.278550000000862, -8.010580000000411 ], [ 110.278340000000711, -8.010599999999885 ], [ 110.278109999999259, -8.01052 ], [ 110.277899999999093, -8.010410000001057 ], [ 110.277729999999764, -8.008920000000497 ], [ 110.279860000000511, -8.009669999999756 ], [ 110.281600000000211, -8.00995 ], [ 110.283229999999051, -8.00983000000114 ], [ 110.285219999999725, -8.009710000000549 ], [ 110.287580000000119, -8.0098 ], [ 110.289000000000655, -8.009959999999685 ], [ 110.289969999999784, -8.01016 ], [ 110.291149999999078, -8.009889999999633 ], [ 110.291800000000833, -8.009360000000296 ], [ 110.292859999999521, -8.008840000000694 ], [ 110.29334999999989, -8.008550000000733 ], [ 110.29457, -8.008519999999686 ], [ 110.295060000000333, -8.008519999999688 ], [ 110.29572, -8.008060000000386 ], [ 110.296350000000487, -8.007670000001145 ], [ 110.29692000000064, -8.007330000000636 ], [ 110.297319999999644, -8.006840000000301 ], [ 110.297790000000504, -8.006180000000588 ], [ 110.298000000000641, -8.005559999999878 ], [ 110.298629999999292, -8.00481000000064 ], [ 110.29939, -8.00397 ], [ 110.299779999999345, -8.003320000000105 ], [ 110.300390000000291, -8.002189999999514 ], [ 110.301789999999485, -8.000480000000874 ], [ 110.304089999999618, -7.998439999999676 ], [ 110.304850000000414, -7.997729999999438 ], [ 110.30573, -7.996859999999564 ], [ 110.306360000000467, -7.995940000000995 ], [ 110.307619999999559, -7.994520000000474 ], [ 110.308460000000153, -7.993850000001045 ], [ 110.313410000000601, -7.991099999999557 ], [ 110.3148, -7.990400000000861 ], [ 110.3161, -7.989600000001067 ], [ 110.3166, -7.988820000000766 ], [ 110.317150000000723, -7.988310000000927 ], [ 110.318520000000689, -7.990799999999866 ], [ 110.31934, -7.992500000000589 ], [ 110.320170000000815, -7.993399999999654 ], [ 110.321260000000578, -7.994290000000835 ], [ 110.321719999999871, -7.995180000000192 ], [ 110.321550000000542, -7.996359999999464 ], [ 110.322550000000746, -7.99689000000062 ], [ 110.323909999999103, -7.996880000000871 ], [ 110.325639999999083, -7.997040000000476 ], [ 110.327180000000212, -7.997040000000472 ], [ 110.328999999999709, -7.997380000000986 ], [ 110.330369999999633, -7.998270000000312 ], [ 110.33136, -7.999159999999664 ] ] ] } },
{ "type": "Feature", "properties": { "KECAMATAN": "Kretek", "DESA": "Tirtohargo", "Sektor": "Pundong" }, "geometry": { "type": "Polygon", "coordinates": [ [ [ 110.286809999999576, -7.990400000000863 ], [ 110.288169999999766, -7.99022 ], [ 110.289349999999075, -7.990120000000647 ], [ 110.291440000000847, -7.990190000000707 ], [ 110.293170000000785, -7.99036 ], [ 110.294449999999358, -7.991609999999409 ], [ 110.2952700000005, -7.992770000001021 ], [ 110.296549999999073, -7.994020000000378 ], [ 110.297459999999731, -7.994100000000187 ], [ 110.298269999999292, -7.993549999999503 ], [ 110.298909999999509, -7.992920000000879 ], [ 110.299909999999684, -7.992910000001118 ], [ 110.300999999999419, -7.993450000000212 ], [ 110.302190000000294, -7.99443000000093 ], [ 110.30398000000055, -7.996359999999465 ], [ 110.30393, -7.997030000000718 ], [ 110.304089999999618, -7.998439999999676 ], [ 110.301789999999485, -8.000480000000874 ], [ 110.300390000000291, -8.002189999999514 ], [ 110.299779999999345, -8.003320000000105 ], [ 110.29939, -8.00397 ], [ 110.298629999999292, -8.00481000000064 ], [ 110.298000000000641, -8.005559999999878 ], [ 110.297790000000504, -8.006180000000588 ], [ 110.297319999999644, -8.006840000000301 ], [ 110.29692000000064, -8.007330000000636 ], [ 110.296350000000487, -8.007670000001145 ], [ 110.29572, -8.008060000000386 ], [ 110.295060000000333, -8.008519999999688 ], [ 110.29457, -8.008519999999686 ], [ 110.29334999999989, -8.008550000000733 ], [ 110.292859999999521, -8.008840000000694 ], [ 110.291800000000833, -8.009360000000296 ], [ 110.291149999999078, -8.009889999999633 ], [ 110.289969999999784, -8.01016 ], [ 110.289000000000655, -8.009959999999685 ], [ 110.287580000000119, -8.0098 ], [ 110.285219999999725, -8.009710000000549 ], [ 110.283229999999051, -8.00983000000114 ], [ 110.281600000000211, -8.00995 ], [ 110.279860000000511, -8.009669999999756 ], [ 110.277729999999764, -8.008920000000497 ], [ 110.277449999999561, -8.00656 ], [ 110.277899999999093, -8.005569999999626 ], [ 110.278990000000675, -8.004660000000809 ], [ 110.280070000000663, -8.003759999999899 ], [ 110.281070000000867, -8.002850000001041 ], [ 110.281880000000427, -8.00167 ], [ 110.282779999999519, -7.999959999999469 ], [ 110.283589999999037, -7.99861000000084 ], [ 110.28413, -7.99753000000083 ], [ 110.28465999999932, -7.996440000001056 ], [ 110.284840000000216, -7.99519 ], [ 110.28492, -7.993829999999703 ], [ 110.285099999999119, -7.99266000000018 ], [ 110.285180000000722, -7.991309999999714 ], [ 110.285359999999812, -7.990410000000607 ], [ 110.285809999999387, -7.990050000000632 ], [ 110.286809999999576, -7.990400000000863 ] ] ] } }
]
}
